Student_Index,Model,Top5_Importance_Coverage,Actionable_or_Semi_Actionable_Share,Top5_Actionability_Complete
0,Logistic Regression,0.7028127363428162,0.7867886785159005,True
3,Logistic Regression,0.4712698375740973,0.45939223867223444,True
6,Logistic Regression,0.6387108925289421,0.7058786575912906,True
17,Logistic Regression,0.6221607108851326,0.6643523436439739,True
22,Logistic Regression,0.6051171576095415,0.6905673948769799,True
25,Logistic Regression,0.4690522641681942,0.4248126897378788,True
27,Logistic Regression,0.4250205911557485,0.516008968622471,True
35,Logistic Regression,0.6852548594398052,0.7224291995962927,True
47,Logistic Regression,0.6101790752708617,0.673725680518098,True
48,Logistic Regression,0.49384438674881415,0.5041011000289826,True
49,Logistic Regression,0.5166917489273103,0.49762545798101976,True
51,Logistic Regression,0.533183112945147,0.5798194020235385,True
62,Logistic Regression,0.7344133014947429,0.8498829271959899,True
67,Logistic Regression,0.5045217072988423,0.47777698681273006,True
72,Logistic Regression,0.7258796116210627,0.8126117112800794,True
80,Logistic Regression,0.5101000424782131,0.28213505284068074,True
89,Logistic Regression,0.6614463510476907,0.7349918587868677,True
90,Logistic Regression,0.7149718256491515,0.7870667191355768,True
110,Logistic Regression,0.5137358907618744,0.549394511387454,True
128,Logistic Regression,0.5260449729451787,0.5605186491908717,True
129,Logistic Regression,0.6413007113000554,0.6666686836173795,True
133,Logistic Regression,0.686129973387164,0.7044560777244097,True
137,Logistic Regression,0.5044532999657223,0.5878085303436774,True
140,Logistic Regression,0.5009236304336954,0.48625165855337615,True
145,Logistic Regression,0.5098846828148615,0.3021076778506392,True
161,Logistic Regression,0.6103233354135371,0.6749070084516852,True
164,Logistic Regression,0.4275471127205297,0.4873342520961422,True
167,Logistic Regression,0.4161572268925406,0.34688735275432764,True
169,Logistic Regression,0.6302961782305588,0.5894547870201557,True
171,Logistic Regression,0.6673534371996791,0.7027604066495248,True
180,Logistic Regression,0.8388648591109635,0.7836646958662998,True
187,Logistic Regression,0.5009674051724609,0.5562206097312792,True
191,Logistic Regression,0.6852523877907796,0.6829022543868057,True
192,Logistic Regression,0.690017244508938,0.7699388860956123,True
205,Logistic Regression,0.5288667611710598,0.24264012734679424,True
208,Logistic Regression,0.4069805960179512,0.4410652618255876,True
220,Logistic Regression,0.5210162106226222,0.6363654398229162,True
221,Logistic Regression,0.5173170637941393,0.4766373731187996,True
222,Logistic Regression,0.5622215182419666,0.5581376581616007,True
229,Logistic Regression,0.6075918174040896,0.7102038109268068,True
230,Logistic Regression,0.5270383212121258,0.5361547634194131,True
239,Logistic Regression,0.6517810118465966,0.6662820649835363,True
246,Logistic Regression,0.6005653398659604,0.6534334984798614,True
247,Logistic Regression,0.6459239229119104,0.6727951791672843,True
251,Logistic Regression,0.5405829459022625,0.5710917937122322,True
255,Logistic Regression,0.6553424474305342,0.7553007365923444,True
257,Logistic Regression,0.5075060423711264,0.48373125285126073,True
266,Logistic Regression,0.5875492360140446,0.6732930891146366,True
269,Logistic Regression,0.5644126013964662,0.6577876603021338,True
270,Logistic Regression,0.43873065879661804,0.4863841690193667,True
277,Logistic Regression,0.49589787040111294,0.5192164142291479,True
280,Logistic Regression,0.4776302291479402,0.5933540344602494,True
283,Logistic Regression,0.5206101332422306,0.5252295400209464,True
284,Logistic Regression,0.568014687575105,0.4024304519697285,True
285,Logistic Regression,0.503983844590875,0.4577755503953782,True
289,Logistic Regression,0.6880565498188248,0.7527074124913041,True
300,Logistic Regression,0.5052727856533014,0.5716622602699049,True
311,Logistic Regression,0.5576764175218085,0.3458461951274333,True
315,Logistic Regression,0.4577988509007133,0.6100465145139781,True
325,Logistic Regression,0.5405471152614686,0.47103858433098356,True
333,Logistic Regression,0.5129155235852383,0.5176399756371822,True
337,Logistic Regression,0.6486689032003669,0.7374064343091004,True
341,Logistic Regression,0.723371811457165,0.8098042653205733,True
346,Logistic Regression,0.7232476833453497,0.6720852250483206,True
360,Logistic Regression,0.5760171001414596,0.4530431635072795,True
363,Logistic Regression,0.5969934802475656,0.6628650336713747,True
367,Logistic Regression,0.5858776084028794,0.5961554608882567,True
380,Logistic Regression,0.561151821080998,0.5292840603410847,True
387,Logistic Regression,0.7005304204102512,0.6737770347296742,True
393,Logistic Regression,0.7089514561570556,0.7272688501188993,True
400,Logistic Regression,0.4543648798315898,0.45005997431770933,True
408,Logistic Regression,0.516628808186163,0.5380617670083637,True
417,Logistic Regression,0.6040756063291159,0.3956003131972299,True
429,Logistic Regression,0.41277238126052257,0.43202131514294,True
444,Logistic Regression,0.4189717529586419,0.4862750307586105,True
450,Logistic Regression,0.6119861338374956,0.7122567761784456,True
452,Logistic Regression,0.6357171452980297,0.6784585548039689,True
477,Logistic Regression,0.5855737062758667,0.6252331731829057,True
478,Logistic Regression,0.5995646169784747,0.6350288840229048,True
486,Logistic Regression,0.47686812923181193,0.48016044371006456,True
487,Logistic Regression,0.38524900082303687,0.3565276390255559,True
494,Logistic Regression,0.5444630938890246,0.4603216276886315,True
495,Logistic Regression,0.646850705975633,0.6719694344760936,True
496,Logistic Regression,0.6527990235510661,0.6872633977278717,True
506,Logistic Regression,0.47001125418816486,0.5657576262534147,True
507,Logistic Regression,0.5193083341573127,0.5256009262487964,True
513,Logistic Regression,0.6466207019901484,0.7418441002389711,True
531,Logistic Regression,0.6928696513062795,0.7638828218412596,True
534,Logistic Regression,0.6859822988205024,0.7679472474884376,True
535,Logistic Regression,0.44787870705768196,0.4728380860257376,True
540,Logistic Regression,0.6059850255103597,0.6489405914984824,True
541,Logistic Regression,0.5976776589642524,0.5862468597811045,True
542,Logistic Regression,0.5315690996238355,0.5549613207943598,True
544,Logistic Regression,0.4517664579068559,0.5284523120257169,True
545,Logistic Regression,0.5185460179333187,0.5523301250714323,True
548,Logistic Regression,0.4658600126930738,0.5782308444676566,True
564,Logistic Regression,0.5009946099807362,0.5135943874948569,True
567,Logistic Regression,0.4879113688437742,0.48967907886002027,True
573,Logistic Regression,0.49943314394801597,0.5370341494001827,True
574,Logistic Regression,0.7098369377219531,0.7946521702185111,True
618,Logistic Regression,0.6691340371986751,0.7412445644005555,True
623,Logistic Regression,0.6416774743318768,0.7340947513878917,True
625,Logistic Regression,0.5457769590487395,0.3245178574162573,True
629,Logistic Regression,0.4373503562847753,0.34044612666806595,True
636,Logistic Regression,0.5619938091650593,0.6531979990694821,True
641,Logistic Regression,0.5748811871460862,0.5733350442362015,True
644,Logistic Regression,0.7161808518786024,0.8076421005808858,True
647,Logistic Regression,0.41306944098694787,0.4231470980819666,True
659,Logistic Regression,0.7023851845693656,0.749989284658276,True
661,Logistic Regression,0.5116482768839076,0.49150553881991355,True
662,Logistic Regression,0.5153785799385424,0.5284825530653445,True
667,Logistic Regression,0.7643142306018956,0.7629819492425644,True
673,Logistic Regression,0.4765168827639598,0.549880574925488,True
677,Logistic Regression,0.5140986183482302,0.30468651412340453,True
678,Logistic Regression,0.6047900818400676,0.6522393129364905,True
681,Logistic Regression,0.4986503986322393,0.5490628187117045,True
685,Logistic Regression,0.6265790448178301,0.6099106135775463,True
689,Logistic Regression,0.6690891064673085,0.6878283648008806,True
696,Logistic Regression,0.4972546626288988,0.3620235855316093,True
698,Logistic Regression,0.5265242124606212,0.503380438571538,True
706,Logistic Regression,0.592193390026552,0.5582049237102,True
711,Logistic Regression,0.6520935951389778,0.7539336183958969,True
716,Logistic Regression,0.580404017923206,0.5984133874453375,True
721,Logistic Regression,0.5439901499543203,0.5343807418366257,True
730,Logistic Regression,0.6047393368651889,0.6243339847213696,True
734,Logistic Regression,0.6542014299364779,0.6343682881791343,True
744,Logistic Regression,0.5478773059696614,0.3684759983277406,True
748,Logistic Regression,0.6375438582918619,0.7113877399392686,True
750,Logistic Regression,0.4917765831655731,0.5898287388640567,True
757,Logistic Regression,0.6986227939099858,0.7109400994114131,True
760,Logistic Regression,0.7896269170518243,0.7421141232938389,True
764,Logistic Regression,0.7078346727014238,0.6946644213935241,True
774,Logistic Regression,0.38602318573289957,0.5163347188520564,True
779,Logistic Regression,0.5157016901937674,0.5185553432732182,True
780,Logistic Regression,0.517228550715697,0.5784381791969191,True
787,Logistic Regression,0.6031839433350322,0.7035423167366355,True
794,Logistic Regression,0.5594591798533447,0.5775182044851587,True
800,Logistic Regression,0.6258095106610218,0.6610810691212574,True
807,Logistic Regression,0.6868232531368197,0.6690735109041003,True
808,Logistic Regression,0.683189181247894,0.7601747364362543,True
810,Logistic Regression,0.6969078830802887,0.8162972613869313,True
818,Logistic Regression,0.6983082464851357,0.7718720880183069,True
823,Logistic Regression,0.5365342372560101,0.5619558420133296,True
835,Logistic Regression,0.5757408211913434,0.6239175486177672,True
839,Logistic Regression,0.45120244113486985,0.535611438054694,True
840,Logistic Regression,0.6844977606407732,0.8146629388297661,True
842,Logistic Regression,0.6157753809848768,0.7380569539487779,True
850,Logistic Regression,0.6398758098324652,0.6566807626560779,True
855,Logistic Regression,0.6843683407406477,0.6374132275980953,True
866,Logistic Regression,0.6211766886182694,0.7387430677663605,True
869,Logistic Regression,0.71303675146225,0.7982343153533954,True
872,Logistic Regression,0.7099776720965376,0.6885195930144056,True
874,Logistic Regression,0.42519419429181,0.4923451776419561,True
885,Logistic Regression,0.5845837020922077,0.5635967494992978,True
887,Logistic Regression,0.5802981241739561,0.4774078012378961,True
892,Logistic Regression,0.5868160535737286,0.6956917946418375,True
894,Logistic Regression,0.7598576542996263,0.797334320293604,True
896,Logistic Regression,0.5115175624228966,0.45983288308732206,True
902,Logistic Regression,0.6335757801994913,0.6865283110259772,True
905,Logistic Regression,0.6485849843771861,0.7143831018974414,True
906,Logistic Regression,0.703815149733078,0.7384505503139438,True
911,Logistic Regression,0.4004781263269004,0.5154963849504584,True
916,Logistic Regression,0.5645066644645446,0.6005796803339111,True
919,Logistic Regression,0.5095201112642123,0.42288640028601304,True
921,Logistic Regression,0.5050591720453809,0.4720067932305562,True
923,Logistic Regression,0.6235221725501137,0.606474453667801,True
924,Logistic Regression,0.5131354866021649,0.48659549029707266,True
930,Logistic Regression,0.6374106390013852,0.6485038268315607,True
933,Logistic Regression,0.5589341377725585,0.5592464573714919,True
939,Logistic Regression,0.5904345001127639,0.4880597534405329,True
946,Logistic Regression,0.5399046049421998,0.6469109429753015,True
955,Logistic Regression,0.6079252497082696,0.6172849053953564,True
958,Logistic Regression,0.4535229817618931,0.5157794853898606,True
962,Logistic Regression,0.518590581595793,0.4738970507247552,True
963,Logistic Regression,0.5990009914034237,0.6612681230591786,True
967,Logistic Regression,0.7238977728994616,0.6598808954005213,True
971,Logistic Regression,0.6590191509858082,0.6902121053967495,True
972,Logistic Regression,0.6756117692188468,0.7604322388840238,True
980,Logistic Regression,0.5936349502739972,0.4957143145738129,True
985,Logistic Regression,0.6136234324244751,0.6991216963209002,True
986,Logistic Regression,0.4732601972825452,0.46326434025678254,True
993,Logistic Regression,0.5165791727973055,0.5035057728951395,True
994,Logistic Regression,0.4033321048659587,0.3066999349123082,True
1003,Logistic Regression,0.5715337941636138,0.6309194503871256,True
1008,Logistic Regression,0.5640759691919687,0.6774641837666241,True
1012,Logistic Regression,0.45267757454965246,0.5647670288978908,True
1013,Logistic Regression,0.6956223771931006,0.7398097111537248,True
1027,Logistic Regression,0.42742291582666914,0.3673155204455517,True
1031,Logistic Regression,0.49739545027751497,0.36513704454606727,True
1041,Logistic Regression,0.5973024003456427,0.6872105562829867,True
1050,Logistic Regression,0.7309383134060099,0.8458615770341495,True
1054,Logistic Regression,0.6517385356564769,0.7420106953725683,True
1056,Logistic Regression,0.6514330235941563,0.7264295199641904,True
1059,Logistic Regression,0.648403790985214,0.720047574782676,True
1072,Logistic Regression,0.48895312730916995,0.3543776883696333,True
1075,Logistic Regression,0.5558927959595065,0.5448312223639993,True
1081,Logistic Regression,0.4809432833122981,0.41974119920574426,True
1086,Logistic Regression,0.490022850780773,0.5309983110528596,True
1088,Logistic Regression,0.5437032785638368,0.4340049843593683,True
1094,Logistic Regression,0.6398200201329669,0.6985234318752903,True
1100,Logistic Regression,0.3990722226535027,0.5717871924828041,True
1103,Logistic Regression,0.6327456900655409,0.6396368348956302,True
1105,Logistic Regression,0.7218296649230787,0.8080778546127289,True
1113,Logistic Regression,0.5768978864957708,0.5733148568207356,True
1118,Logistic Regression,0.5112865478602022,0.5653412307665329,True
1120,Logistic Regression,0.4200595874691469,0.4530701968797961,True
1127,Logistic Regression,0.618262394070925,0.6126149828701751,True
1135,Logistic Regression,0.6115410222700104,0.6134816393081155,True
1141,Logistic Regression,0.5167779344144645,0.5277833514202602,True
1150,Logistic Regression,0.5324269516803751,0.5310498967627049,True
1153,Logistic Regression,0.4068150924710103,0.42722517027720464,True
1157,Logistic Regression,0.5601157824969236,0.5844309317635978,True
1159,Logistic Regression,0.47220450490795235,0.5713134988254868,True
1162,Logistic Regression,0.5904595038718015,0.6892474662303434,True
1165,Logistic Regression,0.6090888023051727,0.6221883571313795,True
1168,Logistic Regression,0.5516914562795444,0.5789787488038961,True
1169,Logistic Regression,0.4090896433134985,0.4820507955900992,True
1175,Logistic Regression,0.4694068130052268,0.39786673220619795,True
1188,Logistic Regression,0.4727389825567759,0.47529667137224774,True
1189,Logistic Regression,0.5183578397844842,0.609315037230663,True
1192,Logistic Regression,0.7187233670949197,0.8317261109344991,True
1193,Logistic Regression,0.7243736502337542,0.6804933732661759,True
1197,Logistic Regression,0.5796752303197868,0.44090089036418,True
1201,Logistic Regression,0.4664572040158292,0.4005697039229368,True
1204,Logistic Regression,0.6472644183613625,0.6405565602371063,True
1206,Logistic Regression,0.7213942843718921,0.6960258183886963,True
1216,Logistic Regression,0.4242159262133155,0.3262482426257388,True
1218,Logistic Regression,0.6496991024272927,0.7335828169015977,True
1220,Logistic Regression,0.7236999477192292,0.8541731832154916,True
1222,Logistic Regression,0.623656439242079,0.7356525761813442,True
1224,Logistic Regression,0.6379868334910861,0.7277711762217891,True
1225,Logistic Regression,0.5240890653840949,0.6000374859950259,True
1226,Logistic Regression,0.5532992289074712,0.5710522628737351,True
1228,Logistic Regression,0.6622713150264026,0.7272835517903363,True
1232,Logistic Regression,0.5208481830311137,0.5511219017053202,True
1251,Logistic Regression,0.5447470830961021,0.5062039808058654,True
1252,Logistic Regression,0.4074523162687178,0.4603105389098635,True
1253,Logistic Regression,0.5449100388316229,0.49293232134870546,True
1262,Logistic Regression,0.6892496366251524,0.7330321612740683,True
1272,Logistic Regression,0.536413194020536,0.5329203712886342,True
1273,Logistic Regression,0.6784486542061923,0.6613952299351838,True
1282,Logistic Regression,0.7140255487118916,0.770113546022564,True
1286,Logistic Regression,0.4688774996392937,0.48925450718209196,True
1295,Logistic Regression,0.6446448728968847,0.6691695624548515,True
1299,Logistic Regression,0.4898191446093611,0.46685796431753085,True
1306,Logistic Regression,0.7216209971333841,0.7434846591927113,True
1317,Logistic Regression,0.5830162110228649,0.5406526314453522,True
1330,Logistic Regression,0.6361341665016913,0.7086386290134336,True
1331,Logistic Regression,0.6716528266703246,0.7475803701767487,True
1333,Logistic Regression,0.485742663245533,0.42727309552412895,True
1334,Logistic Regression,0.6583839001699775,0.6859001671307128,True
1335,Logistic Regression,0.589297803033078,0.3216235776149948,True
1337,Logistic Regression,0.6121336232468545,0.6656107512677664,True
1339,Logistic Regression,0.6284549942752812,0.7035999051052587,True
1351,Logistic Regression,0.5797901587441983,0.6723530972789461,True
1352,Logistic Regression,0.5547139907618582,0.627424297174512,True
1356,Logistic Regression,0.6481397141338561,0.553567734924612,True
1361,Logistic Regression,0.5672679844416435,0.6559955498783921,True
1362,Logistic Regression,0.7071390690688538,0.7752260851283581,True
1364,Logistic Regression,0.49886132767776664,0.5151264734550595,True
1370,Logistic Regression,0.5169622009667958,0.5331856740130262,True
1381,Logistic Regression,0.6950143295773463,0.7807995262400202,True
1386,Logistic Regression,0.7155587756578768,0.7925374231534156,True
1388,Logistic Regression,0.6370163648988958,0.709416495813761,True
1389,Logistic Regression,0.5558922451373873,0.6797415008686711,True
1390,Logistic Regression,0.6608713079778751,0.7581595171595984,True
1394,Logistic Regression,0.5573067970211056,0.4607228474420375,True
1395,Logistic Regression,0.5522641653272439,0.48908534556689287,True
1411,Logistic Regression,0.5581994340258793,0.5688973614842611,True
1415,Logistic Regression,0.4663493913301608,0.4095207560306059,True
1416,Logistic Regression,0.7094074493922953,0.7721585996831815,True
1420,Logistic Regression,0.4862534226796987,0.29482577888876277,True
1421,Logistic Regression,0.5224592112716204,0.6095621872414337,True
1422,Logistic Regression,0.5285646633748899,0.526916661113631,True
1426,Logistic Regression,0.4638602419133955,0.3648184088837323,True
1427,Logistic Regression,0.5786776352340123,0.6030211351785995,True
1436,Logistic Regression,0.6212552589363205,0.6769167866051998,True
1447,Logistic Regression,0.5374327159938822,0.6385951363240778,True
1453,Logistic Regression,0.531957845982332,0.5397273246124943,True
1463,Logistic Regression,0.6913982134716866,0.7358778603752664,True
1464,Logistic Regression,0.5111113568173377,0.39929147861158,True
1466,Logistic Regression,0.6773125168745145,0.7341643950399686,True
1471,Logistic Regression,0.422721556118279,0.3945778279516017,True
1473,Logistic Regression,0.6580250183526802,0.6711773566795475,True
1479,Logistic Regression,0.6625520833988983,0.7180355097294887,True
1484,Logistic Regression,0.5316473028723283,0.5277821421416574,True
1485,Logistic Regression,0.4559188190458453,0.43864359554931587,True
1487,Logistic Regression,0.46265440157544063,0.48120788006613874,True
1491,Logistic Regression,0.5528363670400442,0.4527133931517009,True
1493,Logistic Regression,0.39434361549417024,0.4488032789999346,True
1497,Logistic Regression,0.4211319622272307,0.4562490764910892,True
1506,Logistic Regression,0.4008661968064269,0.41859713589632286,True
1507,Logistic Regression,0.7271932679699256,0.814082330535109,True
1509,Logistic Regression,0.6584467223683986,0.715454354435075,True
1510,Logistic Regression,0.7373517010963434,0.8296905204850672,True
1513,Logistic Regression,0.5228722990237015,0.5161984175597684,True
1515,Logistic Regression,0.8318901603750175,0.7685157771574734,True
1523,Logistic Regression,0.39606423558034237,0.4134598636759124,True
1529,Logistic Regression,0.703226505371343,0.7755237174862869,True
1532,Logistic Regression,0.5436074157309354,0.2707479064266027,True
1535,Logistic Regression,0.4731323937957003,0.34757685500788343,True
1536,Logistic Regression,0.7105740487515189,0.7845247260795208,True
1539,Logistic Regression,0.6937829711341028,0.7800595531944988,True
1541,Logistic Regression,0.6627839581834972,0.6285293220309949,True
1544,Logistic Regression,0.5184321365941649,0.3380345393542696,True
1548,Logistic Regression,0.6292530621757747,0.7069934622560886,True
1568,Logistic Regression,0.5806104091870239,0.6496741115364777,True
1569,Logistic Regression,0.6362882880759411,0.6285116808506117,True
1572,Logistic Regression,0.6233477079996278,0.6463629694534997,True
1577,Logistic Regression,0.41205160639841726,0.3991170191955947,True
1581,Logistic Regression,0.5944732771595812,0.6258157650236716,True
1587,Logistic Regression,0.5943767668517136,0.6010419402502555,True
1593,Logistic Regression,0.6939012316513512,0.8592297315158061,True
1594,Logistic Regression,0.5257152076610381,0.5853580055533537,True
1595,Logistic Regression,0.44519904028904167,0.4560984578893004,True
1603,Logistic Regression,0.4501057749852621,0.39887203207906125,True
1607,Logistic Regression,0.6283439929136071,0.6753259506277737,True
1608,Logistic Regression,0.4760116280926361,0.48952410178456557,True
1609,Logistic Regression,0.5439877619593974,0.5815830687735883,True
1620,Logistic Regression,0.41855153584807864,0.5014962594902541,True
1621,Logistic Regression,0.49885281965932476,0.5895255877174785,True
1625,Logistic Regression,0.6763624973087173,0.6923003236502748,True
1629,Logistic Regression,0.6648067203697698,0.776413229219895,True
1630,Logistic Regression,0.47431201878748125,0.31435890130820326,True
1633,Logistic Regression,0.7219444666225002,0.6855508169812848,True
1634,Logistic Regression,0.48054057983030923,0.32604494382558674,True
1635,Logistic Regression,0.49125055494062114,0.5455611344462578,True
1636,Logistic Regression,0.507401758620799,0.4323605148399561,True
1637,Logistic Regression,0.6060975442231238,0.6846656242137965,True
1638,Logistic Regression,0.65107197115505,0.7606002508139247,True
1640,Logistic Regression,0.6872413590994577,0.7614175233898106,True
1646,Logistic Regression,0.7823149986185615,0.7984235283432716,True
1648,Logistic Regression,0.6015552528164619,0.6321093457310818,True
1651,Logistic Regression,0.6171609320425527,0.7206483754871399,True
1652,Logistic Regression,0.44831436935239444,0.5020608734254293,True
1666,Logistic Regression,0.5451396954773525,0.5073863216947533,True
1670,Logistic Regression,0.4464093612414557,0.4629711675940807,True
1671,Logistic Regression,0.47399166005293664,0.5367245445066876,True
1684,Logistic Regression,0.3907889607812932,0.45968804771828986,True
1687,Logistic Regression,0.6455544862923545,0.735764903754955,True
1695,Logistic Regression,0.5092838080616955,0.580016600254418,True
1699,Logistic Regression,0.5987563029881394,0.737103247289919,True
1709,Logistic Regression,0.49731434423183074,0.5080337029454628,True
1712,Logistic Regression,0.6434255550907801,0.6507276901592576,True
1714,Logistic Regression,0.49825369803557384,0.5096311651144355,True
1717,Logistic Regression,0.6042994433571478,0.680356623818242,True
1721,Logistic Regression,0.45969919838876766,0.4164844280708427,True
1722,Logistic Regression,0.7980775159230168,0.8151903804628703,True
1724,Logistic Regression,0.8594774484665441,0.7815241213350217,True
1726,Logistic Regression,0.7558004501405707,0.7186527692982531,True
1727,Logistic Regression,0.5201604781342863,0.37317107968958035,True
1740,Logistic Regression,0.510049536519973,0.4278881634451978,True
1741,Logistic Regression,0.5541155225631039,0.4828791463290535,True
1747,Logistic Regression,0.6966251366399434,0.728565704003013,True
1763,Logistic Regression,0.48746947726483,0.5111518703416164,True
1766,Logistic Regression,0.6236246359304654,0.7040456902469208,True
1771,Logistic Regression,0.5522587575041057,0.610891000245553,True
1786,Logistic Regression,0.619950831424762,0.6347588271723449,True
1794,Logistic Regression,0.495620703829359,0.5742992741846384,True
1799,Logistic Regression,0.6897915830938967,0.7526608224626274,True
1803,Logistic Regression,0.40541808551049646,0.4136786668684867,True
1813,Logistic Regression,0.4348247948043388,0.46017070388658043,True
1823,Logistic Regression,0.6360837498226192,0.6637320474661517,True
1825,Logistic Regression,0.4966181320715907,0.5277662830685536,True
1833,Logistic Regression,0.6433489419004879,0.72098271630039,True
1835,Logistic Regression,0.5866671403942108,0.5241763743540232,True
1841,Logistic Regression,0.6793454158163246,0.726444361046036,True
1846,Logistic Regression,0.3608078759450651,0.41943687075302727,True
1847,Logistic Regression,0.5646469305092104,0.4921911580503551,True
1849,Logistic Regression,0.4684998480847514,0.461845367882371,True
1850,Logistic Regression,0.7206446205653133,0.809593348481021,True
1851,Logistic Regression,0.4309057431971106,0.5547071603220248,True
1856,Logistic Regression,0.659835053652813,0.7361969699715953,True
1858,Logistic Regression,0.5040924000938584,0.547103464095368,True
1859,Logistic Regression,0.5949672903874543,0.6305241010603232,True
1860,Logistic Regression,0.6013341559592539,0.6907410216259745,True
1865,Logistic Regression,0.46502154777037685,0.4389613314340356,True
1878,Logistic Regression,0.6864222705340463,0.849968837515739,True
1879,Logistic Regression,0.5796791281069978,0.6485533263479681,True
1881,Logistic Regression,0.4676835920295956,0.4360519025318974,True
1886,Logistic Regression,0.5199339360566131,0.5905989157387639,True
1889,Logistic Regression,0.7467325776804601,0.8359563047409003,True
1897,Logistic Regression,0.6456758525424942,0.6292683623505475,True
1903,Logistic Regression,0.5047313817762008,0.5295470252200563,True
1906,Logistic Regression,0.6149078421625537,0.6488578634883866,True
1927,Logistic Regression,0.5107880698057542,0.5207791701205244,True
1929,Logistic Regression,0.6287377372541395,0.7155525112292104,True
1935,Logistic Regression,0.6716237932287201,0.7137582177444429,True
1946,Logistic Regression,0.6344570153655615,0.7081602126499792,True
1948,Logistic Regression,0.5126313763194449,0.5340220567682908,True
1950,Logistic Regression,0.7368824460892238,0.790269787680018,True
1953,Logistic Regression,0.5218314439484925,0.48598279055696125,True
1955,Logistic Regression,0.5676813060884865,0.48482974081879965,True
1971,Logistic Regression,0.5269389555407832,0.5973482193681744,True
1977,Logistic Regression,0.45096366601276633,0.3592363999829296,True
1979,Logistic Regression,0.500244624828109,0.5130131178085345,True
1989,Logistic Regression,0.41578307388106855,0.3857599962035247,True
2001,Logistic Regression,0.6379141284866393,0.6814511800913687,True
2002,Logistic Regression,0.46578174105621367,0.42102842080658653,True
2004,Logistic Regression,0.6132411369249469,0.6388402257961528,True
2005,Logistic Regression,0.46864209024165737,0.5207964611297363,True
2015,Logistic Regression,0.5526861154357405,0.48825664222587617,True
2016,Logistic Regression,0.48680372033372843,0.33240079909765,True
2021,Logistic Regression,0.7112141609241576,0.720753736602737,True
2033,Logistic Regression,0.6114112387818832,0.6438997151965482,True
2042,Logistic Regression,0.4839056392384043,0.4626719093897884,True
2048,Logistic Regression,0.6370300761447603,0.6989124421764755,True
2049,Logistic Regression,0.6161241337617673,0.7067965914717736,True
2050,Logistic Regression,0.43146583732285004,0.38307255114427713,True
2052,Logistic Regression,0.7529175557731379,0.78720834806748,True
2054,Logistic Regression,0.6565437327876079,0.7042245222408275,True
2056,Logistic Regression,0.7358547337751199,0.7897425878682546,True
2059,Logistic Regression,0.6373343437639012,0.6612181214324051,True
2083,Logistic Regression,0.5233806989644556,0.5603136462957221,True
2085,Logistic Regression,0.6826066469024109,0.7811179779632239,True
2094,Logistic Regression,0.6327265818707062,0.5876450835506571,True
2097,Logistic Regression,0.5340777070152263,0.5177860417964809,True
2098,Logistic Regression,0.613304272169304,0.7233342964702942,True
2102,Logistic Regression,0.6210965445205712,0.6732306425266935,True
2105,Logistic Regression,0.5849436895898384,0.6105088020514015,True
2106,Logistic Regression,0.5420964295297961,0.6206625974472151,True
2113,Logistic Regression,0.5988946067721809,0.6110407424473939,True
2119,Logistic Regression,0.7585451880752238,0.8491803509792796,True
2121,Logistic Regression,0.4793163790876707,0.5562490053635123,True
2127,Logistic Regression,0.619931358037304,0.7130831893447619,True
2130,Logistic Regression,0.407900944699922,0.5069587912822597,True
2134,Logistic Regression,0.6072465308382166,0.6901535743257176,True
2147,Logistic Regression,0.45318547191776776,0.39404319517516817,True
2148,Logistic Regression,0.45674615703806826,0.5686756703869135,True
2151,Logistic Regression,0.5018584069079307,0.5112553340121778,True
2152,Logistic Regression,0.6583755066653145,0.7062435138408605,True
2154,Logistic Regression,0.527668015418434,0.5620659015704044,True
2159,Logistic Regression,0.566889151357909,0.5408891253786322,True
2160,Logistic Regression,0.5971978484459224,0.719446596354595,True
2163,Logistic Regression,0.618224480250041,0.7136917162259689,True
2164,Logistic Regression,0.52836993182814,0.5672551322652248,True
2166,Logistic Regression,0.5917082775806425,0.7098838670256379,True
2169,Logistic Regression,0.5427679465786194,0.5936326545380534,True
2176,Logistic Regression,0.4688792172662813,0.5380459370624273,True
2179,Logistic Regression,0.5191846629766648,0.4982837938859355,True
2180,Logistic Regression,0.7431757006440441,0.8319744324178577,True
2183,Logistic Regression,0.7473121836456333,0.7464685708073376,True
2187,Logistic Regression,0.6297697463874627,0.6946706012722268,True
2203,Logistic Regression,0.6522373641467185,0.7301702818962242,True
2218,Logistic Regression,0.5146487364600852,0.5254660479557427,True
2220,Logistic Regression,0.6134174699230135,0.6669248273362198,True
2221,Logistic Regression,0.6118504936956731,0.6710581647114879,True
2227,Logistic Regression,0.6742047600374542,0.7242935371266082,True
2231,Logistic Regression,0.7275394529982618,0.8144698796600495,True
2236,Logistic Regression,0.5607177838816368,0.5777027187134245,True
2243,Logistic Regression,0.6501658582750487,0.7347950319913601,True
2244,Logistic Regression,0.5923724825441004,0.46926809676008624,True
2249,Logistic Regression,0.4852155633247545,0.46548389881892127,True
2250,Logistic Regression,0.5585168689768307,0.540963064055205,True
2251,Logistic Regression,0.7075309582571508,0.6892291148511817,True
2256,Logistic Regression,0.7398478661455185,0.7721102465912351,True
2266,Logistic Regression,0.6312018041367267,0.5391571990828081,True
2267,Logistic Regression,0.7003344080162107,0.7863528837100431,True
2268,Logistic Regression,0.4860111834540162,0.478782066518991,True
2270,Logistic Regression,0.587591746035707,0.6522164253573065,True
2271,Logistic Regression,0.4385814055921922,0.5256002238038767,True
2274,Logistic Regression,0.670682647693135,0.7508195096575967,True
2277,Logistic Regression,0.4537049905206508,0.4612082302221616,True
2286,Logistic Regression,0.4603117242380112,0.3749398046760748,True
2315,Logistic Regression,0.4740597215516092,0.4571407082268743,True
2325,Logistic Regression,0.643901224230897,0.6773221685496705,True
2326,Logistic Regression,0.6958072784139845,0.7324562756167536,True
2327,Logistic Regression,0.5913093725989627,0.5800954593213996,True
2330,Logistic Regression,0.5558829801483075,0.5736321432656788,True
2339,Logistic Regression,0.42807743067617016,0.5131999864517537,True
2341,Logistic Regression,0.4656849387971169,0.5424626830029666,True
2344,Logistic Regression,0.7050206081009088,0.7474474349105557,True
2345,Logistic Regression,0.6230058910309128,0.6855859893200257,True
2346,Logistic Regression,0.3844813969410374,0.481397881305552,True
2349,Logistic Regression,0.5406711124055432,0.3939416631930412,True
2355,Logistic Regression,0.49069274756673387,0.5639498151436465,True
2357,Logistic Regression,0.4467767342089967,0.34243981278620755,True
2363,Logistic Regression,0.676587385307322,0.7383042151186767,True
2364,Logistic Regression,0.378381437943993,0.43317934367971184,True
2380,Logistic Regression,0.554255112076946,0.515161706882652,True
2383,Logistic Regression,0.6799013904595756,0.7123970624202512,True
2384,Logistic Regression,0.6417988051361806,0.7114137630577901,True
2400,Logistic Regression,0.4455095199180959,0.346859959895938,True
2402,Logistic Regression,0.6485838050348058,0.7031092646822825,True
2405,Logistic Regression,0.5408563589567627,0.5433938012312145,True
2407,Logistic Regression,0.5803290534031067,0.725138383823664,True
2412,Logistic Regression,0.4614802004095997,0.39381935813994134,True
2413,Logistic Regression,0.5129032430111856,0.2674013410019418,True
2414,Logistic Regression,0.6533493139599147,0.6903905010785671,True
2418,Logistic Regression,0.7311785229607117,0.79494454924945,True
2419,Logistic Regression,0.4502063357105762,0.45328003484634405,True
2427,Logistic Regression,0.401305018900528,0.40128907249925944,True
2430,Logistic Regression,0.46578467456943895,0.4925194388404999,True
2431,Logistic Regression,0.4194292947700984,0.5073483375879438,True
2440,Logistic Regression,0.7353376640313194,0.8399470261177022,True
2443,Logistic Regression,0.696939870949762,0.6695902499942337,True
2447,Logistic Regression,0.4679406103947097,0.518590092951999,True
2448,Logistic Regression,0.6788506163787386,0.8015548278820293,True
2450,Logistic Regression,0.6885000127031072,0.8295729037857635,True
2453,Logistic Regression,0.717640169182454,0.7312569486869894,True
2465,Logistic Regression,0.6844529772509557,0.580185914707308,True
2467,Logistic Regression,0.484979428049862,0.48947516708048294,True
2470,Logistic Regression,0.608559365989677,0.46637431300911575,True
2476,Logistic Regression,0.8424595516916242,0.7934168153971191,True
2485,Logistic Regression,0.6227095211584653,0.5958966149175301,True
2486,Logistic Regression,0.6366589969971307,0.6434629986501287,True
2488,Logistic Regression,0.562422234219994,0.567883954433605,True
2496,Logistic Regression,0.7023598306053314,0.8127897841240441,True
2511,Logistic Regression,0.3702016820801055,0.40535154768617965,True
2512,Logistic Regression,0.664948405701305,0.7243283135030779,True
2514,Logistic Regression,0.44872465056841865,0.49551624623742907,True
2523,Logistic Regression,0.6732655797714718,0.664443109019514,True
2533,Logistic Regression,0.5766921795298358,0.4914318206840472,True
2539,Logistic Regression,0.5111265827717448,0.507248779530013,True
2542,Logistic Regression,0.6104214202804423,0.6790336059714505,True
2544,Logistic Regression,0.47376844849178934,0.47457224969326517,True
2549,Logistic Regression,0.6464207680368711,0.7157042011477166,True
2553,Logistic Regression,0.528178704593523,0.5730557279548245,True
2555,Logistic Regression,0.5600014804369098,0.6058684172349788,True
2561,Logistic Regression,0.6484827962923789,0.7101262156803971,True
2570,Logistic Regression,0.6205942387817313,0.7345717857597241,True
2571,Logistic Regression,0.6513428346170512,0.7137542745034353,True
2574,Logistic Regression,0.5375859628016064,0.5689860360344638,True
2578,Logistic Regression,0.4779921717918968,0.5190576287597326,True
2586,Logistic Regression,0.5347563494295055,0.6173901683679873,True
2589,Logistic Regression,0.48286339895151215,0.29422886646159546,True
2594,Logistic Regression,0.67048127160872,0.7228941908535573,True
2597,Logistic Regression,0.6960756977737238,0.805517615721123,True
2599,Logistic Regression,0.5277933039705982,0.31641939850346934,True
2606,Logistic Regression,0.44135336426047483,0.5216595189347938,True
2612,Logistic Regression,0.49411297506887586,0.48093291371177105,True
2624,Logistic Regression,0.5303239861247205,0.47197681901155003,True
2628,Logistic Regression,0.4504317598952366,0.539794084246241,True
2632,Logistic Regression,0.6350284814305661,0.7112559689173965,True
2634,Logistic Regression,0.4163706450498695,0.47374685136342004,True
2641,Logistic Regression,0.5440656723811038,0.5228486395921746,True
2645,Logistic Regression,0.7586483382103514,0.8492958260614872,True
2648,Logistic Regression,0.6131047001573068,0.5840213484171833,True
2649,Logistic Regression,0.4361590837822092,0.5354293559506176,True
2651,Logistic Regression,0.7044034470772058,0.6589072341445456,True
2671,Logistic Regression,0.4710530107210495,0.3938302387093519,True
2674,Logistic Regression,0.4734525174503585,0.5339305233919263,True
2681,Logistic Regression,0.6182932960521528,0.6412092365457561,True
2689,Logistic Regression,0.7341671575345362,0.7502652146559746,True
2691,Logistic Regression,0.45163780453349106,0.5079119808369967,True
2694,Logistic Regression,0.5555351219356817,0.5308586030736335,True
2698,Logistic Regression,0.6659688912603898,0.5650056651827231,True
2709,Logistic Regression,0.5871519531624072,0.595313088685826,True
2711,Logistic Regression,0.6304415163610929,0.6788355091099335,True
2723,Logistic Regression,0.6083194483053777,0.7034855111589253,True
2731,Logistic Regression,0.5463658769370364,0.5575529559214095,True
2734,Logistic Regression,0.46442006695600235,0.4770278419318097,True
2741,Logistic Regression,0.5358199942329522,0.3591083916866531,True
2743,Logistic Regression,0.5492424319686782,0.6158483961720138,True
2748,Logistic Regression,0.6235723373393228,0.7083511340647103,True
2750,Logistic Regression,0.7332380922307906,0.8222408295265553,True
2751,Logistic Regression,0.4881617673858825,0.5446307672735919,True
2756,Logistic Regression,0.7295961554055016,0.7515120804119637,True
2759,Logistic Regression,0.4434388424002482,0.37256767905209287,True
2764,Logistic Regression,0.5481434913610685,0.5377481965977843,True
2768,Logistic Regression,0.5070215222081691,0.5475714359587602,True
2783,Logistic Regression,0.5268357320408875,0.5133268231094549,True
2786,Logistic Regression,0.6061395514222828,0.568790195728083,True
2789,Logistic Regression,0.6588696138350743,0.8024217515754751,True
2791,Logistic Regression,0.5093664298772587,0.6052995607322891,True
2800,Logistic Regression,0.5608002694440416,0.619928142581556,True
2802,Logistic Regression,0.5221547331960249,0.5799995956800453,True
2830,Logistic Regression,0.46941965766073923,0.4696261789073383,True
2833,Logistic Regression,0.5872025047886391,0.604813893386658,True
2834,Logistic Regression,0.4269686917758496,0.5018235562893315,True
2848,Logistic Regression,0.7025555519829,0.6417755848710427,True
2851,Logistic Regression,0.5362178749657072,0.5747907682542576,True
2859,Logistic Regression,0.5078621113456454,0.1918568961683035,True
2868,Logistic Regression,0.42393960344623804,0.4577123673880896,True
2869,Logistic Regression,0.43756230490708503,0.34194703495883993,True
2875,Logistic Regression,0.7710863640195286,0.6885642062780777,True
2879,Logistic Regression,0.5523995430988099,0.37596147500081023,True
2889,Logistic Regression,0.44664669967658666,0.4670801695048167,True
2892,Logistic Regression,0.5520796816123092,0.6120974837853305,True
2902,Logistic Regression,0.5967692033434644,0.5992341541775983,True
2910,Logistic Regression,0.7165001572850644,0.7620136898723093,True
2930,Logistic Regression,0.5345423016692623,0.5382547455834675,True
2934,Logistic Regression,0.5852365297876362,0.5432835801248375,True
2935,Logistic Regression,0.5092679824753776,0.43418655491456,True
2939,Logistic Regression,0.6501020686704596,0.70113057975741,True
2941,Logistic Regression,0.6243015344737283,0.6484273658004376,True
2957,Logistic Regression,0.5919681914517134,0.5623344984563591,True
2961,Logistic Regression,0.5910390892215911,0.6707386534651811,True
2962,Logistic Regression,0.6541746209018459,0.6691992759890177,True
2969,Logistic Regression,0.5202844283868813,0.37010054811377013,True
2972,Logistic Regression,0.46168748771027296,0.5233052005426081,True
2979,Logistic Regression,0.5526783556008754,0.6826836444580323,True
2982,Logistic Regression,0.6490620640503406,0.7107288091603657,True
2987,Logistic Regression,0.4865411274331964,0.29494622174706453,True
2988,Logistic Regression,0.7639565541940012,0.8055160633710691,True
2991,Logistic Regression,0.6448422749818226,0.7292299461652924,True
2995,Logistic Regression,0.6081974532773761,0.6838602394643186,True
2997,Logistic Regression,0.4569941343661274,0.5144425263340487,True
3003,Logistic Regression,0.6277742388882118,0.6670932964693511,True
3004,Logistic Regression,0.4798372112694083,0.5962881891059395,True
3006,Logistic Regression,0.4430075856243333,0.4964200674210209,True
3014,Logistic Regression,0.6984705549323463,0.7811366391595265,True
3015,Logistic Regression,0.6332278807119146,0.6466319638927495,True
3018,Logistic Regression,0.43068476637035447,0.5348397465540027,True
3021,Logistic Regression,0.6614687724127336,0.74043852460176,True
3022,Logistic Regression,0.5406640115671253,0.40437351361733204,True
3030,Logistic Regression,0.7087256298657905,0.6807050878939725,True
3038,Logistic Regression,0.5368491736257307,0.5147732612541259,True
3049,Logistic Regression,0.4480287630825714,0.5823712024036186,True
3055,Logistic Regression,0.5696246019225969,0.6044420599448672,True
3065,Logistic Regression,0.7000227204781424,0.7845999617920181,True
3074,Logistic Regression,0.6410386945378596,0.6563908849497724,True
3090,Logistic Regression,0.5275646203707117,0.46878731966662435,True
3095,Logistic Regression,0.5091524416223487,0.505888390896403,True
3097,Logistic Regression,0.6488099420269398,0.639050222787849,True
3098,Logistic Regression,0.532515757817432,0.4220026262663145,True
3101,Logistic Regression,0.44539358932053247,0.46680952744389576,True
3102,Logistic Regression,0.5759233203869324,0.5977369813683567,True
3107,Logistic Regression,0.6798827775615848,0.7549115050313434,True
3121,Logistic Regression,0.6490381682086194,0.6888080714507883,True
3125,Logistic Regression,0.7408748319883413,0.6749123149511552,True
3134,Logistic Regression,0.5170737285330491,0.6233868248810135,True
3148,Logistic Regression,0.4903251958291824,0.49349918473608106,True
3159,Logistic Regression,0.6141520671197623,0.6259737780666017,True
3165,Logistic Regression,0.42667009687389046,0.5634295458455469,True
3169,Logistic Regression,0.5114027351148295,0.5526542476064492,True
3170,Logistic Regression,0.46710766003592413,0.624564417554232,True
3173,Logistic Regression,0.5532657194778685,0.513229896524895,True
3180,Logistic Regression,0.5157083176662834,0.6297892240287594,True
3183,Logistic Regression,0.46074231522933995,0.5269961923987656,True
3185,Logistic Regression,0.6669427634501202,0.7615763439957406,True
3188,Logistic Regression,0.7082868789459935,0.7700471006128097,True
3198,Logistic Regression,0.6502807788649391,0.6757802468103875,True
3201,Logistic Regression,0.5126036096124289,0.5161487699753765,True
3203,Logistic Regression,0.5317471926825144,0.5070974732432063,True
3205,Logistic Regression,0.6528023776881181,0.7456702445726294,True
3209,Logistic Regression,0.41290096100481455,0.3589410797214059,True
3218,Logistic Regression,0.6451065918073237,0.6389715744081793,True
3223,Logistic Regression,0.6937344531243267,0.8215787572031941,True
3235,Logistic Regression,0.6532746176642471,0.7057271955216646,True
3237,Logistic Regression,0.4746258608759142,0.5010257806653772,True
3239,Logistic Regression,0.5496875879004011,0.5732380651891761,True
3242,Logistic Regression,0.5998521282045762,0.5326049751814532,True
3252,Logistic Regression,0.6409503926208538,0.705290000664052,True
3259,Logistic Regression,0.49083367506397335,0.5246680352034467,True
3261,Logistic Regression,0.46817918346493564,0.5723932819506297,True
3262,Logistic Regression,0.6174629300599132,0.7175526524693608,True
3264,Logistic Regression,0.6850584072285463,0.5519306433049188,True
3274,Logistic Regression,0.6913388427495152,0.6514963185566564,True
3276,Logistic Regression,0.6668042816209826,0.5825958985551426,True
3277,Logistic Regression,0.4625481279111243,0.5797999730655505,True
3279,Logistic Regression,0.5179599842221219,0.4979370514570446,True
3282,Logistic Regression,0.6763681437073036,0.7070224307148958,True
3298,Logistic Regression,0.5256284776233205,0.5281828337696188,True
3301,Logistic Regression,0.6482001660045013,0.732511871107683,True
3324,Logistic Regression,0.6953234230102541,0.7784045007182976,True
3326,Logistic Regression,0.632367492373766,0.5768789863821774,True
3339,Logistic Regression,0.4282818323411279,0.4385627282844217,True
3340,Logistic Regression,0.6752347249032373,0.7374138834534767,True
3341,Logistic Regression,0.6049820189718212,0.6414777484408871,True
3350,Logistic Regression,0.5297446218280804,0.5066122820800452,True
3362,Logistic Regression,0.45834421897086813,0.5198401096190963,True
3365,Logistic Regression,0.7112867370762997,0.6734566743934826,True
3369,Logistic Regression,0.550241408926586,0.5169554225780586,True
3373,Logistic Regression,0.4580302037425069,0.5543539905192524,True
3382,Logistic Regression,0.5049926001323694,0.5791229092577942,True
3383,Logistic Regression,0.6227044611756775,0.6893118230105354,True
3385,Logistic Regression,0.5429275534103917,0.4663689898329189,True
3386,Logistic Regression,0.6817775983426252,0.7596335193703961,True
3390,Logistic Regression,0.6113521145937499,0.5923123397569159,True
3395,Logistic Regression,0.6889336289628524,0.7020819527247992,True
3402,Logistic Regression,0.49019338190434225,0.4583765823292995,True
3412,Logistic Regression,0.6963650632818602,0.7586031531886913,True
3423,Logistic Regression,0.40680435151496924,0.44482050939593304,True
3430,Logistic Regression,0.5531459266797145,0.680405437109963,True
3432,Logistic Regression,0.5337431591127335,0.5968238499622118,True
3440,Logistic Regression,0.5732242000189143,0.612528954570697,True
3461,Logistic Regression,0.4622196409162038,0.44356873375679795,True
3463,Logistic Regression,0.530479278356857,0.38047975257147004,True
3466,Logistic Regression,0.6667090789947467,0.7058549047301226,True
3469,Logistic Regression,0.5715215223178768,0.6743502912967425,True
3471,Logistic Regression,0.5831336578096491,0.5836765270718055,True
3476,Logistic Regression,0.7780439167428539,0.7677277644548243,True
3485,Logistic Regression,0.4217426740671759,0.3724148264665791,True
3487,Logistic Regression,0.6976933877976144,0.7441645126324649,True
3490,Logistic Regression,0.7223269374893481,0.8086345440479733,True
3496,Logistic Regression,0.6048905729399054,0.589601553264883,True
3505,Logistic Regression,0.6762950933545725,0.7656557463800457,True
3510,Logistic Regression,0.6590943105721552,0.7050449960620915,True
3518,Logistic Regression,0.5330776753540182,0.47953400532487817,True
3526,Logistic Regression,0.5812624259755195,0.5375892668803839,True
3533,Logistic Regression,0.569390316868587,0.6180094120607975,True
3545,Logistic Regression,0.4869570677218239,0.5272939037282236,True
3555,Logistic Regression,0.5306906039562795,0.527825300410708,True
3556,Logistic Regression,0.44016137081195883,0.3951458562730881,True
3559,Logistic Regression,0.4112070451511934,0.4748349881749533,True
3574,Logistic Regression,0.5054155118267984,0.5291116168460006,True
3575,Logistic Regression,0.5670534283312924,0.5017407881289158,True
3577,Logistic Regression,0.6054437216529415,0.7004602685878076,True
3581,Logistic Regression,0.6019214459577114,0.6749404668718039,True
3582,Logistic Regression,0.6547586272665258,0.7397842315397174,True
3583,Logistic Regression,0.5600577303331965,0.607932606603627,True
3590,Logistic Regression,0.6848311917214258,0.7614166926790913,True
3591,Logistic Regression,0.6230354234421307,0.7079800588773315,True
3592,Logistic Regression,0.6535590305924311,0.6146368243340113,True
3606,Logistic Regression,0.5853618212375613,0.41979168719631876,True
3612,Logistic Regression,0.5479951875143073,0.5662602538748134,True
3625,Logistic Regression,0.6450732397842244,0.6483325551728909,True
3628,Logistic Regression,0.7215063538920454,0.807715912596453,True
3630,Logistic Regression,0.5788687035228702,0.654853462517522,True
3633,Logistic Regression,0.5965895328576797,0.5844762542881191,True
3637,Logistic Regression,0.5978391012986054,0.5688853184204999,True
3642,Logistic Regression,0.4454303882193009,0.5043368844555827,True
3644,Logistic Regression,0.5473969441691389,0.5408089437459802,True
3657,Logistic Regression,0.5595067164935668,0.6154411928475824,True
3670,Logistic Regression,0.741263900778024,0.7773386727053642,True
3673,Logistic Regression,0.46274589724038917,0.4719694271261997,True
3677,Logistic Regression,0.6791895860708199,0.6985853163332288,True
3678,Logistic Regression,0.5130728507834765,0.6104824775025268,True
3681,Logistic Regression,0.45747804535658976,0.42337135348987986,True
3683,Logistic Regression,0.6649507688250282,0.8098278467059485,True
3690,Logistic Regression,0.41255227440698244,0.39500268877757166,True
3693,Logistic Regression,0.5688973364287414,0.6107963405798039,True
3699,Logistic Regression,0.6708216107973393,0.7485199071419404,True
3700,Logistic Regression,0.4278632926399701,0.4312954700516709,True
3707,Logistic Regression,0.7488650999542439,0.8383436325380984,True
3709,Logistic Regression,0.5032150639801598,0.5384057669538741,True
3713,Logistic Regression,0.7022727760054056,0.7555815495379568,True
3722,Logistic Regression,0.6571617671434968,0.7167610542884126,True
3727,Logistic Regression,0.40187180494676594,0.44366657936436843,True
3731,Logistic Regression,0.6398051196308782,0.6158221046336085,True
3733,Logistic Regression,0.43246212276340024,0.3820265720763384,True
3737,Logistic Regression,0.5932776566029603,0.5520057189525838,True
3742,Logistic Regression,0.4913235371982769,0.529968654535902,True
3744,Logistic Regression,0.6812561369086304,0.6575357232593251,True
3753,Logistic Regression,0.476794378998346,0.5132243084371236,True
3756,Logistic Regression,0.5193154727869955,0.25604333247189165,True
3757,Logistic Regression,0.6764203294443237,0.7250986111703545,True
3758,Logistic Regression,0.4150428444389594,0.4567047242825277,True
3760,Logistic Regression,0.8085122854367162,0.7281261441249754,True
3766,Logistic Regression,0.541200317685625,0.6103918563795107,True
3772,Logistic Regression,0.5207129857244035,0.5790565925228555,True
3778,Logistic Regression,0.5488186561792836,0.6098959973008321,True
3781,Logistic Regression,0.5291359528587216,0.6160001831226227,True
3782,Logistic Regression,0.6436759175990538,0.5764350344840214,True
3788,Logistic Regression,0.5609588631749647,0.4380300278044352,True
3794,Logistic Regression,0.6064767988888915,0.6616469289908784,True
3803,Logistic Regression,0.548738087956482,0.4819220100876165,True
3806,Logistic Regression,0.5376464169153088,0.5114081080905108,True
3819,Logistic Regression,0.7345164878428454,0.7968791800937854,True
3823,Logistic Regression,0.6156993832241461,0.5044002645761904,True
3827,Logistic Regression,0.45056725555669996,0.4005143837408684,True
3837,Logistic Regression,0.6363130873031323,0.6726944262862019,True
3841,Logistic Regression,0.4957102483209444,0.4624131091265805,True
3853,Logistic Regression,0.734073854007616,0.6751324756994004,True
3859,Logistic Regression,0.6553331224433621,0.6580860314594906,True
3861,Logistic Regression,0.6968495359282939,0.725917783163274,True
3867,Logistic Regression,0.5938461771867818,0.6805371281124694,True
3868,Logistic Regression,0.45399917809773993,0.4912451361604989,True
3873,Logistic Regression,0.7240311222142705,0.7600673213574919,True
3886,Logistic Regression,0.46094447370829883,0.5400077391192663,True
3902,Logistic Regression,0.43958160934399604,0.4864930064546271,True
3904,Logistic Regression,0.721819042661692,0.8085714599935652,True
3926,Logistic Regression,0.6289158895013411,0.6985432378753047,True
3934,Logistic Regression,0.6927208436303197,0.7653044190718851,True
3948,Logistic Regression,0.46658448563348764,0.3572178518801276,True
3949,Logistic Regression,0.4960547575113582,0.6248893371416728,True
3957,Logistic Regression,0.38025754129728057,0.48388126674421544,True
3959,Logistic Regression,0.5172208042709407,0.6313573530866459,True
3964,Logistic Regression,0.6886443801588078,0.6525096583992515,True
3970,Logistic Regression,0.45091383506488386,0.545287385166665,True
3973,Logistic Regression,0.6700009906986167,0.7471914219832018,True
3974,Logistic Regression,0.42248146076777954,0.5566763761128579,True
3975,Logistic Regression,0.6198223227235227,0.6620692110468814,True
3987,Logistic Regression,0.5170642655391134,0.5814781615947258,True
3994,Logistic Regression,0.7595011937888294,0.7844371656006219,True
3996,Logistic Regression,0.621054960121665,0.5243709010877389,True
3999,Logistic Regression,0.6432890587176527,0.6797992121576474,True
4003,Logistic Regression,0.488290587807621,0.5334239520213417,True
4008,Logistic Regression,0.7352351192543178,0.6877160275811527,True
4020,Logistic Regression,0.6897258310493157,0.7596987982654302,True
4021,Logistic Regression,0.587677325628679,0.5996013284590568,True
4023,Logistic Regression,0.48760276903252503,0.57396874949935,True
4027,Logistic Regression,0.5203348490841484,0.572621876550137,True
4030,Logistic Regression,0.529989142807312,0.47371243601087343,True
4032,Logistic Regression,0.6381581222467938,0.6789530066360872,True
4038,Logistic Regression,0.47977218515321735,0.5668836242722587,True
4041,Logistic Regression,0.5095456952135966,0.504086321795468,True
4054,Logistic Regression,0.4883900933003205,0.530809700041734,True
4061,Logistic Regression,0.5232978059260305,0.5023099302746754,True
4075,Logistic Regression,0.6854048798384407,0.7461531150478575,True
4078,Logistic Regression,0.44959916220736873,0.4571582749324166,True
4081,Logistic Regression,0.5527312398702277,0.605015256551632,True
4089,Logistic Regression,0.5609413401512895,0.530492914705492,True
4090,Logistic Regression,0.5142180999044397,0.2785804170996721,True
4093,Logistic Regression,0.5278944651436203,0.5191203237947056,True
4096,Logistic Regression,0.4530584040398068,0.44864089869265233,True
4101,Logistic Regression,0.5236204921132946,0.4737705374994812,True
4105,Logistic Regression,0.47397522488636973,0.5200733430466592,True
4110,Logistic Regression,0.6063565676940584,0.7382020940924903,True
4112,Logistic Regression,0.64308698983867,0.6686644105150225,True
4119,Logistic Regression,0.48831842590322394,0.38355987553590115,True
4124,Logistic Regression,0.4972509872452451,0.6243638284249529,True
4125,Logistic Regression,0.6384246639585108,0.724572315039428,True
4126,Logistic Regression,0.4806630923386018,0.5345750213628491,True
4128,Logistic Regression,0.5666505148222574,0.6643165401359976,True
4130,Logistic Regression,0.5994735466293517,0.6704859634863354,True
4133,Logistic Regression,0.4510533773830236,0.3455828164130348,True
4137,Logistic Regression,0.43712742701519025,0.3361840353302492,True
4140,Logistic Regression,0.58289029884647,0.6260900046387785,True
4146,Logistic Regression,0.409684297892187,0.38353146137162164,True
4149,Logistic Regression,0.7802527934616862,0.7313152403310207,True
4152,Logistic Regression,0.4414697504945464,0.4288200484408088,True
4159,Logistic Regression,0.49645542598161624,0.564675538242708,True
4161,Logistic Regression,0.583379666622188,0.512339029879478,True
4163,Logistic Regression,0.5183151924352621,0.4624920131758689,True
4175,Logistic Regression,0.6293901312012726,0.707565460429797,True
4177,Logistic Regression,0.4706374770258874,0.5276766457432333,True
4179,Logistic Regression,0.6545032949369838,0.7283866719640977,True
4188,Logistic Regression,0.40920684401620844,0.4594657644159794,True
4189,Logistic Regression,0.7339782173911515,0.7595049418477942,True
4195,Logistic Regression,0.4270967315705728,0.43275179564646105,True
4199,Logistic Regression,0.6230515595322352,0.7200742000146658,True
4206,Logistic Regression,0.4139413863370299,0.44733017442832385,True
4208,Logistic Regression,0.7201572315548209,0.8259852416788728,True
4215,Logistic Regression,0.6783838599415527,0.8173839625124073,True
4219,Logistic Regression,0.5175375382714468,0.45472880990456455,True
4220,Logistic Regression,0.6479119544430159,0.6526738039299157,True
4221,Logistic Regression,0.49128216835589594,0.5375139341187786,True
4222,Logistic Regression,0.5077902769484793,0.5024634620876528,True
4226,Logistic Regression,0.4664454087381347,0.4806206112412323,True
4227,Logistic Regression,0.5182578151913887,0.5323191352784432,True
4233,Logistic Regression,0.5925367561511811,0.6842675064500342,True
4235,Logistic Regression,0.5072772431075561,0.44359034633661937,True
4242,Logistic Regression,0.6841104930121308,0.6790445963310273,True
4244,Logistic Regression,0.755721659179914,0.7585568257553484,True
4246,Logistic Regression,0.6755824324709941,0.700335390057234,True
4257,Logistic Regression,0.4491423991149133,0.5026464782420498,True
4261,Logistic Regression,0.6322567424702257,0.6223614861846232,True
4263,Logistic Regression,0.5698041447550952,0.548667648940401,True
4265,Logistic Regression,0.5166470332641557,0.45752726620444434,True
4268,Logistic Regression,0.43857532107530944,0.44175127181610396,True
4276,Logistic Regression,0.7188801567960111,0.7815762455008111,True
4278,Logistic Regression,0.5354348153951233,0.6259380353340526,True
4283,Logistic Regression,0.6976175114325253,0.7903480415109168,True
4284,Logistic Regression,0.5766294007905601,0.6345938002048839,True
4286,Logistic Regression,0.40817121372681153,0.4920321164516746,True
4288,Logistic Regression,0.6911500427677607,0.7192776776698484,True
4289,Logistic Regression,0.5176485259494291,0.4540860751082301,True
4290,Logistic Regression,0.7724452927193037,0.7531472214659668,True
4292,Logistic Regression,0.5944824120661716,0.5960515497929423,True
4294,Logistic Regression,0.7919754161271256,0.7508638300501884,True
4297,Logistic Regression,0.5578642992049053,0.4919025220865826,True
4298,Logistic Regression,0.6348614188349359,0.6670881367194748,True
4299,Logistic Regression,0.6890396537151361,0.741090475369854,True
4301,Logistic Regression,0.7367077199721875,0.8449678451664576,True
4305,Logistic Regression,0.41548641221881716,0.44554989168565395,True
4308,Logistic Regression,0.7357923867519872,0.8237089194585621,True
4311,Logistic Regression,0.6272551827965611,0.7058947983841491,True
4317,Logistic Regression,0.527364524317743,0.6218047464807631,True
4318,Logistic Regression,0.7395075087302085,0.7907423795758882,True
4319,Logistic Regression,0.5098611109931709,0.4788891193788315,True
4324,Logistic Regression,0.5802820344195025,0.6875053644953696,True
4326,Logistic Regression,0.5644150098887353,0.5839198960652855,True
4332,Logistic Regression,0.49491825535680223,0.4241672967880713,True
4336,Logistic Regression,0.6579941386659226,0.6940459539382803,True
4337,Logistic Regression,0.4483900689241839,0.5361330604461918,True
4338,Logistic Regression,0.46085772700134237,0.5184464964174611,True
4354,Logistic Regression,0.45160386818119036,0.42955736216110996,True
4356,Logistic Regression,0.6786399475381506,0.6843001596155477,True
4357,Logistic Regression,0.6485537939301711,0.6736207236298902,True
4366,Logistic Regression,0.42664604016929736,0.4976409942556692,True
4367,Logistic Regression,0.513413637112884,0.5258274308343928,True
4369,Logistic Regression,0.5370402938949197,0.5116311591949984,True
4372,Logistic Regression,0.6910647369949108,0.7262950223329419,True
4375,Logistic Regression,0.6320151398326366,0.701530845098939,True
4376,Logistic Regression,0.6431384888901549,0.6626419823897081,True
4377,Logistic Regression,0.7587038160486884,0.6773190661771255,True
4387,Logistic Regression,0.5501150178352574,0.5584610623587422,True
4389,Logistic Regression,0.49490107567366076,0.5389249034777361,True
4391,Logistic Regression,0.5457386698251643,0.5657043833592329,True
4392,Logistic Regression,0.46039711689810897,0.5390376515732793,True
4396,Logistic Regression,0.547978779445009,0.5743500194926822,True
4413,Logistic Regression,0.5953901730278436,0.6169720422136018,True
4415,Logistic Regression,0.5883073723801532,0.5673393605492343,True
0,Random Forest,0.544755278506044,0.7038718572939421,True
3,Random Forest,0.644276985093962,0.7510360034958424,True
6,Random Forest,0.5854992349516325,0.7404683160176656,True
17,Random Forest,0.5954960910174169,0.7414280622790348,True
22,Random Forest,0.6011570342652411,0.7268900162733057,True
25,Random Forest,0.5856910482609591,0.7113229452199207,True
27,Random Forest,0.472994686182337,0.6535793053943554,True
35,Random Forest,0.6451326064247199,0.7678995460912815,True
47,Random Forest,0.6302105937971912,0.7766152040510111,True
48,Random Forest,0.6610003970678086,0.7750448975955424,True
49,Random Forest,0.5431485150022646,0.7196432304774897,True
51,Random Forest,0.5882193324521935,0.685140123591684,True
62,Random Forest,0.5768937889741049,0.7586416205904042,True
67,Random Forest,0.6495473751496312,0.7661196234205732,True
72,Random Forest,0.5341880241724076,0.6706276802453348,True
80,Random Forest,0.5343474045646793,0.648263431293031,True
89,Random Forest,0.6784650775108784,0.7708180424579479,True
90,Random Forest,0.7439943922011981,0.7939852196179789,True
110,Random Forest,0.6147595530661903,0.748972529219084,True
128,Random Forest,0.6471815368453935,0.7904629399840782,True
129,Random Forest,0.5831960205513581,0.7090645308991984,True
133,Random Forest,0.7724736093498903,0.8620304728600896,True
137,Random Forest,0.6139954553184664,0.7908079431478482,True
140,Random Forest,0.571424166927998,0.7273341404974989,True
145,Random Forest,0.5535553476210021,0.5630068688365546,True
161,Random Forest,0.5758349573619737,0.7192728418161187,True
164,Random Forest,0.6482995298226225,0.7253229802719486,True
167,Random Forest,0.5182507483340729,0.5689711873074517,True
169,Random Forest,0.6682471440804507,0.7176092211990364,True
171,Random Forest,0.6576608859787452,0.8130958075808472,True
180,Random Forest,0.6163125188511918,0.720796179462689,True
187,Random Forest,0.5784118016257318,0.7444633316930035,True
191,Random Forest,0.7480363119308785,0.7941161742014892,True
192,Random Forest,0.7130408071628066,0.779450504841835,True
205,Random Forest,0.5067818475011405,0.3552562499524098,True
208,Random Forest,0.5490037567401138,0.6771668572326104,True
220,Random Forest,0.5012366458351688,0.6759328438871011,True
221,Random Forest,0.5580603919915954,0.6821610764943457,True
222,Random Forest,0.5914511776836373,0.6299135673930195,True
229,Random Forest,0.5855528374835475,0.7219935401721133,True
230,Random Forest,0.5833206506929096,0.681203558585655,True
239,Random Forest,0.643612439993661,0.702206308274176,True
246,Random Forest,0.5731919778031895,0.7529973773968317,True
247,Random Forest,0.7226566722263951,0.8150119735347945,True
251,Random Forest,0.5705638138607697,0.7229478153784711,True
255,Random Forest,0.6345486265275836,0.7628719754631427,True
257,Random Forest,0.6628969534926763,0.7891453079398575,True
266,Random Forest,0.5654183913038617,0.7359093750861901,True
269,Random Forest,0.5558283615383652,0.7370797691273904,True
270,Random Forest,0.5900155064124899,0.7569930517456634,True
277,Random Forest,0.6182214396715715,0.7118014738875975,True
280,Random Forest,0.48448452825909916,0.6960166895814978,True
283,Random Forest,0.5828422092244321,0.7528516607720369,True
284,Random Forest,0.5718733856535124,0.6150693710293316,True
285,Random Forest,0.6081698746746019,0.7471366528916912,True
289,Random Forest,0.577425043896831,0.7369415216950836,True
300,Random Forest,0.6674594161088484,0.7584837623193009,True
311,Random Forest,0.5251129388446975,0.41327656490273096,True
315,Random Forest,0.5989794199578942,0.6698671352393288,True
325,Random Forest,0.5854343016738202,0.6699174540315241,True
333,Random Forest,0.5906420498756839,0.7426324175012617,True
337,Random Forest,0.5956441200842328,0.7701946250897119,True
341,Random Forest,0.5263661874714192,0.638577514369456,True
346,Random Forest,0.6042816458989698,0.7091445047765285,True
360,Random Forest,0.603249106475681,0.6015109055870036,True
363,Random Forest,0.640486143247064,0.7564720885607258,True
367,Random Forest,0.6938826465155186,0.7514739639784793,True
380,Random Forest,0.5604945535658851,0.6740156768402478,True
387,Random Forest,0.4945543891464633,0.5209599856281104,True
393,Random Forest,0.7540507262805122,0.8268613857059857,True
400,Random Forest,0.49140071521155676,0.6654670505947683,True
408,Random Forest,0.6187961757140152,0.7484148824585093,True
417,Random Forest,0.559431784908575,0.6082173655599172,True
429,Random Forest,0.5485076844181731,0.6212437825768063,True
444,Random Forest,0.5471124366599616,0.6365639059662065,True
450,Random Forest,0.6015354931138575,0.7516267930763465,True
452,Random Forest,0.5656881059784372,0.6882825463017945,True
477,Random Forest,0.6291666230033086,0.7229405649008402,True
478,Random Forest,0.6319721363604724,0.6912734690895292,True
486,Random Forest,0.608383584854875,0.6976976554222487,True
487,Random Forest,0.5349646798388807,0.5243860552296221,True
494,Random Forest,0.5835643957632022,0.6583933457991921,True
495,Random Forest,0.7110351917289846,0.7436245199891088,True
496,Random Forest,0.6773426380295978,0.7605305013192886,True
506,Random Forest,0.5809898195274846,0.7174040305295096,True
507,Random Forest,0.5813255945425048,0.7148834320877552,True
513,Random Forest,0.708287957882666,0.8047741373403218,True
531,Random Forest,0.704600029527966,0.8503973591786324,True
534,Random Forest,0.5309367719998097,0.6591275951497564,True
535,Random Forest,0.557416335818528,0.5890491467745951,True
540,Random Forest,0.6101279225801715,0.6590194881929232,True
541,Random Forest,0.7200012251408778,0.7677253702702201,True
542,Random Forest,0.6332037409102712,0.7570136529955369,True
544,Random Forest,0.5046334587006607,0.6695528890664082,True
545,Random Forest,0.525898422880365,0.5658635997361225,True
548,Random Forest,0.5350021361462741,0.7243558316652811,True
564,Random Forest,0.6226386380624198,0.7576553395336979,True
567,Random Forest,0.5280630367902668,0.4776209927064617,True
573,Random Forest,0.5412963926270773,0.6611005476793322,True
574,Random Forest,0.5495673278525347,0.6932638320315951,True
618,Random Forest,0.5812676011976358,0.7262908900528325,True
623,Random Forest,0.5961895005818086,0.7897998842149656,True
625,Random Forest,0.6035104985433355,0.6492776473488485,True
629,Random Forest,0.5976874897591777,0.641877634584875,True
636,Random Forest,0.5848041968002196,0.7259951263680224,True
641,Random Forest,0.5988473157512358,0.6261918226138264,True
644,Random Forest,0.6525771482842618,0.8373389397281108,True
647,Random Forest,0.5567169355359309,0.6867302929830006,True
659,Random Forest,0.7594372683039785,0.8289493130403147,True
661,Random Forest,0.520098478518103,0.6045525535862688,True
662,Random Forest,0.6163407338127858,0.7564349672897764,True
667,Random Forest,0.6218942803004394,0.7563399138368062,True
673,Random Forest,0.5923702096359602,0.7220546113698925,True
677,Random Forest,0.4724961191304269,0.6020741582327052,True
678,Random Forest,0.680510717008499,0.7844818165165865,True
681,Random Forest,0.5877756101346402,0.7589539099050008,True
685,Random Forest,0.64513402183715,0.7018254663053599,True
689,Random Forest,0.6978076488278616,0.8006586327318114,True
696,Random Forest,0.5990020955026644,0.6264127524262392,True
698,Random Forest,0.579291933377543,0.6766029756158265,True
706,Random Forest,0.5882521232379656,0.7001726012387982,True
711,Random Forest,0.6446208575635465,0.7640552565818126,True
716,Random Forest,0.6349027630782753,0.6811269718919409,True
721,Random Forest,0.6237187877260646,0.7204231413234887,True
730,Random Forest,0.7187234545714841,0.8041597733742883,True
734,Random Forest,0.680603454246209,0.7249025801768664,True
744,Random Forest,0.5987214238247047,0.7128247581487298,True
748,Random Forest,0.6759336481908376,0.7285791799285998,True
750,Random Forest,0.549453840651022,0.6811178326120665,True
757,Random Forest,0.655403272840965,0.723969322939866,True
760,Random Forest,0.6584366088170283,0.7731958247373348,True
764,Random Forest,0.6280860791989494,0.7146291654630015,True
774,Random Forest,0.45683956537504317,0.6097676926959856,True
779,Random Forest,0.5942451595867089,0.7701901793363504,True
780,Random Forest,0.6178999538422406,0.7779931758050295,True
787,Random Forest,0.5721843277991674,0.7089060998177378,True
794,Random Forest,0.5445144875799882,0.6975982572731074,True
800,Random Forest,0.6826555245879082,0.7927012622692553,True
807,Random Forest,0.647036037823642,0.7168503269806202,True
808,Random Forest,0.6700421346653446,0.80976821733415,True
810,Random Forest,0.6519557252664677,0.8799013667867508,True
818,Random Forest,0.6977486094693481,0.8149183922980188,True
823,Random Forest,0.585799451215381,0.7658126488776051,True
835,Random Forest,0.5586783882417075,0.580419334270111,True
839,Random Forest,0.5928335785233885,0.7027165065407692,True
840,Random Forest,0.6699294797368958,0.7860680344573386,True
842,Random Forest,0.6146418504189307,0.7178282263227731,True
850,Random Forest,0.5662336166262489,0.6779589935627692,True
855,Random Forest,0.7647936535799545,0.8381955168125396,True
866,Random Forest,0.6536908115618093,0.7316772663783453,True
869,Random Forest,0.4850898843448222,0.5960555557241015,True
872,Random Forest,0.5561844100864012,0.5832898537420965,True
874,Random Forest,0.5851543278123226,0.7276572622019043,True
885,Random Forest,0.5453756820255947,0.43885172469852524,True
887,Random Forest,0.6156662337461127,0.6724597372985103,True
892,Random Forest,0.6158473544255909,0.7969398851285658,True
894,Random Forest,0.6056282833125444,0.6384499150776316,True
896,Random Forest,0.6515509830683478,0.7565263955097848,True
902,Random Forest,0.5605865552845084,0.6888676048947325,True
905,Random Forest,0.5547835508508144,0.7315893406912432,True
906,Random Forest,0.7724723282581732,0.8450367453613358,True
911,Random Forest,0.5832315936582484,0.6858926567811588,True
916,Random Forest,0.6347196574517314,0.6684609142025093,True
919,Random Forest,0.5869616595990451,0.7283969178931184,True
921,Random Forest,0.5947469624156979,0.7176180342703679,True
923,Random Forest,0.7071052651830906,0.749167567535423,True
924,Random Forest,0.5582696239737316,0.6559435639737148,True
930,Random Forest,0.6332898788244068,0.6839755595784945,True
933,Random Forest,0.705342479626555,0.6656207456352021,True
939,Random Forest,0.6619213658503341,0.6668318395240952,True
946,Random Forest,0.5848793734373622,0.7269204068769005,True
955,Random Forest,0.6744346534288224,0.7704303306238529,True
958,Random Forest,0.5739472456530911,0.7173046034441439,True
962,Random Forest,0.5856555310919764,0.6774802244495777,True
963,Random Forest,0.5874865695810924,0.6198361354747496,True
967,Random Forest,0.747500436656322,0.8075145333948198,True
971,Random Forest,0.7275421203038891,0.7753691182240091,True
972,Random Forest,0.7043433756892192,0.7830369310695563,True
980,Random Forest,0.5694248127175157,0.5676901026624184,True
985,Random Forest,0.5719195989620791,0.7002931308432209,True
986,Random Forest,0.5502937599952401,0.5747673123365192,True
993,Random Forest,0.5937439410963753,0.7200939608567267,True
994,Random Forest,0.5150155844888984,0.5680668852632673,True
1003,Random Forest,0.5255315487337493,0.6610485349944849,True
1008,Random Forest,0.5771683823611906,0.7394778347186738,True
1012,Random Forest,0.5322240884920473,0.7147216498092661,True
1013,Random Forest,0.6628970505481933,0.819104435357927,True
1027,Random Forest,0.5210328314187724,0.6812325540852774,True
1031,Random Forest,0.4545871720829143,0.6108983052553376,True
1041,Random Forest,0.5329559499322827,0.810673388684697,True
1050,Random Forest,0.49793339203478104,0.6295631310924255,True
1054,Random Forest,0.5844360377719258,0.734787969051547,True
1056,Random Forest,0.5555221730584937,0.7167788111246252,True
1059,Random Forest,0.5864133175852584,0.7290394849991272,True
1072,Random Forest,0.5654155065152686,0.6217245643392925,True
1075,Random Forest,0.6040630572462651,0.7368017659517917,True
1081,Random Forest,0.5252616378424488,0.703480804622894,True
1086,Random Forest,0.6324571914127428,0.7722739658761583,True
1088,Random Forest,0.5861379228524016,0.6333087601044084,True
1094,Random Forest,0.5930095116121107,0.7479878376156264,True
1100,Random Forest,0.5266384840762002,0.7221174099739152,True
1103,Random Forest,0.6767488231303774,0.740519620041361,True
1105,Random Forest,0.5467390666323279,0.6546948110444392,True
1113,Random Forest,0.5287664888958654,0.5230147746122018,True
1118,Random Forest,0.5760642938643216,0.666675728052321,True
1120,Random Forest,0.5491390241226836,0.6693451852260027,True
1127,Random Forest,0.7068174571451041,0.8257776571270948,True
1135,Random Forest,0.6805297266258727,0.7060928188072774,True
1141,Random Forest,0.49278733076706027,0.694608527710382,True
1150,Random Forest,0.5084832731536176,0.6583425267445197,True
1153,Random Forest,0.5428642860139857,0.6772514639068591,True
1157,Random Forest,0.6116753911067115,0.7776778467610899,True
1159,Random Forest,0.5448965309359556,0.7099300174399936,True
1162,Random Forest,0.5874635972129643,0.7479735630546218,True
1165,Random Forest,0.5954686136473386,0.7063180733858586,True
1168,Random Forest,0.6215006738719999,0.7811400124340943,True
1169,Random Forest,0.48689126868860805,0.6086660826314797,True
1175,Random Forest,0.487899432482676,0.612177451217078,True
1188,Random Forest,0.6125057286481941,0.6812225919241143,True
1189,Random Forest,0.5821943941397262,0.7456391129314549,True
1192,Random Forest,0.4806051289537125,0.6218395059477166,True
1193,Random Forest,0.5813079699602818,0.7044105858933809,True
1197,Random Forest,0.5363618905963453,0.639966635751673,True
1201,Random Forest,0.5947920495757651,0.7219189789816347,True
1204,Random Forest,0.6078606026771792,0.6523815506562384,True
1206,Random Forest,0.5288308955165122,0.6906187480844441,True
1216,Random Forest,0.5196392454301092,0.5804852625177993,True
1218,Random Forest,0.5691352485475667,0.7262612704024323,True
1220,Random Forest,0.5094538764960549,0.6816586040895273,True
1222,Random Forest,0.668544328851998,0.7775254175143291,True
1224,Random Forest,0.5599198522346585,0.7386498939598652,True
1225,Random Forest,0.6009348504789651,0.7598201289696385,True
1226,Random Forest,0.5908009541321265,0.6804653472161855,True
1228,Random Forest,0.5596990251463101,0.7146688558658217,True
1232,Random Forest,0.5689050259766015,0.6915546465364322,True
1251,Random Forest,0.6075412581364212,0.740158787563068,True
1252,Random Forest,0.5647553016608181,0.6704447315713646,True
1253,Random Forest,0.5133949867896804,0.6596861449268322,True
1262,Random Forest,0.6824070115551861,0.8367458910729821,True
1272,Random Forest,0.6434248045202201,0.6491201475293168,True
1273,Random Forest,0.717840635044912,0.810240649264839,True
1282,Random Forest,0.7113254809492333,0.8359436581334789,True
1286,Random Forest,0.590921125029101,0.6925127718756977,True
1295,Random Forest,0.7189303019338101,0.7972970768780784,True
1299,Random Forest,0.5668159193972553,0.6060992086998046,True
1306,Random Forest,0.6367823479046631,0.7931554706003966,True
1317,Random Forest,0.6322739096207862,0.693955559102246,True
1330,Random Forest,0.618508923942638,0.7876650592350213,True
1331,Random Forest,0.6252675538652896,0.7196700724874839,True
1333,Random Forest,0.5419016923407991,0.6537759533671087,True
1334,Random Forest,0.5740156709257943,0.6836766193465565,True
1335,Random Forest,0.5743171977772182,0.6932119268919451,True
1337,Random Forest,0.66852702903747,0.7926726630343406,True
1339,Random Forest,0.5906688148381697,0.7549851635609635,True
1351,Random Forest,0.6098627933985634,0.7549702376449879,True
1352,Random Forest,0.5522439967454091,0.6725514475402673,True
1356,Random Forest,0.68590189941519,0.6820667095400876,True
1361,Random Forest,0.5750253681761347,0.7485964398617116,True
1362,Random Forest,0.6744770394065202,0.78923043868509,True
1364,Random Forest,0.584811260881254,0.7049988453867487,True
1370,Random Forest,0.6293378145632343,0.7060344716859627,True
1381,Random Forest,0.695366224857854,0.8197818302110992,True
1386,Random Forest,0.7165315043421836,0.7994552036184278,True
1388,Random Forest,0.7381074041741873,0.8105915926654841,True
1389,Random Forest,0.4844722573680651,0.5986195423222506,True
1390,Random Forest,0.5740506856251462,0.7710365646300035,True
1394,Random Forest,0.6328638723786855,0.7276644768610291,True
1395,Random Forest,0.5791130939751932,0.7223498153768382,True
1411,Random Forest,0.5888732413255882,0.7265010774686329,True
1415,Random Forest,0.439439463804345,0.6068531120179068,True
1416,Random Forest,0.7102130261419652,0.8570940621167713,True
1420,Random Forest,0.5684590359057294,0.6128868246997327,True
1421,Random Forest,0.5392238935803563,0.6504552681059201,True
1422,Random Forest,0.586789229912292,0.7165274983924598,True
1426,Random Forest,0.5175137489334226,0.6585694116633493,True
1427,Random Forest,0.6815967481743651,0.7781324068892291,True
1436,Random Forest,0.511782940662448,0.6459555564045165,True
1447,Random Forest,0.5571206272829266,0.6520163646027829,True
1453,Random Forest,0.581865367407248,0.6580607044150153,True
1463,Random Forest,0.695809922734083,0.7790665798065302,True
1464,Random Forest,0.6281359828324117,0.7027586674763161,True
1466,Random Forest,0.7907327139561889,0.8291510378555176,True
1471,Random Forest,0.6386549014063685,0.6739343051237895,True
1473,Random Forest,0.698893716763095,0.8207592827429335,True
1479,Random Forest,0.7084850022577894,0.8097724892750989,True
1484,Random Forest,0.5721944941744961,0.6736494466779882,True
1485,Random Forest,0.5989826410148192,0.6779262336172291,True
1487,Random Forest,0.628187763725846,0.7011838040081925,True
1491,Random Forest,0.6220252449432354,0.6847952079797982,True
1493,Random Forest,0.5397226401481731,0.6091829435629319,True
1497,Random Forest,0.5904603733340871,0.7314945406687225,True
1506,Random Forest,0.5186717981852105,0.5909244936849997,True
1507,Random Forest,0.5381803317547963,0.674531731202342,True
1509,Random Forest,0.7045843355010167,0.8267797755770315,True
1510,Random Forest,0.7326960360756113,0.8593016727466295,True
1513,Random Forest,0.6472096590392916,0.7851548215607708,True
1515,Random Forest,0.5925889922061123,0.7126318816692088,True
1523,Random Forest,0.5564084438634946,0.6280399006712916,True
1529,Random Forest,0.7282415712343847,0.8004424524012145,True
1532,Random Forest,0.5605894186421323,0.6562199716938805,True
1535,Random Forest,0.5928854739813285,0.6940426263202629,True
1536,Random Forest,0.7092835991799751,0.7637180505078015,True
1539,Random Forest,0.7372139372495845,0.8222891321529607,True
1541,Random Forest,0.6787358469382908,0.7962613338495688,True
1544,Random Forest,0.49648957536220556,0.4590846575406499,True
1548,Random Forest,0.763981664589395,0.824370801480379,True
1568,Random Forest,0.5635357847854328,0.690044909807335,True
1569,Random Forest,0.6816782328616703,0.7992774222787271,True
1572,Random Forest,0.706747346037428,0.7912998398725802,True
1577,Random Forest,0.5360234765750077,0.5577667049459385,True
1581,Random Forest,0.5775934868070723,0.6656483899933373,True
1587,Random Forest,0.553415118336525,0.6184056053100517,True
1593,Random Forest,0.5530307739928839,0.7646791334597448,True
1594,Random Forest,0.5865448907733705,0.703325848080374,True
1595,Random Forest,0.45570948733882094,0.5794755429855449,True
1603,Random Forest,0.5919105101940619,0.6727626289161087,True
1607,Random Forest,0.519052918197064,0.7189728918788566,True
1608,Random Forest,0.5837773702522162,0.7318116329182893,True
1609,Random Forest,0.5970896189467433,0.7348123723966928,True
1620,Random Forest,0.6396304041183252,0.7454155132179141,True
1621,Random Forest,0.5922443016979002,0.6932438615640297,True
1625,Random Forest,0.7215449510746375,0.7899152920771031,True
1629,Random Forest,0.6911474931794758,0.7884434585438461,True
1630,Random Forest,0.4564645609572071,0.5134351763869053,True
1633,Random Forest,0.6200387504581509,0.7368843947365363,True
1634,Random Forest,0.518282442208648,0.6033065991504882,True
1635,Random Forest,0.5962736225173911,0.7773268597751518,True
1636,Random Forest,0.5164820312508579,0.5949865541304654,True
1637,Random Forest,0.5672229866307321,0.7149904965151468,True
1638,Random Forest,0.6635681061529378,0.7837697034975086,True
1640,Random Forest,0.5861193225424361,0.7180661425643245,True
1646,Random Forest,0.6227883523046799,0.7327932068769604,True
1648,Random Forest,0.5765892011503827,0.6832213070124709,True
1651,Random Forest,0.5856883720296886,0.7468759087067248,True
1652,Random Forest,0.6273452487671909,0.7406157096014261,True
1666,Random Forest,0.6037733291491548,0.7127173960421227,True
1670,Random Forest,0.5114879407822271,0.5804460258849009,True
1671,Random Forest,0.621424950742242,0.7221971361122227,True
1684,Random Forest,0.618763102881154,0.7648603277690846,True
1687,Random Forest,0.6980557787556205,0.7990635569105082,True
1695,Random Forest,0.6148619569751501,0.7693831725053522,True
1699,Random Forest,0.5758608300051582,0.720621452385963,True
1709,Random Forest,0.5569093346116495,0.6969788028855004,True
1712,Random Forest,0.7360495092535408,0.748007591566539,True
1714,Random Forest,0.5822125142951097,0.7231057961675147,True
1717,Random Forest,0.6387157835396214,0.7740892092966677,True
1721,Random Forest,0.5416214947045656,0.7132833087247626,True
1722,Random Forest,0.6103276955822673,0.7324602241993907,True
1724,Random Forest,0.6030949974068563,0.7153456787772001,True
1726,Random Forest,0.5425478972873823,0.6203980658312483,True
1727,Random Forest,0.5377986183950713,0.6445531632013501,True
1740,Random Forest,0.5629297054367385,0.6311377753767577,True
1741,Random Forest,0.6432301539021278,0.7198287951709256,True
1747,Random Forest,0.7286716932191636,0.8133668788419104,True
1763,Random Forest,0.5055323074899233,0.6538631166030043,True
1766,Random Forest,0.6740038004822821,0.8008778930488158,True
1771,Random Forest,0.6166308108490985,0.6819433798865928,True
1786,Random Forest,0.6649765460421988,0.7893560439485123,True
1794,Random Forest,0.5721034113641188,0.7396261928181118,True
1799,Random Forest,0.7048005993278522,0.7903267342074786,True
1803,Random Forest,0.5188299774315382,0.5856803889208014,True
1813,Random Forest,0.5703354062171586,0.6404173666048736,True
1823,Random Forest,0.63461815116295,0.7014511634241313,True
1825,Random Forest,0.6392365991643839,0.7826126404158181,True
1833,Random Forest,0.7275959181780379,0.8053553441039513,True
1835,Random Forest,0.5773346440181772,0.6987566565010899,True
1841,Random Forest,0.7109651556148069,0.7708099927383921,True
1846,Random Forest,0.5650577492768907,0.660199022038869,True
1847,Random Forest,0.6281320129327835,0.6424538827181268,True
1849,Random Forest,0.5373175517319466,0.6735951780857815,True
1850,Random Forest,0.7465372761789246,0.8849104658208875,True
1851,Random Forest,0.5175808070878416,0.6498998013480165,True
1856,Random Forest,0.7185384043743838,0.8373028758692994,True
1858,Random Forest,0.6307930350487244,0.7668055317594816,True
1859,Random Forest,0.7216227339795203,0.7698448652401536,True
1860,Random Forest,0.6290819462606707,0.7424943712704469,True
1865,Random Forest,0.6230139417522521,0.7178053677819131,True
1878,Random Forest,0.5503316575263191,0.7490736902530178,True
1879,Random Forest,0.5804146813867609,0.7333374201516683,True
1881,Random Forest,0.577298896135173,0.599127551751833,True
1886,Random Forest,0.6661493774125373,0.6654486663988046,True
1889,Random Forest,0.47517204567869903,0.543812325856839,True
1897,Random Forest,0.7159734908568091,0.7799073511053941,True
1903,Random Forest,0.5693577641338636,0.7159301851149221,True
1906,Random Forest,0.5566534095328058,0.7059677069114149,True
1927,Random Forest,0.5723241670624318,0.7440370022173716,True
1929,Random Forest,0.6129600229743815,0.77077154610056,True
1935,Random Forest,0.5502583701188657,0.6732358955295448,True
1946,Random Forest,0.5764196202256902,0.7132018263044202,True
1948,Random Forest,0.5849517491110854,0.7371763821819348,True
1950,Random Forest,0.6944108212178409,0.8381238600297927,True
1953,Random Forest,0.5562784004526231,0.7360675446704433,True
1955,Random Forest,0.5945923883845385,0.666749380452111,True
1971,Random Forest,0.6058348098635714,0.7776215156189029,True
1977,Random Forest,0.5295078480451845,0.6442783513750069,True
1979,Random Forest,0.571267635826188,0.736341235232712,True
1989,Random Forest,0.5844211682284314,0.658997282217704,True
2001,Random Forest,0.740936663178841,0.8248062616257809,True
2002,Random Forest,0.6028485579519298,0.6801293914029082,True
2004,Random Forest,0.6166535763431026,0.6772296368227784,True
2005,Random Forest,0.5728776600281412,0.7137148057949886,True
2015,Random Forest,0.6199243344793943,0.7191076641531927,True
2016,Random Forest,0.5495444089649025,0.6894918110907438,True
2021,Random Forest,0.6775081849982403,0.8047158041494401,True
2033,Random Forest,0.6966684536288166,0.7992001298390714,True
2042,Random Forest,0.6085618012990408,0.7350272028944341,True
2048,Random Forest,0.5300452115953953,0.663697049216592,True
2049,Random Forest,0.601024770868672,0.7535890902882982,True
2050,Random Forest,0.5498399129343539,0.5811510426779906,True
2052,Random Forest,0.681359679513771,0.7956454036270275,True
2054,Random Forest,0.6116847271700255,0.7538003866871869,True
2056,Random Forest,0.6276456272212292,0.823870740679364,True
2059,Random Forest,0.688335267899314,0.7838166237265346,True
2083,Random Forest,0.5817120304561112,0.695595346845506,True
2085,Random Forest,0.7116440779489964,0.8157340031809184,True
2094,Random Forest,0.660842342921,0.7448840681091423,True
2097,Random Forest,0.5603956727233719,0.6988077878735578,True
2098,Random Forest,0.5691379570672811,0.7985830208075342,True
2102,Random Forest,0.5804128149786407,0.7218429443780993,True
2105,Random Forest,0.6605687222208517,0.7805165948330929,True
2106,Random Forest,0.5728111948698585,0.7137607313192982,True
2113,Random Forest,0.6244143225973066,0.7458078116880243,True
2119,Random Forest,0.5743973316357435,0.7124362543452017,True
2121,Random Forest,0.590492935262314,0.6864820209439099,True
2127,Random Forest,0.6842880738859681,0.8342505337204584,True
2130,Random Forest,0.521913042493185,0.6081765854747979,True
2134,Random Forest,0.5534049277813227,0.7041246169323427,True
2147,Random Forest,0.5536018106278241,0.6221232442741692,True
2148,Random Forest,0.6161013189599479,0.7346215486848171,True
2151,Random Forest,0.6371690200653587,0.7049396690675626,True
2152,Random Forest,0.5954230712224028,0.7152116799791775,True
2154,Random Forest,0.5917844618917968,0.7139343345929523,True
2159,Random Forest,0.5428667464218611,0.6498233027870172,True
2160,Random Forest,0.56355105454378,0.7398986548428358,True
2163,Random Forest,0.6198267329785866,0.7351951786881319,True
2164,Random Forest,0.6115874346398122,0.7343060003255745,True
2166,Random Forest,0.5907865652071179,0.7707079317455945,True
2169,Random Forest,0.578080012352097,0.6877711632019802,True
2176,Random Forest,0.6514303904995773,0.7814833400103632,True
2179,Random Forest,0.5636142109731457,0.6847847533553413,True
2180,Random Forest,0.6010859543805637,0.7585717799084541,True
2183,Random Forest,0.5935959802572938,0.677506511845349,True
2187,Random Forest,0.5586948309808114,0.7241225609976545,True
2203,Random Forest,0.5269579972680882,0.6708697294398771,True
2218,Random Forest,0.6221170243743012,0.7067913373468978,True
2220,Random Forest,0.5762739124600017,0.7335092259997956,True
2221,Random Forest,0.59551807282957,0.6838432464973018,True
2227,Random Forest,0.7339707730696527,0.88088004768466,True
2231,Random Forest,0.5348423390841333,0.6730200573570811,True
2236,Random Forest,0.603092254129415,0.7159610901904918,True
2243,Random Forest,0.6054925052217255,0.7696039827830914,True
2244,Random Forest,0.6247517173401763,0.715904999486035,True
2249,Random Forest,0.4859158333712073,0.6562838119559327,True
2250,Random Forest,0.6650201171928517,0.7651757031811691,True
2251,Random Forest,0.5806928571602329,0.659562663998342,True
2256,Random Forest,0.6360392471725796,0.780900126034136,True
2266,Random Forest,0.7002829726193799,0.7421896317151676,True
2267,Random Forest,0.714759013610468,0.8247702341988857,True
2268,Random Forest,0.5153851776988975,0.6393077059131846,True
2270,Random Forest,0.6590762608800996,0.7440383742082265,True
2271,Random Forest,0.5798495118446486,0.7512496613512153,True
2274,Random Forest,0.559237554158185,0.6987828965521592,True
2277,Random Forest,0.5462532405506609,0.6957013691498773,True
2286,Random Forest,0.6168440670087656,0.6751502320273638,True
2315,Random Forest,0.5708612699068385,0.632916078875539,True
2325,Random Forest,0.7299518364454454,0.788503517443978,True
2326,Random Forest,0.7185220374063861,0.7836899481899673,True
2327,Random Forest,0.6653410285674006,0.6821409776153374,True
2330,Random Forest,0.6659691888143685,0.6939115377560885,True
2339,Random Forest,0.5634946311187563,0.6185530387815191,True
2341,Random Forest,0.5204504553483258,0.6153449400431564,True
2344,Random Forest,0.5963120635286019,0.6785866470093534,True
2345,Random Forest,0.6322531655467114,0.7454506533637543,True
2346,Random Forest,0.5011108457657276,0.6864710894525946,True
2349,Random Forest,0.6058479857725522,0.7259050224677851,True
2355,Random Forest,0.672051374691165,0.8005057177996361,True
2357,Random Forest,0.47433209461782044,0.5251550375125368,True
2363,Random Forest,0.7027465771583608,0.7635747610822007,True
2364,Random Forest,0.48729143465461094,0.676537189372275,True
2380,Random Forest,0.6091594368191522,0.7455332644956466,True
2383,Random Forest,0.6414165772800662,0.7245227270433378,True
2384,Random Forest,0.7171696913576016,0.7741820285737065,True
2400,Random Forest,0.4298509476149673,0.5077588717573831,True
2402,Random Forest,0.6780123298376092,0.7675532268070956,True
2405,Random Forest,0.689888003565126,0.7878500122439536,True
2407,Random Forest,0.6419336549019378,0.7898027923186247,True
2412,Random Forest,0.5652897314993701,0.6139322070341506,True
2413,Random Forest,0.460148866106836,0.42384811940632233,True
2414,Random Forest,0.6126009381216023,0.6497524705145167,True
2418,Random Forest,0.7070381841770472,0.8281427895976791,True
2419,Random Forest,0.571144600438202,0.6999165040645733,True
2427,Random Forest,0.5245938445844586,0.6315765741461494,True
2430,Random Forest,0.6293467470197983,0.6902384827240922,True
2431,Random Forest,0.5860139381301579,0.69309390877226,True
2440,Random Forest,0.7237279848931955,0.8381895883571174,True
2443,Random Forest,0.5626269298639921,0.6391706549418897,True
2447,Random Forest,0.5811578125581428,0.642328682740011,True
2448,Random Forest,0.7156312355555703,0.8089885360354205,True
2450,Random Forest,0.5735206439446159,0.7500640619979866,True
2453,Random Forest,0.6100080717340848,0.7296162366203717,True
2465,Random Forest,0.6856449005423969,0.735101556585088,True
2467,Random Forest,0.6530812903487566,0.766544784923497,True
2470,Random Forest,0.6012876982519898,0.5723589140749362,True
2476,Random Forest,0.555894202198114,0.7438614612197793,True
2485,Random Forest,0.7032293927803591,0.7402233210922048,True
2486,Random Forest,0.6678836002975682,0.791624159018017,True
2488,Random Forest,0.6280508005371782,0.6909501543559596,True
2496,Random Forest,0.4584973246751119,0.6097451139828107,True
2511,Random Forest,0.5720003880431314,0.6917894459062255,True
2512,Random Forest,0.5766289015394035,0.7170496975214836,True
2514,Random Forest,0.5970973575450575,0.7393323202818111,True
2523,Random Forest,0.6912815332095663,0.8420135442197926,True
2533,Random Forest,0.5585426835673283,0.7172901439242891,True
2539,Random Forest,0.569823374119646,0.6612813492569578,True
2542,Random Forest,0.6432511633498225,0.8190695398070983,True
2544,Random Forest,0.501048992887973,0.6541641418449816,True
2549,Random Forest,0.6918415240126031,0.8405260434831643,True
2553,Random Forest,0.584759079058865,0.6268042277514875,True
2555,Random Forest,0.535717215102526,0.527597445747006,True
2561,Random Forest,0.5678225418436004,0.7243124003432243,True
2570,Random Forest,0.5831006020379877,0.7917892848410716,True
2571,Random Forest,0.6289162349670862,0.671672605008556,True
2574,Random Forest,0.5926623212649322,0.7440828374241811,True
2578,Random Forest,0.580503437448664,0.7219378025919408,True
2586,Random Forest,0.5812667629768254,0.6891480553820805,True
2589,Random Forest,0.5454178583701786,0.6395281999528285,True
2594,Random Forest,0.738878839152287,0.8306491819941313,True
2597,Random Forest,0.5001350349105351,0.6626553224555921,True
2599,Random Forest,0.5413990372636376,0.6736337938741582,True
2606,Random Forest,0.6270700609543134,0.7645978647216229,True
2612,Random Forest,0.5343923305328959,0.653095568672983,True
2624,Random Forest,0.5919012327382491,0.7179432203014459,True
2628,Random Forest,0.528478893995855,0.601439436598012,True
2632,Random Forest,0.5711365641499008,0.7931414254083241,True
2634,Random Forest,0.5275684345846237,0.673674959849553,True
2641,Random Forest,0.5382647436289527,0.7116222530682054,True
2645,Random Forest,0.5882338158641303,0.7518433525573771,True
2648,Random Forest,0.6900298272513761,0.7075692805429016,True
2649,Random Forest,0.4761546562995657,0.6415685214665716,True
2651,Random Forest,0.7126171478494092,0.7556705407807338,True
2671,Random Forest,0.5723350658859303,0.6931698869045951,True
2674,Random Forest,0.5933661431262,0.7595465633088334,True
2681,Random Forest,0.7304203954617755,0.7792333771768376,True
2689,Random Forest,0.7105850859816406,0.8063776313992675,True
2691,Random Forest,0.4874884808925079,0.6429468401793271,True
2694,Random Forest,0.5269404243242408,0.688946331770686,True
2698,Random Forest,0.5191584370951976,0.665203456298164,True
2709,Random Forest,0.5890023426438892,0.6819797944192391,True
2711,Random Forest,0.7257532110030112,0.8068054304546022,True
2723,Random Forest,0.7005766812061646,0.7849265455595126,True
2731,Random Forest,0.6074130120759798,0.7416143176956147,True
2734,Random Forest,0.551945264143682,0.6908298046106159,True
2741,Random Forest,0.5603158186864675,0.5037352572767834,True
2743,Random Forest,0.6099499420318227,0.78165146044657,True
2748,Random Forest,0.7244069111453756,0.8196576319535238,True
2750,Random Forest,0.6865130363268617,0.7535533369054332,True
2751,Random Forest,0.6149897100221274,0.7493660534104722,True
2756,Random Forest,0.748702305022899,0.8187100990971082,True
2759,Random Forest,0.5197574314421498,0.6598288858112127,True
2764,Random Forest,0.5935638119382096,0.6405102420748322,True
2768,Random Forest,0.5845098073427062,0.7381043959668706,True
2783,Random Forest,0.5855206922609905,0.758720763113317,True
2786,Random Forest,0.6381445273283958,0.670934999618667,True
2789,Random Forest,0.5478370213066744,0.7292275551154198,True
2791,Random Forest,0.6153488511824878,0.7363724951148127,True
2800,Random Forest,0.6216840938418652,0.7387859241561527,True
2802,Random Forest,0.5815394359322583,0.7326466146409637,True
2830,Random Forest,0.4819711862787934,0.6288082077936119,True
2833,Random Forest,0.6260252720283945,0.6943867499866176,True
2834,Random Forest,0.6144062072299561,0.7066172300501709,True
2848,Random Forest,0.5777733712736046,0.6917618008157964,True
2851,Random Forest,0.6461130751936104,0.7897022712858914,True
2859,Random Forest,0.5208439451480937,0.4003086887784922,True
2868,Random Forest,0.5682931199492325,0.6980073550136255,True
2869,Random Forest,0.6215951241870008,0.6812523893427206,True
2875,Random Forest,0.6292810993676713,0.655416886148802,True
2879,Random Forest,0.5068396051313041,0.5944476263330027,True
2889,Random Forest,0.5901811712443502,0.7356547770187496,True
2892,Random Forest,0.5644232683832565,0.7314914489146416,True
2902,Random Forest,0.6056482077512446,0.6730388108484477,True
2910,Random Forest,0.6790903695970831,0.817707739148966,True
2930,Random Forest,0.6480071005942,0.6882129946885368,True
2934,Random Forest,0.6304517324256558,0.6770397592477956,True
2935,Random Forest,0.5133898052351372,0.6574860491534056,True
2939,Random Forest,0.7163553794122186,0.8189579368447546,True
2941,Random Forest,0.6316000508228948,0.716586944652249,True
2957,Random Forest,0.5730848209295244,0.6961239149761456,True
2961,Random Forest,0.5844359192897716,0.7321437888245503,True
2962,Random Forest,0.6371201253961258,0.7389781236520415,True
2969,Random Forest,0.6169956926191781,0.6459824574845243,True
2972,Random Forest,0.5424030752056888,0.6652679444877323,True
2979,Random Forest,0.6634849173957154,0.7879216387729711,True
2982,Random Forest,0.5660095363445661,0.7272686377120637,True
2987,Random Forest,0.5084094389365741,0.5589252294597322,True
2988,Random Forest,0.6724620872327908,0.7465679701402945,True
2991,Random Forest,0.5858084505183299,0.7646586803930973,True
2995,Random Forest,0.5979553289695643,0.7646149316649175,True
2997,Random Forest,0.48157668523634467,0.6146707401026644,True
3003,Random Forest,0.6241830169279202,0.7778346136347233,True
3004,Random Forest,0.6610010486568328,0.7985056444967787,True
3006,Random Forest,0.46801489542013547,0.5604908121901259,True
3014,Random Forest,0.7270008711545087,0.8699381302663374,True
3015,Random Forest,0.5825325630861865,0.700498892897038,True
3018,Random Forest,0.5802069167514411,0.7629244438168393,True
3021,Random Forest,0.5925760074660511,0.7172052587897596,True
3022,Random Forest,0.5146407871837402,0.5900616432564995,True
3030,Random Forest,0.5456148183595013,0.5938616631280637,True
3038,Random Forest,0.599949867791616,0.7338450045313618,True
3049,Random Forest,0.5544880455747973,0.6771816148480517,True
3055,Random Forest,0.6312571791330307,0.7047672479135159,True
3065,Random Forest,0.6871876839389567,0.8666291594649276,True
3074,Random Forest,0.7021137216099507,0.7078648583412587,True
3090,Random Forest,0.5635405656663617,0.7096637473304847,True
3095,Random Forest,0.5476467402947893,0.7279658439909286,True
3097,Random Forest,0.7558512944533761,0.8591610148345203,True
3098,Random Forest,0.5741110294299064,0.6444426253975921,True
3101,Random Forest,0.6194321890622417,0.7374402743834747,True
3102,Random Forest,0.6784670802649277,0.7107436630266669,True
3107,Random Forest,0.5861230984568819,0.7154953355669804,True
3121,Random Forest,0.5828307694242812,0.7506264587149544,True
3125,Random Forest,0.5196808616471964,0.535294844913305,True
3134,Random Forest,0.5754480697395857,0.704151607307562,True
3148,Random Forest,0.6074823992593601,0.7137317185090204,True
3159,Random Forest,0.6827080449137078,0.8086417016390711,True
3165,Random Forest,0.4550188258569844,0.6880436081302783,True
3169,Random Forest,0.568458346486193,0.6522124220768526,True
3170,Random Forest,0.6334954962614524,0.7437504959302268,True
3173,Random Forest,0.5685183888145611,0.6991981823393982,True
3180,Random Forest,0.5956506744899436,0.7343997489633038,True
3183,Random Forest,0.49156721638849626,0.6090908931582806,True
3185,Random Forest,0.7245201274766553,0.8390481700748019,True
3188,Random Forest,0.7131997792872039,0.7843367139384739,True
3198,Random Forest,0.7179348437421433,0.7712631518982386,True
3201,Random Forest,0.6011913044262837,0.7100772622682533,True
3203,Random Forest,0.5057210783897784,0.5483667504121049,True
3205,Random Forest,0.7052803132051623,0.8069347786782005,True
3209,Random Forest,0.5323930984179651,0.6357507842703431,True
3218,Random Forest,0.5789162016308391,0.6980632952503614,True
3223,Random Forest,0.7212596615361709,0.8370946346798458,True
3235,Random Forest,0.6046863669984296,0.7259904674413684,True
3237,Random Forest,0.5552508395931337,0.7035799144007535,True
3239,Random Forest,0.575153393377107,0.7358728182019605,True
3242,Random Forest,0.6721452313483076,0.7531521699611858,True
3252,Random Forest,0.7249941796686799,0.8195100746603773,True
3259,Random Forest,0.6013054082912699,0.7551307926721673,True
3261,Random Forest,0.6129047539924667,0.7230405028195777,True
3262,Random Forest,0.676097667882344,0.7870468615717277,True
3264,Random Forest,0.6692310976041803,0.7533134885886869,True
3274,Random Forest,0.7696036073893431,0.8035632044334015,True
3276,Random Forest,0.5953550898971052,0.6056475210415626,True
3277,Random Forest,0.5686159707389385,0.689715876756339,True
3279,Random Forest,0.6157700700952817,0.7349174059466419,True
3282,Random Forest,0.6231774476596001,0.6900181207056276,True
3298,Random Forest,0.6618105967490027,0.7691482299118946,True
3301,Random Forest,0.6001003673021502,0.7628003518116404,True
3324,Random Forest,0.5374232731182522,0.6759682342424407,True
3326,Random Forest,0.6094451392341796,0.6994491699882845,True
3339,Random Forest,0.5292561015500652,0.6274377846577961,True
3340,Random Forest,0.6398499774560226,0.7637058854093344,True
3341,Random Forest,0.7443017525000557,0.8313645204213468,True
3350,Random Forest,0.6534140019333765,0.71340509794671,True
3362,Random Forest,0.5364857520831124,0.6904055619717174,True
3365,Random Forest,0.7542578215097542,0.7896610144685773,True
3369,Random Forest,0.5714559551055522,0.6568520361245884,True
3373,Random Forest,0.5676418308458346,0.7570793782480564,True
3382,Random Forest,0.6240027785407646,0.7793964202257657,True
3383,Random Forest,0.7318599408934807,0.7961744271358214,True
3385,Random Forest,0.540828884759607,0.6501352964561721,True
3386,Random Forest,0.6108991535617974,0.696463837998135,True
3390,Random Forest,0.6217032626122191,0.81222388445658,True
3395,Random Forest,0.6236299012016295,0.7218659875636032,True
3402,Random Forest,0.538438416700524,0.6928466071908176,True
3412,Random Forest,0.7523058546423119,0.7696119348953936,True
3423,Random Forest,0.6125452082979831,0.7074011074391059,True
3430,Random Forest,0.6384276033254248,0.7858894948036741,True
3432,Random Forest,0.5915309093360126,0.7412685262787289,True
3440,Random Forest,0.6572933072533698,0.7484619388938688,True
3461,Random Forest,0.5707249302020541,0.7062636610990171,True
3463,Random Forest,0.5822173312696358,0.664325459748221,True
3466,Random Forest,0.6289917649552792,0.7560274961751013,True
3469,Random Forest,0.5214739487157184,0.7886633633149241,True
3471,Random Forest,0.6601422607725138,0.7793993571844361,True
3476,Random Forest,0.6190294451754975,0.8099950533052747,True
3485,Random Forest,0.5611470963778254,0.5865735471164076,True
3487,Random Forest,0.6905424803271449,0.8034861890451241,True
3490,Random Forest,0.502572753271706,0.6339511077459138,True
3496,Random Forest,0.7382870908447017,0.6583392155019151,True
3505,Random Forest,0.7626884184187086,0.8134817114252701,True
3510,Random Forest,0.6070914240772843,0.7568366372474368,True
3518,Random Forest,0.6102810916451064,0.6956842097139193,True
3526,Random Forest,0.6298000248392182,0.6700370897146785,True
3533,Random Forest,0.5871184063360676,0.6875854851571896,True
3545,Random Forest,0.5805195297721609,0.7392699943030494,True
3555,Random Forest,0.5851494431099808,0.680706623464058,True
3556,Random Forest,0.54946696248952,0.6082713852581665,True
3559,Random Forest,0.5138450834744043,0.6597850851131024,True
3574,Random Forest,0.5899038013663707,0.767156578655989,True
3575,Random Forest,0.5983852835531381,0.666408229017162,True
3577,Random Forest,0.5976039346043149,0.7745471743246654,True
3581,Random Forest,0.6105592255015505,0.7249231858372558,True
3582,Random Forest,0.6656197373127091,0.7517982624429677,True
3583,Random Forest,0.6889966785094214,0.7794442513503097,True
3590,Random Forest,0.7460653216363773,0.8074575131039171,True
3591,Random Forest,0.5814701611303295,0.7379144846131025,True
3592,Random Forest,0.595669442108361,0.6677317311904698,True
3606,Random Forest,0.470639848395663,0.6021099510822394,True
3612,Random Forest,0.5480167969225754,0.6083864177340471,True
3625,Random Forest,0.676380493048775,0.747268221960363,True
3628,Random Forest,0.47306433757517047,0.5684928559823547,True
3630,Random Forest,0.5589373480147334,0.7107007513178304,True
3633,Random Forest,0.5930225095082511,0.6847314363714989,True
3637,Random Forest,0.6658655189592645,0.7748385300390593,True
3642,Random Forest,0.6263807417189611,0.7585691593738754,True
3644,Random Forest,0.5393349374699827,0.6847720282427552,True
3657,Random Forest,0.574097709059635,0.7009816229898082,True
3670,Random Forest,0.6077859819256,0.7328606155564367,True
3673,Random Forest,0.5477773818795553,0.6548033464493407,True
3677,Random Forest,0.6958860408421955,0.7659300181953463,True
3678,Random Forest,0.6823700078375138,0.8232236530118029,True
3681,Random Forest,0.6708186850431167,0.7113758965253166,True
3683,Random Forest,0.5064066733743715,0.7275386010585921,True
3690,Random Forest,0.5295589248535423,0.6319064915239547,True
3693,Random Forest,0.6105781120317977,0.7355369128304001,True
3699,Random Forest,0.7303530036418512,0.7966403658632966,True
3700,Random Forest,0.54750852371049,0.7211171523535896,True
3707,Random Forest,0.5892642205154761,0.7582069787715666,True
3709,Random Forest,0.556098430576502,0.7127475503149153,True
3713,Random Forest,0.7697580209741725,0.825700552896951,True
3722,Random Forest,0.7283007156780423,0.7890180770391646,True
3727,Random Forest,0.6394627879106628,0.7588983916828941,True
3731,Random Forest,0.5003924629021285,0.5459220086404052,True
3733,Random Forest,0.5635785113789928,0.6756223800836968,True
3737,Random Forest,0.6380261729242466,0.6656307079626752,True
3742,Random Forest,0.6023057332027304,0.7722798600993367,True
3744,Random Forest,0.6879451114436723,0.7374506322727503,True
3753,Random Forest,0.6163102792192044,0.7557632198423769,True
3756,Random Forest,0.5319633053006365,0.6140558928315584,True
3757,Random Forest,0.6063501033972875,0.7319990322542839,True
3758,Random Forest,0.47611701398876555,0.5936463607082614,True
3760,Random Forest,0.6355303806087242,0.6263204137439482,True
3766,Random Forest,0.6049172695726623,0.7711669289391858,True
3772,Random Forest,0.5702591986293241,0.7277983691941192,True
3778,Random Forest,0.5672683377282912,0.6924555914518401,True
3781,Random Forest,0.5754184499754508,0.7253995610757215,True
3782,Random Forest,0.580416285351085,0.6715140238026179,True
3788,Random Forest,0.5967824013183066,0.6633433597634215,True
3794,Random Forest,0.6570385245674094,0.7266442597140628,True
3803,Random Forest,0.5009709096096233,0.502285248783592,True
3806,Random Forest,0.6457776215273108,0.6147953032614818,True
3819,Random Forest,0.6911361296541149,0.8287642804010611,True
3823,Random Forest,0.6003749478632044,0.6388119562413581,True
3827,Random Forest,0.5552384030142328,0.7002739451087034,True
3837,Random Forest,0.7202901273616346,0.7725589319341866,True
3841,Random Forest,0.4811447706107897,0.546319832279724,True
3853,Random Forest,0.5919199793861434,0.7402506135130059,True
3859,Random Forest,0.710501964572503,0.7470586424581783,True
3861,Random Forest,0.6794250970632641,0.7889395391056773,True
3867,Random Forest,0.6039646425962205,0.748726650018145,True
3868,Random Forest,0.5858814212253403,0.6797210066879229,True
3873,Random Forest,0.7312565067760798,0.8075044170119653,True
3886,Random Forest,0.5795991469906102,0.7588570171184166,True
3902,Random Forest,0.5158331311820056,0.6147762178200855,True
3904,Random Forest,0.7526727031349438,0.8796719339181485,True
3926,Random Forest,0.57780444715422,0.7368292856570183,True
3934,Random Forest,0.7361300274865021,0.8350820315712778,True
3948,Random Forest,0.5482533753422226,0.6448328652271403,True
3949,Random Forest,0.5373567249240846,0.7520930876016174,True
3957,Random Forest,0.5212200449463589,0.6557042160653085,True
3959,Random Forest,0.6625674293399867,0.791143810036172,True
3964,Random Forest,0.7214713893142483,0.7720748904680397,True
3970,Random Forest,0.5775609502388395,0.7248741691845852,True
3973,Random Forest,0.6538930890372535,0.8163441732118213,True
3974,Random Forest,0.5665256636653446,0.6922504961158701,True
3975,Random Forest,0.6310550485098791,0.7427670394994733,True
3987,Random Forest,0.5638598288552172,0.6845490246699469,True
3994,Random Forest,0.6567018950196682,0.6789464563160635,True
3996,Random Forest,0.6556543768474952,0.714414331506954,True
3999,Random Forest,0.546421953629761,0.674996933319097,True
4003,Random Forest,0.5600701256788116,0.7118061756742959,True
4008,Random Forest,0.7902484029761547,0.8314969437002903,True
4020,Random Forest,0.7325933607727594,0.7838417059415143,True
4021,Random Forest,0.6176355201288142,0.7115176216608519,True
4023,Random Forest,0.5383494689759059,0.684939739663583,True
4027,Random Forest,0.556127933792598,0.6706787518559867,True
4030,Random Forest,0.6051753082493223,0.689580395191516,True
4032,Random Forest,0.5570818004208867,0.6986681919921024,True
4038,Random Forest,0.5643162576397095,0.7375107620177598,True
4041,Random Forest,0.61093767427442,0.7457004629263073,True
4054,Random Forest,0.5673377810661678,0.7041211459624321,True
4061,Random Forest,0.6185498321768741,0.6826030203989806,True
4075,Random Forest,0.7114910628507886,0.8609482092254122,True
4078,Random Forest,0.596662426243181,0.7157033291656744,True
4081,Random Forest,0.609554287837974,0.7406282351970346,True
4089,Random Forest,0.6510215241839117,0.6749515266431001,True
4090,Random Forest,0.5416603057831838,0.47955544944433137,True
4093,Random Forest,0.5783635999731144,0.7454910517423764,True
4096,Random Forest,0.5925444173648611,0.7341854399787457,True
4101,Random Forest,0.6194427565127777,0.7165955182940917,True
4105,Random Forest,0.5853581936968267,0.6688548542790379,True
4110,Random Forest,0.5464313539637621,0.7182618794435774,True
4112,Random Forest,0.6043089225134396,0.6838598972167733,True
4119,Random Forest,0.545702943409919,0.6643093159699076,True
4124,Random Forest,0.5608931925466025,0.7016760224095691,True
4125,Random Forest,0.5881603290349788,0.7634359665763667,True
4126,Random Forest,0.5116422744458977,0.6780147586004426,True
4128,Random Forest,0.6154145519416266,0.7685367190470374,True
4130,Random Forest,0.5968905193001055,0.740999939810748,True
4133,Random Forest,0.6163717306976241,0.6827606440930853,True
4137,Random Forest,0.5933646444102578,0.7085069704325437,True
4140,Random Forest,0.6337681626527226,0.7854726206672675,True
4146,Random Forest,0.46890371415693616,0.5136837985125889,True
4149,Random Forest,0.5623427165164329,0.7040420918613841,True
4152,Random Forest,0.43363791856529305,0.6144810175488702,True
4159,Random Forest,0.6146263997431974,0.7559942014003392,True
4161,Random Forest,0.636701100418202,0.7623462506428675,True
4163,Random Forest,0.6230024859846706,0.7218086719972617,True
4175,Random Forest,0.6205252605737217,0.705995733569723,True
4177,Random Forest,0.6311588606096002,0.7320462749699022,True
4179,Random Forest,0.6135522755358566,0.754292272880216,True
4188,Random Forest,0.5173412122202794,0.654517354194699,True
4189,Random Forest,0.5955539259016271,0.7075176713977064,True
4195,Random Forest,0.5358657875086354,0.6332101417792891,True
4199,Random Forest,0.540690128657586,0.721301028393477,True
4206,Random Forest,0.5115610158740328,0.6745509739447658,True
4208,Random Forest,0.5222275045441187,0.6383065911715644,True
4215,Random Forest,0.5231596347851626,0.7150226252260137,True
4219,Random Forest,0.5682330601416591,0.737779541820595,True
4220,Random Forest,0.6901233592963435,0.7068800315903098,True
4221,Random Forest,0.6322748873177931,0.7127402722145463,True
4222,Random Forest,0.5806599943740955,0.7062113090400884,True
4226,Random Forest,0.6199734819754743,0.717598450432024,True
4227,Random Forest,0.5666779738485893,0.7236303483600895,True
4233,Random Forest,0.5729469693037245,0.7227871658212764,True
4235,Random Forest,0.5006528011989797,0.6262509605616357,True
4242,Random Forest,0.6869117181945503,0.7356257319783742,True
4244,Random Forest,0.6056619160583782,0.702500998237287,True
4246,Random Forest,0.7410675876521887,0.7161593753264506,True
4257,Random Forest,0.5480761443745279,0.726717823674051,True
4261,Random Forest,0.6823968362285023,0.7494297922538496,True
4263,Random Forest,0.6513941054829316,0.6795801484568672,True
4265,Random Forest,0.6196940930731101,0.7611682604473018,True
4268,Random Forest,0.5408131615982524,0.6042261130422231,True
4276,Random Forest,0.7134400837948088,0.7782670652685691,True
4278,Random Forest,0.6473852757660522,0.8191979320925477,True
4283,Random Forest,0.7039724325019819,0.7671536231170379,True
4284,Random Forest,0.6315895873437499,0.75198991073967,True
4286,Random Forest,0.5010736541657896,0.6401738595909424,True
4288,Random Forest,0.7654925436212795,0.8527448655490407,True
4289,Random Forest,0.5981278654634603,0.6234592253888528,True
4290,Random Forest,0.5738862393866866,0.6948341419172813,True
4292,Random Forest,0.6058942711809762,0.7272765801514572,True
4294,Random Forest,0.606814474290554,0.7614317467012128,True
4297,Random Forest,0.5385242228623656,0.7128408116256997,True
4298,Random Forest,0.7300562214299179,0.74775963382785,True
4299,Random Forest,0.7477012448742918,0.8011527945563032,True
4301,Random Forest,0.5802965006755209,0.7432678318809866,True
4305,Random Forest,0.5670122570408387,0.6180171325614614,True
4308,Random Forest,0.5835543460529706,0.7163625433369301,True
4311,Random Forest,0.6796818512873077,0.7383738870360455,True
4317,Random Forest,0.6214658943907438,0.7520161715527892,True
4318,Random Forest,0.692007753232432,0.7657662434326674,True
4319,Random Forest,0.5758219915230214,0.7249144619780378,True
4324,Random Forest,0.6010478810674075,0.7682119220775072,True
4326,Random Forest,0.6930353864148868,0.7680394406358971,True
4332,Random Forest,0.5346155744205202,0.6541824711998271,True
4336,Random Forest,0.7363975595864328,0.8282134518729272,True
4337,Random Forest,0.5332280778115485,0.6377530349259639,True
4338,Random Forest,0.5251527687235873,0.7083813600727926,True
4354,Random Forest,0.575538999783749,0.6320978064951815,True
4356,Random Forest,0.7025619164962849,0.7488034343049059,True
4357,Random Forest,0.6231988556030954,0.731397638689018,True
4366,Random Forest,0.5973914005351539,0.6935918375848253,True
4367,Random Forest,0.6163081872441809,0.6973394111309696,True
4369,Random Forest,0.5512260283859527,0.6519688772497313,True
4372,Random Forest,0.7539564393124639,0.8166147536365862,True
4375,Random Forest,0.7211191703481743,0.755987458838398,True
4376,Random Forest,0.5918404276068499,0.6847289252382892,True
4377,Random Forest,0.552814040374756,0.6261028403541541,True
4387,Random Forest,0.691987040923115,0.7436582454699249,True
4389,Random Forest,0.5880574692221516,0.7389867275627605,True
4391,Random Forest,0.5859829309205199,0.6440995183512771,True
4392,Random Forest,0.5510928646732807,0.6151842152622237,True
4396,Random Forest,0.5428730712557952,0.7039629443583804,True
4413,Random Forest,0.6448583918327819,0.6581381491315735,True
4415,Random Forest,0.6267665839793357,0.6798514471823199,True
0,Gradient Boosting,0.6732388565946358,0.680534256401763,True
3,Gradient Boosting,0.6810685837940471,0.7542650091856415,True
6,Gradient Boosting,0.7331709560067109,0.8084311552944256,True
17,Gradient Boosting,0.7420147018101434,0.7741970160790151,True
22,Gradient Boosting,0.7150758498378726,0.7689608531873531,True
25,Gradient Boosting,0.6416300820743953,0.6300311991513794,True
27,Gradient Boosting,0.5977209611574954,0.6920141845763598,True
35,Gradient Boosting,0.6949216689791899,0.7226676074501125,True
47,Gradient Boosting,0.7491963970845682,0.8138189939129651,True
48,Gradient Boosting,0.7080803692419904,0.77894710269266,True
49,Gradient Boosting,0.7301765584181032,0.7498956170306669,True
51,Gradient Boosting,0.6836015421868148,0.7509435052156118,True
62,Gradient Boosting,0.6538104511306714,0.7165175215999834,True
67,Gradient Boosting,0.7155067565096093,0.7552164944154933,True
72,Gradient Boosting,0.6643320770630836,0.6802230796804962,True
80,Gradient Boosting,0.6523534746829893,0.5971392624735403,True
89,Gradient Boosting,0.7064951458779699,0.7661400683499837,True
90,Gradient Boosting,0.7954149294418467,0.8617995351037465,True
110,Gradient Boosting,0.720716438185073,0.7465351477350353,True
128,Gradient Boosting,0.7216747170985988,0.7322849808006329,True
129,Gradient Boosting,0.7456297851583445,0.7724067470934224,True
133,Gradient Boosting,0.760124822796496,0.8368252548120068,True
137,Gradient Boosting,0.7029992948562309,0.8098892698187841,True
140,Gradient Boosting,0.7343093844518928,0.7771307672303748,True
145,Gradient Boosting,0.669926698672835,0.5875838148149549,True
161,Gradient Boosting,0.7274834310451327,0.8116938135311635,True
164,Gradient Boosting,0.639602764020065,0.7341219550116265,True
167,Gradient Boosting,0.5947351281861056,0.58017013533474,True
169,Gradient Boosting,0.6780633617770458,0.6558846632584867,True
171,Gradient Boosting,0.7647203229870613,0.8024956589733203,True
180,Gradient Boosting,0.7739495491754633,0.6749675699993677,True
187,Gradient Boosting,0.7045787885153688,0.768336166004661,True
191,Gradient Boosting,0.7713752707809023,0.8465042219049376,True
192,Gradient Boosting,0.7700114404604423,0.8490526743324819,True
205,Gradient Boosting,0.6030328202078155,0.4466979182625782,True
208,Gradient Boosting,0.6822137206713,0.728897300735769,True
220,Gradient Boosting,0.5541327218762929,0.68523147497174,True
221,Gradient Boosting,0.7369445337490049,0.6860669501744812,True
222,Gradient Boosting,0.6914372136929334,0.7340366642494509,True
229,Gradient Boosting,0.7533725681606722,0.8478722599120789,True
230,Gradient Boosting,0.6727746952055459,0.7058584334960225,True
239,Gradient Boosting,0.7475423272944731,0.8176564940248402,True
246,Gradient Boosting,0.6943578567789913,0.7518874850202796,True
247,Gradient Boosting,0.7837974749979848,0.7818472895196628,True
251,Gradient Boosting,0.710735778279291,0.7800509302391779,True
255,Gradient Boosting,0.7574035905934335,0.8507156950651626,True
257,Gradient Boosting,0.7451392814166319,0.7706994193054431,True
266,Gradient Boosting,0.7023376436592926,0.7103878943338136,True
269,Gradient Boosting,0.7337812999313074,0.8039543668813297,True
270,Gradient Boosting,0.6787573833136417,0.7881240575856977,True
277,Gradient Boosting,0.6796382679948477,0.5776905470592775,True
280,Gradient Boosting,0.6587116428212348,0.7911948661113813,True
283,Gradient Boosting,0.7383541885787548,0.8231267383864899,True
284,Gradient Boosting,0.7159410977576119,0.6679958967299805,True
285,Gradient Boosting,0.7150406980919507,0.6533638976296525,True
289,Gradient Boosting,0.7602287327723097,0.7633952543721046,True
300,Gradient Boosting,0.7441378548946451,0.7735557120925378,True
311,Gradient Boosting,0.6332329961127576,0.360858592990266,True
315,Gradient Boosting,0.6702811783259774,0.7319888150186482,True
325,Gradient Boosting,0.6303595242595053,0.6721683144341417,True
333,Gradient Boosting,0.7514790028647526,0.8013060800071111,True
337,Gradient Boosting,0.7166967409827939,0.7887498533139414,True
341,Gradient Boosting,0.6455319883784936,0.6193205567674257,True
346,Gradient Boosting,0.6531613582364624,0.6184927858089789,True
360,Gradient Boosting,0.6744033003860915,0.6418424613873459,True
363,Gradient Boosting,0.7208040689969599,0.7306220976188512,True
367,Gradient Boosting,0.7198571754474202,0.739095022299989,True
380,Gradient Boosting,0.7878194930728056,0.8108615419136891,True
387,Gradient Boosting,0.7050537268379664,0.6386029835373491,True
393,Gradient Boosting,0.7713459902637388,0.8092388946232452,True
400,Gradient Boosting,0.560848691539004,0.6652318547403616,True
408,Gradient Boosting,0.7138653982335447,0.736398594293984,True
417,Gradient Boosting,0.6051281514046709,0.5112016813248428,True
429,Gradient Boosting,0.6182113418168698,0.677401782672392,True
444,Gradient Boosting,0.615491707538811,0.7043939261483504,True
450,Gradient Boosting,0.7665765063746849,0.822189542132972,True
452,Gradient Boosting,0.7461541095250934,0.8042211229075725,True
477,Gradient Boosting,0.7048218832229092,0.6857810438345159,True
478,Gradient Boosting,0.7526775418708678,0.7910571402003639,True
486,Gradient Boosting,0.665602584171147,0.7535307909299664,True
487,Gradient Boosting,0.6491619750195021,0.6207273520578183,True
494,Gradient Boosting,0.7051357924585521,0.669303461322187,True
495,Gradient Boosting,0.6800061747664325,0.720446286547191,True
496,Gradient Boosting,0.7562272480046943,0.7127760619350556,True
506,Gradient Boosting,0.6729394470797042,0.6961663467349041,True
507,Gradient Boosting,0.7308178606819067,0.7644137784014362,True
513,Gradient Boosting,0.7520670879133478,0.7567540643524964,True
531,Gradient Boosting,0.7687664948655235,0.8247068327448228,True
534,Gradient Boosting,0.6003676237650314,0.5365986636317568,True
535,Gradient Boosting,0.6555685850769587,0.6653945154241011,True
540,Gradient Boosting,0.7182207809379259,0.733070646929846,True
541,Gradient Boosting,0.6275502984688863,0.7018111746839919,True
542,Gradient Boosting,0.7207362585804596,0.8072270528626083,True
544,Gradient Boosting,0.6159947317454653,0.7361786632892304,True
545,Gradient Boosting,0.5695954018734766,0.625280077967264,True
548,Gradient Boosting,0.6913289690540475,0.7710653575233066,True
564,Gradient Boosting,0.7238627029666497,0.7851483755205918,True
567,Gradient Boosting,0.6076717410864745,0.4334016948837863,True
573,Gradient Boosting,0.6933836350472555,0.7722168550243091,True
574,Gradient Boosting,0.6645983462757641,0.6728197655353252,True
618,Gradient Boosting,0.7485454453019053,0.8167813485487602,True
623,Gradient Boosting,0.7428418461452632,0.8183021550618518,True
625,Gradient Boosting,0.6879698598029811,0.6126180775732667,True
629,Gradient Boosting,0.6580080934240214,0.7308863129017587,True
636,Gradient Boosting,0.721793084666864,0.8038628217523157,True
641,Gradient Boosting,0.6818760185746849,0.7125216897981912,True
644,Gradient Boosting,0.7505839203347285,0.8278607076445551,True
647,Gradient Boosting,0.6860874054000812,0.6815380286586021,True
659,Gradient Boosting,0.7990886742202923,0.8027640398691379,True
661,Gradient Boosting,0.7167298570801488,0.7044884441108279,True
662,Gradient Boosting,0.7366116744371479,0.7709991042255591,True
667,Gradient Boosting,0.7037066479312952,0.7105984568170557,True
673,Gradient Boosting,0.6977331895301833,0.7620546587435739,True
677,Gradient Boosting,0.6684251058692948,0.5353330668519263,True
678,Gradient Boosting,0.6989980609925842,0.7044094820460584,True
681,Gradient Boosting,0.6607130165460219,0.7114851131131859,True
685,Gradient Boosting,0.6878317122452133,0.5971861762570183,True
689,Gradient Boosting,0.7923085485583019,0.846123469563416,True
696,Gradient Boosting,0.7057862244675768,0.6272744153328335,True
698,Gradient Boosting,0.721370805531748,0.7766070476659293,True
706,Gradient Boosting,0.6910744703236341,0.6392960770295938,True
711,Gradient Boosting,0.7218407845071905,0.7543578103355649,True
716,Gradient Boosting,0.6705326998205331,0.5431409370475284,True
721,Gradient Boosting,0.7215514170560827,0.7606226375971841,True
730,Gradient Boosting,0.7643008922853285,0.8187435565275537,True
734,Gradient Boosting,0.7619047696648514,0.7035391442939652,True
744,Gradient Boosting,0.7138443907430737,0.688364799871541,True
748,Gradient Boosting,0.785401490273887,0.7722091812093804,True
750,Gradient Boosting,0.5890255986551273,0.6663581280471743,True
757,Gradient Boosting,0.7505346191754166,0.7051558890993519,True
760,Gradient Boosting,0.779675813879049,0.726454229942417,True
764,Gradient Boosting,0.7249995127437224,0.7292578170188133,True
774,Gradient Boosting,0.6579086428341154,0.7010865416325518,True
779,Gradient Boosting,0.7289188047701519,0.7963762837781077,True
780,Gradient Boosting,0.7159691994979317,0.7903581174575193,True
787,Gradient Boosting,0.7506649866583766,0.8068248397387471,True
794,Gradient Boosting,0.7143711176574655,0.7830437468041721,True
800,Gradient Boosting,0.761320958105905,0.7718720730345109,True
807,Gradient Boosting,0.7552531066371444,0.6615614108017654,True
808,Gradient Boosting,0.7649613584520367,0.8103878461365424,True
810,Gradient Boosting,0.7648134599939816,0.876204929391322,True
818,Gradient Boosting,0.7838284147418108,0.8176058032542894,True
823,Gradient Boosting,0.6997202114294439,0.753807597580477,True
835,Gradient Boosting,0.5966981349002737,0.6513435345956942,True
839,Gradient Boosting,0.6381256175914157,0.7414408399802241,True
840,Gradient Boosting,0.7643317241063661,0.8286918904809248,True
842,Gradient Boosting,0.7244418404879789,0.7469227657203816,True
850,Gradient Boosting,0.7254950241608512,0.7931161361941487,True
855,Gradient Boosting,0.7191968370582364,0.7579344583770838,True
866,Gradient Boosting,0.7754377675646393,0.7687897595517638,True
869,Gradient Boosting,0.6543705653803445,0.6315558725610926,True
872,Gradient Boosting,0.6993618610051952,0.6212741081959148,True
874,Gradient Boosting,0.6011696456004708,0.6389519630654639,True
885,Gradient Boosting,0.6277476121062692,0.5155856454673312,True
887,Gradient Boosting,0.6827634067432231,0.6992272571728386,True
892,Gradient Boosting,0.7584557235910689,0.844591930076634,True
894,Gradient Boosting,0.7442722917870594,0.7449160214760605,True
896,Gradient Boosting,0.7191182357653525,0.7573067653508944,True
902,Gradient Boosting,0.7731283065124105,0.7455773666875045,True
905,Gradient Boosting,0.7533104776514372,0.8218575822916705,True
906,Gradient Boosting,0.7928200496937634,0.8488014721737789,True
911,Gradient Boosting,0.651097625616915,0.7234558364952944,True
916,Gradient Boosting,0.7352509667451003,0.725186333422124,True
919,Gradient Boosting,0.7390097628582487,0.7879298265280267,True
921,Gradient Boosting,0.7401433814715633,0.798518106206837,True
923,Gradient Boosting,0.7489349375749821,0.7813400040940484,True
924,Gradient Boosting,0.7364874580606886,0.6449047039723805,True
930,Gradient Boosting,0.6754678365018303,0.7122501348583473,True
933,Gradient Boosting,0.7377657054815283,0.6891735659286652,True
939,Gradient Boosting,0.743518615330315,0.7251005339710201,True
946,Gradient Boosting,0.6801685230245111,0.781740515699071,True
955,Gradient Boosting,0.7295803991055217,0.7707037726965456,True
958,Gradient Boosting,0.6424263360526995,0.7711449253166692,True
962,Gradient Boosting,0.6319786929557176,0.6259288410552266,True
963,Gradient Boosting,0.6565591690988594,0.6828595245781302,True
967,Gradient Boosting,0.8042451885838897,0.8107189632339554,True
971,Gradient Boosting,0.7906198036338798,0.7844739444408897,True
972,Gradient Boosting,0.8336372743300041,0.8249626409191739,True
980,Gradient Boosting,0.6629395965694574,0.6052859042556246,True
985,Gradient Boosting,0.7361374931063546,0.7752254421499878,True
986,Gradient Boosting,0.6761370524455973,0.5704765906798465,True
993,Gradient Boosting,0.6709692232069999,0.6882016339896886,True
994,Gradient Boosting,0.754718023932421,0.36286916449320544,True
1003,Gradient Boosting,0.5583606323826809,0.7071876979713082,True
1008,Gradient Boosting,0.7384092149691449,0.8232616709989337,True
1012,Gradient Boosting,0.6550447665645953,0.7654071108274817,True
1013,Gradient Boosting,0.7742410368505491,0.8147041024210663,True
1027,Gradient Boosting,0.6495990802601019,0.7451011812520012,True
1031,Gradient Boosting,0.6210768938694925,0.6205488939262442,True
1041,Gradient Boosting,0.7433454566719245,0.8318143217616727,True
1050,Gradient Boosting,0.6541529085982318,0.6776724056907315,True
1054,Gradient Boosting,0.7582788083706631,0.8444875107589378,True
1056,Gradient Boosting,0.7529684213181209,0.8170918118627121,True
1059,Gradient Boosting,0.7556821981341517,0.7958350821583564,True
1072,Gradient Boosting,0.6677220622294825,0.613939509005999,True
1075,Gradient Boosting,0.7269646517070208,0.7596655980129007,True
1081,Gradient Boosting,0.677279310610948,0.7850576715113613,True
1086,Gradient Boosting,0.6844467828043548,0.7967613295496624,True
1088,Gradient Boosting,0.7464933651012944,0.640052148747451,True
1094,Gradient Boosting,0.7208713071875863,0.8001477028533381,True
1100,Gradient Boosting,0.6487000186059287,0.7673503920075582,True
1103,Gradient Boosting,0.7089576445693924,0.7542717606829853,True
1105,Gradient Boosting,0.6761771880410565,0.6909614486280486,True
1113,Gradient Boosting,0.7186015661022133,0.6266519142389708,True
1118,Gradient Boosting,0.7303170108855371,0.6910196994226203,True
1120,Gradient Boosting,0.682198813536497,0.6702274491726269,True
1127,Gradient Boosting,0.7932802445494247,0.8058927480950588,True
1135,Gradient Boosting,0.6762291540155364,0.6446907503163429,True
1141,Gradient Boosting,0.5221276903080152,0.6697436037927944,True
1150,Gradient Boosting,0.7101611178840271,0.7891126507812201,True
1153,Gradient Boosting,0.6828619808572637,0.7437817419365721,True
1157,Gradient Boosting,0.7484510215175969,0.8139313816256923,True
1159,Gradient Boosting,0.6450082075933998,0.7854124224549324,True
1162,Gradient Boosting,0.7327104590092358,0.7913090025509344,True
1165,Gradient Boosting,0.7152493722634131,0.6525787854886055,True
1168,Gradient Boosting,0.7190947525294465,0.8049140848346317,True
1169,Gradient Boosting,0.5750040995354434,0.6643650519587104,True
1175,Gradient Boosting,0.5975090196318895,0.6132407247651839,True
1188,Gradient Boosting,0.6362113183053676,0.7434160030157245,True
1189,Gradient Boosting,0.7300402541389518,0.8088468351711144,True
1192,Gradient Boosting,0.6473354282302618,0.6739376524886346,True
1193,Gradient Boosting,0.6881523855608004,0.6374148753834881,True
1197,Gradient Boosting,0.6392404242291221,0.49233635476606574,True
1201,Gradient Boosting,0.7016720308985634,0.7180783525877856,True
1204,Gradient Boosting,0.6900645336888207,0.7034605517162666,True
1206,Gradient Boosting,0.6252019985051489,0.6964564728614223,True
1216,Gradient Boosting,0.5595122025889471,0.5868734097258688,True
1218,Gradient Boosting,0.7693414907904814,0.8125923751208891,True
1220,Gradient Boosting,0.6424939139427145,0.6984153822467332,True
1222,Gradient Boosting,0.7747135284962087,0.8262239968131393,True
1224,Gradient Boosting,0.709790706887708,0.780185492368809,True
1225,Gradient Boosting,0.6968610842150409,0.7604526126187963,True
1226,Gradient Boosting,0.6934993172950872,0.7607768579323709,True
1228,Gradient Boosting,0.7189584865923307,0.7709359449651357,True
1232,Gradient Boosting,0.7101436752929458,0.7870097654040928,True
1251,Gradient Boosting,0.755881568680898,0.7850933810929853,True
1252,Gradient Boosting,0.6621505159961774,0.77969511771534,True
1253,Gradient Boosting,0.7207792005811022,0.7216614511654208,True
1262,Gradient Boosting,0.7648692456718437,0.8163500555969755,True
1272,Gradient Boosting,0.67426936114619,0.6506721987758274,True
1273,Gradient Boosting,0.7844844809289998,0.7161161653832937,True
1282,Gradient Boosting,0.8016477442675444,0.8465844448351284,True
1286,Gradient Boosting,0.6563290953168673,0.7562427170000561,True
1295,Gradient Boosting,0.7781346838301767,0.8209454803176798,True
1299,Gradient Boosting,0.6410870587817242,0.6039904119378735,True
1306,Gradient Boosting,0.7345210653969217,0.6559241653975856,True
1317,Gradient Boosting,0.7100453031118871,0.6652900750560248,True
1330,Gradient Boosting,0.7273308356760361,0.7984650008550839,True
1331,Gradient Boosting,0.7702957399048191,0.8021764334138765,True
1333,Gradient Boosting,0.6229415993072484,0.6646384012393837,True
1334,Gradient Boosting,0.7639336947741989,0.8024483640566865,True
1335,Gradient Boosting,0.7283995293178345,0.6210320798149104,True
1337,Gradient Boosting,0.7653871713804858,0.7300618512879213,True
1339,Gradient Boosting,0.7603920543302575,0.8449456075528041,True
1351,Gradient Boosting,0.7501390891451988,0.7823371751662491,True
1352,Gradient Boosting,0.7553150819134729,0.7831839488204981,True
1356,Gradient Boosting,0.7116919647168799,0.6920375515557785,True
1361,Gradient Boosting,0.7100930196317873,0.7828936585880338,True
1362,Gradient Boosting,0.8021188251395202,0.8112114470382342,True
1364,Gradient Boosting,0.7200441193250764,0.7591838909738234,True
1370,Gradient Boosting,0.7334528692936895,0.7008709816018502,True
1381,Gradient Boosting,0.8135507635382191,0.8288284966037356,True
1386,Gradient Boosting,0.8080733134673298,0.7848568079010012,True
1388,Gradient Boosting,0.7800096688879187,0.8145278168883812,True
1389,Gradient Boosting,0.5797711177412402,0.6505932516876829,True
1390,Gradient Boosting,0.7109880839218566,0.8268795424580374,True
1394,Gradient Boosting,0.7404652777661433,0.5401545797989163,True
1395,Gradient Boosting,0.7039761681507211,0.7826000549414457,True
1411,Gradient Boosting,0.7000753669357351,0.7727181098265065,True
1415,Gradient Boosting,0.5829207500363014,0.674520817583415,True
1416,Gradient Boosting,0.8052340177245523,0.8350240640816687,True
1420,Gradient Boosting,0.7126783096130102,0.5866556964810793,True
1421,Gradient Boosting,0.5379963654035553,0.6914145270080047,True
1422,Gradient Boosting,0.6657353203315894,0.7191641136636299,True
1426,Gradient Boosting,0.5515956095182799,0.5024082521759502,True
1427,Gradient Boosting,0.7092463718605582,0.7502866092505341,True
1436,Gradient Boosting,0.589092035596734,0.7110499119882453,True
1447,Gradient Boosting,0.5501746598502801,0.6664571376924889,True
1453,Gradient Boosting,0.6754947356193075,0.6685296891501088,True
1463,Gradient Boosting,0.6959062765846906,0.7414129796162439,True
1464,Gradient Boosting,0.6840632725176609,0.7316643573161489,True
1466,Gradient Boosting,0.7999709715404494,0.8357008949435186,True
1471,Gradient Boosting,0.6769858452179235,0.7543262987919974,True
1473,Gradient Boosting,0.7303053780725097,0.7492082195216105,True
1479,Gradient Boosting,0.788206640089327,0.8652093578169079,True
1484,Gradient Boosting,0.7505791380892739,0.8015148619709463,True
1485,Gradient Boosting,0.6498436853756038,0.723288691339831,True
1487,Gradient Boosting,0.699762253166898,0.768465829865178,True
1491,Gradient Boosting,0.6827073515951987,0.7503531313970739,True
1493,Gradient Boosting,0.6770694751694113,0.764176382392794,True
1497,Gradient Boosting,0.6870737541899711,0.7560559211715496,True
1506,Gradient Boosting,0.652161374500422,0.7236031004491644,True
1507,Gradient Boosting,0.6743135556741716,0.6475264333063678,True
1509,Gradient Boosting,0.7721484041499584,0.7698185266009989,True
1510,Gradient Boosting,0.7875318334835403,0.8608587205248991,True
1513,Gradient Boosting,0.7576533421276129,0.7902117484423781,True
1515,Gradient Boosting,0.7099575397982618,0.7082570353471708,True
1523,Gradient Boosting,0.5483332688025537,0.6444293217393274,True
1529,Gradient Boosting,0.8012820245627851,0.794676053787293,True
1532,Gradient Boosting,0.6405163057445245,0.5655620539828656,True
1535,Gradient Boosting,0.7426315275064266,0.6751791064203229,True
1536,Gradient Boosting,0.8072641212213829,0.8208027687344654,True
1539,Gradient Boosting,0.8406291942945688,0.8337836728292721,True
1541,Gradient Boosting,0.8032663602268488,0.7388988725058755,True
1544,Gradient Boosting,0.5459753511976482,0.4547382812682093,True
1548,Gradient Boosting,0.7592917555120565,0.7549360523320481,True
1568,Gradient Boosting,0.6337540677245571,0.5817860998496868,True
1569,Gradient Boosting,0.7766791085636253,0.7058864743201072,True
1572,Gradient Boosting,0.8153509426733648,0.8072210006992336,True
1577,Gradient Boosting,0.5716606057955459,0.562989173173861,True
1581,Gradient Boosting,0.6512196745076059,0.7482514926770171,True
1587,Gradient Boosting,0.5565710691461846,0.6557379983242779,True
1593,Gradient Boosting,0.6684915161868122,0.7613308501127386,True
1594,Gradient Boosting,0.6347907243725885,0.7095153709151858,True
1595,Gradient Boosting,0.581500482358002,0.6806719341232729,True
1603,Gradient Boosting,0.6274687539981539,0.669045404854129,True
1607,Gradient Boosting,0.6535806888112486,0.6664161294837143,True
1608,Gradient Boosting,0.6887793584918562,0.7284713220189657,True
1609,Gradient Boosting,0.7334287651207362,0.7642902224820002,True
1620,Gradient Boosting,0.6668077866138323,0.757837082335433,True
1621,Gradient Boosting,0.7121742697590694,0.7953225982919125,True
1625,Gradient Boosting,0.8234444836283711,0.8201691995719272,True
1629,Gradient Boosting,0.7545764898819917,0.8531129474942335,True
1630,Gradient Boosting,0.5908344807251251,0.5337182439073799,True
1633,Gradient Boosting,0.7403173434680238,0.6904414521896173,True
1634,Gradient Boosting,0.6827504513192638,0.6747682975116394,True
1635,Gradient Boosting,0.7381302865171635,0.8041430531549558,True
1636,Gradient Boosting,0.6070059565083127,0.5106483423888764,True
1637,Gradient Boosting,0.7205563752607803,0.7975989460846205,True
1638,Gradient Boosting,0.7515558506228548,0.7980697117667579,True
1640,Gradient Boosting,0.7584426902163928,0.8196253194443036,True
1646,Gradient Boosting,0.7117307880328992,0.7018551687632006,True
1648,Gradient Boosting,0.7253390907890302,0.7780770468836504,True
1651,Gradient Boosting,0.7317942304634177,0.7900142963104019,True
1652,Gradient Boosting,0.6815438678276711,0.7090924830259174,True
1666,Gradient Boosting,0.6674115894254994,0.7157506382785495,True
1670,Gradient Boosting,0.6678960172659402,0.6833707765882437,True
1671,Gradient Boosting,0.7339345726127392,0.7687473795177859,True
1684,Gradient Boosting,0.6703386491365952,0.748034578974693,True
1687,Gradient Boosting,0.7690845767748214,0.8283338531655047,True
1695,Gradient Boosting,0.7251577563373858,0.7882803713382981,True
1699,Gradient Boosting,0.7102676687006563,0.8044350292620888,True
1709,Gradient Boosting,0.7291888646209881,0.7781023909285371,True
1712,Gradient Boosting,0.8186193833625939,0.7877479087715721,True
1714,Gradient Boosting,0.6689151503785806,0.7244092275807961,True
1717,Gradient Boosting,0.7073603469348005,0.7063682164544152,True
1721,Gradient Boosting,0.6880039673536055,0.7942179563494576,True
1722,Gradient Boosting,0.7579153039268045,0.7386739678980058,True
1724,Gradient Boosting,0.7144067833983903,0.686607062662077,True
1726,Gradient Boosting,0.6841685312287842,0.6508320437532454,True
1727,Gradient Boosting,0.6604466381071713,0.6585047318513246,True
1740,Gradient Boosting,0.6333356718940196,0.48706797998743034,True
1741,Gradient Boosting,0.6691583085412277,0.7031039947001544,True
1747,Gradient Boosting,0.7661506210187766,0.7778869121202061,True
1763,Gradient Boosting,0.6129122152981049,0.557826368729541,True
1766,Gradient Boosting,0.7512014457673376,0.8480556685051854,True
1771,Gradient Boosting,0.6960527198852084,0.728511939935385,True
1786,Gradient Boosting,0.7760062162341893,0.7832674085063277,True
1794,Gradient Boosting,0.7147753581411338,0.7774199768750598,True
1799,Gradient Boosting,0.7564787267089582,0.6587849112887529,True
1803,Gradient Boosting,0.5825502877918685,0.658222052586536,True
1813,Gradient Boosting,0.6595884802216698,0.7308631856607676,True
1823,Gradient Boosting,0.633979364484459,0.751703495179854,True
1825,Gradient Boosting,0.7240460344653233,0.774770264689865,True
1833,Gradient Boosting,0.7468964838641304,0.8289624654530238,True
1835,Gradient Boosting,0.7452134607695867,0.5622807349115475,True
1841,Gradient Boosting,0.7579620876937256,0.7393667640125866,True
1846,Gradient Boosting,0.6097247180273186,0.6846612093271472,True
1847,Gradient Boosting,0.6689809461219204,0.6663315335887795,True
1849,Gradient Boosting,0.6315836090197431,0.7066292458061647,True
1850,Gradient Boosting,0.8285425276294215,0.8894429260254153,True
1851,Gradient Boosting,0.6292819048975133,0.7063195312760789,True
1856,Gradient Boosting,0.840558097623739,0.8897593901372969,True
1858,Gradient Boosting,0.720723405449091,0.7782507157866648,True
1859,Gradient Boosting,0.7330231937334403,0.6832594528327942,True
1860,Gradient Boosting,0.7076975023551431,0.7193487488362023,True
1865,Gradient Boosting,0.695727763388466,0.694637679965423,True
1878,Gradient Boosting,0.6806515217807968,0.7319135002075652,True
1879,Gradient Boosting,0.7243775975503003,0.7589376235341826,True
1881,Gradient Boosting,0.6243623531767578,0.6069702794839822,True
1886,Gradient Boosting,0.7262312291937735,0.7495891827388023,True
1889,Gradient Boosting,0.6676077468468282,0.6467829148889137,True
1897,Gradient Boosting,0.7809943970546104,0.7435784639482613,True
1903,Gradient Boosting,0.7207582585700276,0.7577444175973072,True
1906,Gradient Boosting,0.7118134027920777,0.7156954918726631,True
1927,Gradient Boosting,0.7242116144440552,0.8000645394227379,True
1929,Gradient Boosting,0.7510072391774462,0.817616169497812,True
1935,Gradient Boosting,0.7212609025631169,0.7763720276637629,True
1946,Gradient Boosting,0.7125954796884041,0.7718081434899733,True
1948,Gradient Boosting,0.6980952252578597,0.7734887807048761,True
1950,Gradient Boosting,0.7990522336858785,0.8518858850128181,True
1953,Gradient Boosting,0.6858441106897106,0.7375620684880778,True
1955,Gradient Boosting,0.7338383728112232,0.6621162903982287,True
1971,Gradient Boosting,0.7091047468087305,0.782303836931347,True
1977,Gradient Boosting,0.6979337390513277,0.4060151348797886,True
1979,Gradient Boosting,0.7109968337063642,0.8036705821752966,True
1989,Gradient Boosting,0.6207857538182014,0.6506235961433682,True
2001,Gradient Boosting,0.761391852376456,0.8473631478541749,True
2002,Gradient Boosting,0.7097603356814018,0.6789713398754536,True
2004,Gradient Boosting,0.6999927550163075,0.6496212541775255,True
2005,Gradient Boosting,0.6650337627351479,0.7618364465924917,True
2015,Gradient Boosting,0.6439511804674186,0.6045944723264295,True
2016,Gradient Boosting,0.6639039129226897,0.6471285564145718,True
2021,Gradient Boosting,0.7470363073370693,0.739734457209372,True
2033,Gradient Boosting,0.739522841282551,0.6933922399052216,True
2042,Gradient Boosting,0.734577517250602,0.7643585120806268,True
2048,Gradient Boosting,0.7136445726735127,0.7503714474434976,True
2049,Gradient Boosting,0.7433246575104949,0.786716829256061,True
2050,Gradient Boosting,0.6769694092967135,0.6923888920730131,True
2052,Gradient Boosting,0.7907133251205635,0.813539218546495,True
2054,Gradient Boosting,0.7559838021290106,0.8296887098093001,True
2056,Gradient Boosting,0.7243012385341833,0.7789629980252628,True
2059,Gradient Boosting,0.7695445695263436,0.8350365095544419,True
2083,Gradient Boosting,0.6865399064838958,0.7287207610298904,True
2085,Gradient Boosting,0.7959820943907077,0.8150879099785682,True
2094,Gradient Boosting,0.7810902964709527,0.7242341393432484,True
2097,Gradient Boosting,0.7021433196384601,0.6351959821394856,True
2098,Gradient Boosting,0.7421598255363545,0.8429185398573414,True
2102,Gradient Boosting,0.7294388236177526,0.7996781008478785,True
2105,Gradient Boosting,0.661741006085524,0.7131562574696872,True
2106,Gradient Boosting,0.6424373296912448,0.7037219721471921,True
2113,Gradient Boosting,0.6957312741184103,0.7535759663055788,True
2119,Gradient Boosting,0.6879315315330136,0.6982492127264518,True
2121,Gradient Boosting,0.6571586561994206,0.7660684748522036,True
2127,Gradient Boosting,0.7851216241555983,0.830607345980208,True
2130,Gradient Boosting,0.6133692299864778,0.6686770686139812,True
2134,Gradient Boosting,0.7229424781707848,0.7654885671507772,True
2147,Gradient Boosting,0.6008403557447243,0.6673079770103172,True
2148,Gradient Boosting,0.6659307786379306,0.7806908355282255,True
2151,Gradient Boosting,0.717040736894215,0.7939879189655562,True
2152,Gradient Boosting,0.7325815168000437,0.7923004981115487,True
2154,Gradient Boosting,0.7398410696254177,0.7944061940025565,True
2159,Gradient Boosting,0.618714018591919,0.718351354864166,True
2160,Gradient Boosting,0.7249700728602331,0.8050553290800337,True
2163,Gradient Boosting,0.7139673828791999,0.7903116228514407,True
2164,Gradient Boosting,0.7314734980890252,0.7867563670842201,True
2166,Gradient Boosting,0.7589489853746392,0.83407973664556,True
2169,Gradient Boosting,0.7647290439622929,0.8118093144710596,True
2176,Gradient Boosting,0.7356445868300726,0.7786889233807878,True
2179,Gradient Boosting,0.7055955736299875,0.7561261271488268,True
2180,Gradient Boosting,0.6867649329064928,0.7008088914271388,True
2183,Gradient Boosting,0.7272686851223125,0.5810174755876888,True
2187,Gradient Boosting,0.7021875228354226,0.7730006301884677,True
2203,Gradient Boosting,0.6789349240397351,0.6516301289036274,True
2218,Gradient Boosting,0.7128406909280564,0.7069860426778181,True
2220,Gradient Boosting,0.7552625625899428,0.7561312275540255,True
2221,Gradient Boosting,0.7108675270619438,0.6785324605925267,True
2227,Gradient Boosting,0.7447496090867318,0.8338417460480815,True
2231,Gradient Boosting,0.6749152084572826,0.6833840891119409,True
2236,Gradient Boosting,0.6974500641862182,0.7314567411918507,True
2243,Gradient Boosting,0.7266327253340489,0.7928636907310109,True
2244,Gradient Boosting,0.7522847029760471,0.7535534650958063,True
2249,Gradient Boosting,0.6113348559325363,0.5513163548864257,True
2250,Gradient Boosting,0.6471852162476648,0.6646139606098904,True
2251,Gradient Boosting,0.6949176495371416,0.6190034955021243,True
2256,Gradient Boosting,0.7298161325659389,0.7367490352772482,True
2266,Gradient Boosting,0.7332244863700657,0.7093067182305688,True
2267,Gradient Boosting,0.7763427249822883,0.8097800173195034,True
2268,Gradient Boosting,0.601556136211354,0.6561682489161286,True
2270,Gradient Boosting,0.749060725457422,0.76473852552503,True
2271,Gradient Boosting,0.6290706905010363,0.7224064033561988,True
2274,Gradient Boosting,0.656916370987959,0.5822965288858577,True
2277,Gradient Boosting,0.5504426781520285,0.6290024117760971,True
2286,Gradient Boosting,0.6598883950113971,0.6582775530733416,True
2315,Gradient Boosting,0.6628496697616985,0.6322491666720079,True
2325,Gradient Boosting,0.8041882630122615,0.7895069573418926,True
2326,Gradient Boosting,0.7341505546312728,0.7756975776607508,True
2327,Gradient Boosting,0.7535994333197072,0.7351816478211778,True
2330,Gradient Boosting,0.708367053821176,0.691189408766115,True
2339,Gradient Boosting,0.6469833134935314,0.7356284593862874,True
2341,Gradient Boosting,0.5344601538228714,0.577154731350915,True
2344,Gradient Boosting,0.7269353132761023,0.7767173884182895,True
2345,Gradient Boosting,0.7041623161631547,0.7143275807671903,True
2346,Gradient Boosting,0.636037905917428,0.7042443577756217,True
2349,Gradient Boosting,0.7694972850509889,0.7337615820567654,True
2355,Gradient Boosting,0.742298581397703,0.7708446158100777,True
2357,Gradient Boosting,0.547469085827462,0.6155326137100466,True
2363,Gradient Boosting,0.6940038576074626,0.7589266292729682,True
2364,Gradient Boosting,0.5871946370405124,0.7298077841740443,True
2380,Gradient Boosting,0.7189924460199882,0.7910108153437173,True
2383,Gradient Boosting,0.6892032354481556,0.7019467450758491,True
2384,Gradient Boosting,0.7635176857611348,0.8185927474351508,True
2400,Gradient Boosting,0.6041689260254598,0.5186167559653856,True
2402,Gradient Boosting,0.7480405166791516,0.7818241104722532,True
2405,Gradient Boosting,0.744252856569126,0.7731187068263728,True
2407,Gradient Boosting,0.7134223852952529,0.8362479068324322,True
2412,Gradient Boosting,0.6681545068906359,0.6653676448509622,True
2413,Gradient Boosting,0.5278316487011333,0.36099732266607926,True
2414,Gradient Boosting,0.7166459022621521,0.6289424969837255,True
2418,Gradient Boosting,0.7489451220311756,0.7398275151637141,True
2419,Gradient Boosting,0.6429227719865632,0.6197653395542895,True
2427,Gradient Boosting,0.6464040310677118,0.656037678270458,True
2430,Gradient Boosting,0.6594647570670127,0.7789669060241339,True
2431,Gradient Boosting,0.6596139573809346,0.7366201534750263,True
2440,Gradient Boosting,0.8020331391216535,0.82304879334489,True
2443,Gradient Boosting,0.7551057475757409,0.7094392585898406,True
2447,Gradient Boosting,0.6099992639885703,0.5657407708213509,True
2448,Gradient Boosting,0.7849063570828778,0.8309449997082824,True
2450,Gradient Boosting,0.6789414085787655,0.7393173942387541,True
2453,Gradient Boosting,0.725304918876217,0.6013464240745104,True
2465,Gradient Boosting,0.7798083453519411,0.6858006662597286,True
2467,Gradient Boosting,0.7367042439855864,0.8166348935589712,True
2470,Gradient Boosting,0.6579995036456453,0.4876740145229299,True
2476,Gradient Boosting,0.755706089111722,0.7463662420684287,True
2485,Gradient Boosting,0.776087411936307,0.8036922182294522,True
2486,Gradient Boosting,0.7808011782247284,0.7855919197937191,True
2488,Gradient Boosting,0.58852725625594,0.6428386602044289,True
2496,Gradient Boosting,0.6318361737175829,0.6532979135409466,True
2511,Gradient Boosting,0.6289093589731987,0.6982617249826711,True
2512,Gradient Boosting,0.7376525271563918,0.7781586482879959,True
2514,Gradient Boosting,0.691610971901536,0.7462405273166224,True
2523,Gradient Boosting,0.7725259488527341,0.7507799370494261,True
2533,Gradient Boosting,0.6689032420303456,0.6423928388015694,True
2539,Gradient Boosting,0.6380815427478813,0.7030835146781789,True
2542,Gradient Boosting,0.7599150500990267,0.8333834157729095,True
2544,Gradient Boosting,0.657619232958707,0.7622586996898926,True
2549,Gradient Boosting,0.7559817860335202,0.8785706027469666,True
2553,Gradient Boosting,0.6361325161687503,0.662378754762096,True
2555,Gradient Boosting,0.584039423443698,0.6536510223527926,True
2561,Gradient Boosting,0.7180324945825795,0.7578730242363817,True
2570,Gradient Boosting,0.7113566002097594,0.8132592719541593,True
2571,Gradient Boosting,0.7721126688240328,0.7690244171166599,True
2574,Gradient Boosting,0.7147378021292033,0.7883070205233133,True
2578,Gradient Boosting,0.6983716854977795,0.756169779303639,True
2586,Gradient Boosting,0.6429086772711695,0.7181078420670688,True
2589,Gradient Boosting,0.6792045324614653,0.5878212686465024,True
2594,Gradient Boosting,0.7561608235572355,0.8297298174729762,True
2597,Gradient Boosting,0.6212895305730575,0.6733946233232644,True
2599,Gradient Boosting,0.701494069278965,0.5936339619264918,True
2606,Gradient Boosting,0.6503346481766119,0.7946967197360848,True
2612,Gradient Boosting,0.6594422316211671,0.6903477622447421,True
2624,Gradient Boosting,0.7179914215192273,0.7592868518037303,True
2628,Gradient Boosting,0.5838322947025537,0.7478958329142504,True
2632,Gradient Boosting,0.7154825323211429,0.7773726370897295,True
2634,Gradient Boosting,0.6377266107418149,0.6910745728314482,True
2641,Gradient Boosting,0.688155753665693,0.7671053062796879,True
2645,Gradient Boosting,0.7055440179927462,0.7088892135171849,True
2648,Gradient Boosting,0.6487884169606845,0.664952890827839,True
2649,Gradient Boosting,0.6376753211368665,0.7286372050201892,True
2651,Gradient Boosting,0.7855266497310768,0.8070694111774478,True
2671,Gradient Boosting,0.6398025579007918,0.659644044743541,True
2674,Gradient Boosting,0.7122398406267031,0.8050512014794796,True
2681,Gradient Boosting,0.7563887682843015,0.7616620105388452,True
2689,Gradient Boosting,0.7874239034389111,0.8345149902919647,True
2691,Gradient Boosting,0.5692992449533951,0.6792510169785394,True
2694,Gradient Boosting,0.7124853637828003,0.7847024881818396,True
2698,Gradient Boosting,0.7346326523701023,0.6748490898802653,True
2709,Gradient Boosting,0.7516968616582561,0.7300673935114367,True
2711,Gradient Boosting,0.7296658057357549,0.7585349242764652,True
2723,Gradient Boosting,0.6397098707341032,0.7665267834644129,True
2731,Gradient Boosting,0.7272879581551901,0.7315938044852872,True
2734,Gradient Boosting,0.6720056096976172,0.7661395253211862,True
2741,Gradient Boosting,0.6674206966610688,0.5268936422611551,True
2743,Gradient Boosting,0.7191591772994498,0.7604791689518977,True
2748,Gradient Boosting,0.8305917509165355,0.8238162674305787,True
2750,Gradient Boosting,0.812558686281645,0.8102645665889942,True
2751,Gradient Boosting,0.726157257621769,0.7900265889588224,True
2756,Gradient Boosting,0.8082252339347197,0.8051912669913114,True
2759,Gradient Boosting,0.5629990906906778,0.627877837314388,True
2764,Gradient Boosting,0.7300819827225041,0.6309623319748008,True
2768,Gradient Boosting,0.6814945450073417,0.7767209391776052,True
2783,Gradient Boosting,0.7282594404324902,0.726890640365953,True
2786,Gradient Boosting,0.7533737606145102,0.7345822529987025,True
2789,Gradient Boosting,0.6339389500794064,0.7268212471628964,True
2791,Gradient Boosting,0.7314504139061799,0.7683420095398924,True
2800,Gradient Boosting,0.778553515802801,0.8137095364788565,True
2802,Gradient Boosting,0.7167614010968144,0.8022758944406992,True
2830,Gradient Boosting,0.5586399295282558,0.6627912704031954,True
2833,Gradient Boosting,0.6843149703194511,0.7483188630488896,True
2834,Gradient Boosting,0.6737494183276433,0.7267835029623513,True
2848,Gradient Boosting,0.6274370757999882,0.6176107234155706,True
2851,Gradient Boosting,0.7043572904743112,0.7881308942265431,True
2859,Gradient Boosting,0.544484941312989,0.4427688642437202,True
2868,Gradient Boosting,0.6606371339272064,0.740362407636554,True
2869,Gradient Boosting,0.6715423801121851,0.7125352097754438,True
2875,Gradient Boosting,0.7832724112622826,0.7200840057035467,True
2879,Gradient Boosting,0.6489482220163999,0.6055475815720402,True
2889,Gradient Boosting,0.635283886215787,0.7148558385475962,True
2892,Gradient Boosting,0.7374665039583386,0.8073832802001504,True
2902,Gradient Boosting,0.7033545879690273,0.63579193032776,True
2910,Gradient Boosting,0.7868836590409036,0.8309837677195702,True
2930,Gradient Boosting,0.6840939096316087,0.6344806809922697,True
2934,Gradient Boosting,0.7138485774374894,0.7012258928059272,True
2935,Gradient Boosting,0.6041524471923038,0.6182218066646086,True
2939,Gradient Boosting,0.7953795022379697,0.7538803484752936,True
2941,Gradient Boosting,0.7838355702160031,0.7487251604593751,True
2957,Gradient Boosting,0.7468517445546798,0.6869101171849052,True
2961,Gradient Boosting,0.7380242610211829,0.7956621506510246,True
2962,Gradient Boosting,0.7477678676588438,0.7856538710077975,True
2969,Gradient Boosting,0.6999413906829653,0.7254870609626914,True
2972,Gradient Boosting,0.6285283334944487,0.6799000607164878,True
2979,Gradient Boosting,0.731732595121933,0.8080183057353987,True
2982,Gradient Boosting,0.7423932811408734,0.812795291669297,True
2987,Gradient Boosting,0.6269895499878981,0.5026803783455268,True
2988,Gradient Boosting,0.7138638514214156,0.6991280860343793,True
2991,Gradient Boosting,0.7708387556510989,0.8330008696880363,True
2995,Gradient Boosting,0.7384082831849533,0.8140584274794394,True
2997,Gradient Boosting,0.6288978403023316,0.7238290432338464,True
3003,Gradient Boosting,0.7412724598075645,0.7981646221959608,True
3004,Gradient Boosting,0.6700321556554647,0.7957592579556878,True
3006,Gradient Boosting,0.6039216946606355,0.697108828080261,True
3014,Gradient Boosting,0.7749378935172336,0.8357524696929014,True
3015,Gradient Boosting,0.7105537148674226,0.7371148798195507,True
3018,Gradient Boosting,0.6656127511918799,0.8024279165308297,True
3021,Gradient Boosting,0.7497266555217897,0.806082565255187,True
3022,Gradient Boosting,0.6459705261311982,0.5712522265346569,True
3030,Gradient Boosting,0.6937345323848716,0.5811811125405759,True
3038,Gradient Boosting,0.7294020546791695,0.7625746331396933,True
3049,Gradient Boosting,0.6912823312497991,0.7735077568986112,True
3055,Gradient Boosting,0.6846510303403411,0.656758524186476,True
3065,Gradient Boosting,0.7496892357300662,0.8408029392134534,True
3074,Gradient Boosting,0.72550252180711,0.6839274602700565,True
3090,Gradient Boosting,0.6970438656264538,0.7339226899669786,True
3095,Gradient Boosting,0.6959461982236773,0.7337052078264795,True
3097,Gradient Boosting,0.7766803256245107,0.8336086764452126,True
3098,Gradient Boosting,0.6837757255786296,0.6963450626335749,True
3101,Gradient Boosting,0.6641261983652182,0.7566248193295929,True
3102,Gradient Boosting,0.7886687540329079,0.7692326407580553,True
3107,Gradient Boosting,0.7581496928087663,0.8067803785270053,True
3121,Gradient Boosting,0.7386196513754012,0.8287789493018983,True
3125,Gradient Boosting,0.6665558739655189,0.5754091483558061,True
3134,Gradient Boosting,0.6893699051670319,0.7643304216061859,True
3148,Gradient Boosting,0.613850004369779,0.7284523636364943,True
3159,Gradient Boosting,0.6803729992775331,0.7375931830752092,True
3165,Gradient Boosting,0.590123174355588,0.7203375343381626,True
3169,Gradient Boosting,0.510638128308893,0.6140366068283954,True
3170,Gradient Boosting,0.6563225484057222,0.7761317285315856,True
3173,Gradient Boosting,0.7336758041077668,0.7210184881649092,True
3180,Gradient Boosting,0.7330863669017912,0.7517437964766781,True
3183,Gradient Boosting,0.6203248447938037,0.638046067648116,True
3185,Gradient Boosting,0.7925815431065151,0.8273447748664755,True
3188,Gradient Boosting,0.7404443167101539,0.7869943843123044,True
3198,Gradient Boosting,0.8005135588876446,0.8058488343057646,True
3201,Gradient Boosting,0.6932646785364482,0.7474827870727436,True
3203,Gradient Boosting,0.5903008431929794,0.6481185524098302,True
3205,Gradient Boosting,0.7983786962772323,0.7901285222317311,True
3209,Gradient Boosting,0.6291409988487505,0.6904906198398827,True
3218,Gradient Boosting,0.7262176204715816,0.7236893330206932,True
3223,Gradient Boosting,0.7939357777769589,0.8489829365250582,True
3235,Gradient Boosting,0.7652041544083015,0.8171045844161148,True
3237,Gradient Boosting,0.6463596085176427,0.7421835363928216,True
3239,Gradient Boosting,0.7013656156561247,0.758364999788049,True
3242,Gradient Boosting,0.8098739151607958,0.7988773470384961,True
3252,Gradient Boosting,0.7646821040731432,0.7688237550132717,True
3259,Gradient Boosting,0.7403726152439684,0.798145888082835,True
3261,Gradient Boosting,0.6327266662972214,0.759648088211144,True
3262,Gradient Boosting,0.6742640798394698,0.7329463947445132,True
3264,Gradient Boosting,0.7405908393366564,0.6781761480432702,True
3274,Gradient Boosting,0.8140481374674446,0.81513925509018,True
3276,Gradient Boosting,0.6688302934990769,0.46233772768018966,True
3277,Gradient Boosting,0.6209453925236513,0.6712670836370479,True
3279,Gradient Boosting,0.7792913959712856,0.8194553180457027,True
3282,Gradient Boosting,0.71551444700014,0.6729066379242832,True
3298,Gradient Boosting,0.7188976966005216,0.7480409364992868,True
3301,Gradient Boosting,0.733635541835156,0.8139626507892588,True
3324,Gradient Boosting,0.6669612671078051,0.6683503914773046,True
3326,Gradient Boosting,0.750662969448808,0.6601389543451923,True
3339,Gradient Boosting,0.6214996053547726,0.6698737533419576,True
3340,Gradient Boosting,0.7688067051570198,0.7759166622570378,True
3341,Gradient Boosting,0.7879834658923098,0.8159466605686971,True
3350,Gradient Boosting,0.7356185839191348,0.7019935096246485,True
3362,Gradient Boosting,0.6310455627493761,0.7662940189583618,True
3365,Gradient Boosting,0.7567013572954447,0.7394019441580212,True
3369,Gradient Boosting,0.6005538395453833,0.703041865279411,True
3373,Gradient Boosting,0.6726915427316809,0.8111647944584875,True
3382,Gradient Boosting,0.7139123953305837,0.7554124461197402,True
3383,Gradient Boosting,0.8037717752989437,0.7953249651388097,True
3385,Gradient Boosting,0.7073162605046718,0.729786192545254,True
3386,Gradient Boosting,0.7575206367819395,0.8118336477415646,True
3390,Gradient Boosting,0.7267474963553956,0.7487617061993177,True
3395,Gradient Boosting,0.7123081162787103,0.6972008426424848,True
3402,Gradient Boosting,0.7024108112127544,0.7429688763772133,True
3412,Gradient Boosting,0.7654084285457349,0.8055671698741144,True
3423,Gradient Boosting,0.6940297671371913,0.7271365323007756,True
3430,Gradient Boosting,0.7620942987598918,0.8167643455657501,True
3432,Gradient Boosting,0.7018306835890545,0.7889426776952614,True
3440,Gradient Boosting,0.7527122290985874,0.8133954644873245,True
3461,Gradient Boosting,0.7053534136273633,0.7159243565980252,True
3463,Gradient Boosting,0.6427414920827847,0.6310590260649906,True
3466,Gradient Boosting,0.6723438964593645,0.7341272176518219,True
3469,Gradient Boosting,0.7155415712758848,0.8156730647418634,True
3471,Gradient Boosting,0.7187894044321899,0.7363394783459305,True
3476,Gradient Boosting,0.7576743918879832,0.8193311010848214,True
3485,Gradient Boosting,0.6755284940382836,0.6656460463446974,True
3487,Gradient Boosting,0.7841488031556529,0.7970933224332837,True
3490,Gradient Boosting,0.6907056271163742,0.665529629202396,True
3496,Gradient Boosting,0.7694861078449677,0.7570588165195917,True
3505,Gradient Boosting,0.7762775184006913,0.8122257728280291,True
3510,Gradient Boosting,0.6985274626514139,0.7766873874638544,True
3518,Gradient Boosting,0.6144275099608255,0.6383190729993211,True
3526,Gradient Boosting,0.7148711573139586,0.6827323141556046,True
3533,Gradient Boosting,0.6776793161964259,0.7435107097106183,True
3545,Gradient Boosting,0.6859794420683565,0.7525435089810598,True
3555,Gradient Boosting,0.7281442478505126,0.7725503621888871,True
3556,Gradient Boosting,0.6471928149451479,0.6161906925934834,True
3559,Gradient Boosting,0.5698141159060074,0.6341675332281455,True
3574,Gradient Boosting,0.7146430169961752,0.785705643298024,True
3575,Gradient Boosting,0.6706231890071683,0.6186287820853857,True
3577,Gradient Boosting,0.6253966142995026,0.6333231657892164,True
3581,Gradient Boosting,0.733708200534688,0.7930690779754072,True
3582,Gradient Boosting,0.7916577549730857,0.7802373032350751,True
3583,Gradient Boosting,0.7372757833081652,0.7756569619683571,True
3590,Gradient Boosting,0.7826738234365314,0.8219947544165345,True
3591,Gradient Boosting,0.73894621928158,0.7766781028664012,True
3592,Gradient Boosting,0.7287371310708424,0.6417394477601688,True
3606,Gradient Boosting,0.6700096865652081,0.481664104414469,True
3612,Gradient Boosting,0.695643074139243,0.7247135300938233,True
3625,Gradient Boosting,0.7118224915310969,0.7644352230838526,True
3628,Gradient Boosting,0.6751385889644447,0.6539292830761186,True
3630,Gradient Boosting,0.7394386520410358,0.8058849960363734,True
3633,Gradient Boosting,0.7289714547135068,0.6561691048534968,True
3637,Gradient Boosting,0.7557575444914141,0.7129268862033524,True
3642,Gradient Boosting,0.6657430357121663,0.7779091843379893,True
3644,Gradient Boosting,0.653114429975112,0.6920537022780333,True
3657,Gradient Boosting,0.7502046851758931,0.7920330733358417,True
3670,Gradient Boosting,0.6900588669150818,0.6900307479178468,True
3673,Gradient Boosting,0.5941880283990355,0.6161060865679424,True
3677,Gradient Boosting,0.7451617515792235,0.802159698880716,True
3678,Gradient Boosting,0.786630668958337,0.8355897173573505,True
3681,Gradient Boosting,0.6757066497771534,0.6957081508914164,True
3683,Gradient Boosting,0.6203777508573062,0.716589533723327,True
3690,Gradient Boosting,0.5182381643396785,0.6351682524593364,True
3693,Gradient Boosting,0.600038445176389,0.7158240392034901,True
3699,Gradient Boosting,0.7961515784369253,0.8127505076882721,True
3700,Gradient Boosting,0.6788013274465922,0.7323119670449425,True
3707,Gradient Boosting,0.6951811086991991,0.7014508406707568,True
3709,Gradient Boosting,0.6448883326387495,0.6874239831184442,True
3713,Gradient Boosting,0.8077156221909892,0.8150622982243323,True
3722,Gradient Boosting,0.7765559217602503,0.7928656991032498,True
3727,Gradient Boosting,0.6552110468302565,0.7580396067592768,True
3731,Gradient Boosting,0.5525442214897813,0.46427148610892266,True
3733,Gradient Boosting,0.566143684059131,0.6079331715550219,True
3737,Gradient Boosting,0.6703294149429296,0.7154313554625384,True
3742,Gradient Boosting,0.7339030667374287,0.8022968653325933,True
3744,Gradient Boosting,0.6951852950533735,0.6643086811626304,True
3753,Gradient Boosting,0.7444206371382577,0.7960509786632476,True
3756,Gradient Boosting,0.6620760488110262,0.6803957568983932,True
3757,Gradient Boosting,0.7640359534106953,0.8011118224062718,True
3758,Gradient Boosting,0.6338629097146816,0.6776441155770299,True
3760,Gradient Boosting,0.7075870729504414,0.6445357743155724,True
3766,Gradient Boosting,0.7433627064038273,0.8093657500805632,True
3772,Gradient Boosting,0.7051164652218496,0.7486175047320053,True
3778,Gradient Boosting,0.6554276650597488,0.755252249715396,True
3781,Gradient Boosting,0.7199893297136984,0.7930391149796802,True
3782,Gradient Boosting,0.760780021078171,0.675968689649179,True
3788,Gradient Boosting,0.6925026937258572,0.6957325466986045,True
3794,Gradient Boosting,0.6682708757469508,0.6886393180567181,True
3803,Gradient Boosting,0.5980793360565683,0.4795289732676524,True
3806,Gradient Boosting,0.7384626135708,0.6405701585856424,True
3819,Gradient Boosting,0.7710553557782514,0.7636390106154478,True
3823,Gradient Boosting,0.682129610960345,0.5970289896351311,True
3827,Gradient Boosting,0.6732511044285541,0.7065772455418694,True
3837,Gradient Boosting,0.7457774641136476,0.7650371794572759,True
3841,Gradient Boosting,0.5691392633284775,0.5520481344732824,True
3853,Gradient Boosting,0.6857757839734001,0.6965422898376566,True
3859,Gradient Boosting,0.7685810867837363,0.8103861821240385,True
3861,Gradient Boosting,0.7352642134314116,0.8146726179422427,True
3867,Gradient Boosting,0.7193587156600518,0.7817279528210958,True
3868,Gradient Boosting,0.6307159158472166,0.6949260743717878,True
3873,Gradient Boosting,0.7905844641227391,0.83666740060096,True
3886,Gradient Boosting,0.6764265103654326,0.7909366162654595,True
3902,Gradient Boosting,0.6177258609658303,0.6869654866040406,True
3904,Gradient Boosting,0.7904454097464039,0.8287734031516621,True
3926,Gradient Boosting,0.7074886892134814,0.7702595093168646,True
3934,Gradient Boosting,0.7983668752299734,0.8740336286950013,True
3948,Gradient Boosting,0.7254837512172064,0.7460159075688069,True
3949,Gradient Boosting,0.658375325321458,0.7743290902951052,True
3957,Gradient Boosting,0.6308564937918438,0.7195146202060152,True
3959,Gradient Boosting,0.7456836069389837,0.8103206614658693,True
3964,Gradient Boosting,0.7612283439811562,0.7473211589333416,True
3970,Gradient Boosting,0.7153610387074664,0.7628543654767223,True
3973,Gradient Boosting,0.7380298810142286,0.8470017308017591,True
3974,Gradient Boosting,0.641492790824944,0.7242230791857578,True
3975,Gradient Boosting,0.7590450150185042,0.8190912530581455,True
3987,Gradient Boosting,0.7598631647754234,0.8067279457150326,True
3994,Gradient Boosting,0.6562370706372935,0.6797339638329221,True
3996,Gradient Boosting,0.6923413645193248,0.6297536234902235,True
3999,Gradient Boosting,0.7420939459660217,0.7898639590689897,True
4003,Gradient Boosting,0.7155463065987255,0.7877117008058856,True
4008,Gradient Boosting,0.8117278517263314,0.7766899108895312,True
4020,Gradient Boosting,0.7653064074805003,0.8154496046954112,True
4021,Gradient Boosting,0.716331736911309,0.6905293844251293,True
4023,Gradient Boosting,0.7543189649452311,0.7425395404999371,True
4027,Gradient Boosting,0.7010863704521062,0.7627366192050617,True
4030,Gradient Boosting,0.6512860773144398,0.6529578329198291,True
4032,Gradient Boosting,0.7051805848390656,0.7520117388860238,True
4038,Gradient Boosting,0.7134411643033537,0.7792000257129278,True
4041,Gradient Boosting,0.7204525271758087,0.7206477122996116,True
4054,Gradient Boosting,0.7180277559469928,0.8006688164842264,True
4061,Gradient Boosting,0.6729931817116482,0.6864684669898984,True
4075,Gradient Boosting,0.7946160761964566,0.8494796143791845,True
4078,Gradient Boosting,0.7138248827501026,0.714578817823337,True
4081,Gradient Boosting,0.6144485627698605,0.7238175218307005,True
4089,Gradient Boosting,0.686582744530372,0.6777533477622768,True
4090,Gradient Boosting,0.6618251125839044,0.515731669506561,True
4093,Gradient Boosting,0.7376176838390942,0.8098081682756221,True
4096,Gradient Boosting,0.7316911981996119,0.8033088904286602,True
4101,Gradient Boosting,0.7209193840574893,0.7767652262173875,True
4105,Gradient Boosting,0.6341403027405044,0.7460848650370757,True
4110,Gradient Boosting,0.7672525007681744,0.8383495743175134,True
4112,Gradient Boosting,0.7716954912646674,0.7795694320854542,True
4119,Gradient Boosting,0.6562965800413906,0.6011931822201535,True
4124,Gradient Boosting,0.6747557216638242,0.808544158199057,True
4125,Gradient Boosting,0.7723714208345946,0.8319211310287595,True
4126,Gradient Boosting,0.6192368175949241,0.6957065514684335,True
4128,Gradient Boosting,0.6990248554830051,0.7990674508124672,True
4130,Gradient Boosting,0.7301829610651842,0.8113157644580073,True
4133,Gradient Boosting,0.6837530189282811,0.7499076807606045,True
4137,Gradient Boosting,0.7098574626517947,0.6920214941313568,True
4140,Gradient Boosting,0.6858249134988064,0.7347196553370049,True
4146,Gradient Boosting,0.648897346159666,0.638599054096099,True
4149,Gradient Boosting,0.6858929333237587,0.6988115725852673,True
4152,Gradient Boosting,0.581156443893968,0.6401645473216883,True
4159,Gradient Boosting,0.7372071282888606,0.8076082274188553,True
4161,Gradient Boosting,0.7644918044322968,0.7614743914283578,True
4163,Gradient Boosting,0.7092618446068504,0.6961798373976035,True
4175,Gradient Boosting,0.7649776239860668,0.8113709108214076,True
4177,Gradient Boosting,0.695516738745264,0.7314275209315692,True
4179,Gradient Boosting,0.6950106389029833,0.7742985588890468,True
4188,Gradient Boosting,0.6709093748394357,0.7642943100858859,True
4189,Gradient Boosting,0.7428310514754555,0.6828719813843424,True
4195,Gradient Boosting,0.5817907122706303,0.7199053274570404,True
4199,Gradient Boosting,0.7508677438238369,0.830574125796425,True
4206,Gradient Boosting,0.5803873920229017,0.7432613995499171,True
4208,Gradient Boosting,0.694624495707783,0.6985351801575849,True
4215,Gradient Boosting,0.627312283742766,0.6514543431461695,True
4219,Gradient Boosting,0.736181004689428,0.7179214582007173,True
4220,Gradient Boosting,0.7080910646214033,0.6577582153501345,True
4221,Gradient Boosting,0.7334794624297,0.8142426813451358,True
4222,Gradient Boosting,0.6912047940503209,0.7126976576719944,True
4226,Gradient Boosting,0.7164896385918788,0.8089625964121123,True
4227,Gradient Boosting,0.7086900757997262,0.7481480852227246,True
4233,Gradient Boosting,0.7338367211453719,0.7914065477507726,True
4235,Gradient Boosting,0.5190830268379034,0.576089419648963,True
4242,Gradient Boosting,0.7471587003981354,0.7530572653080081,True
4244,Gradient Boosting,0.676133933333133,0.6521903314814488,True
4246,Gradient Boosting,0.7744423801929745,0.6971954571068367,True
4257,Gradient Boosting,0.6479400719917564,0.7393244287100909,True
4261,Gradient Boosting,0.7579224222781545,0.7519881865698831,True
4263,Gradient Boosting,0.7450484020452623,0.7226955958895808,True
4265,Gradient Boosting,0.711262979073365,0.7523946529722352,True
4268,Gradient Boosting,0.5765274311409219,0.6506359718151633,True
4276,Gradient Boosting,0.8027759116088526,0.7919063519812223,True
4278,Gradient Boosting,0.6901332553510087,0.7985602343622534,True
4283,Gradient Boosting,0.7346658404473937,0.7657915594628454,True
4284,Gradient Boosting,0.7414879030641875,0.8102812065746142,True
4286,Gradient Boosting,0.5933116091890283,0.674992507083138,True
4288,Gradient Boosting,0.7493616830659148,0.8268778275552118,True
4289,Gradient Boosting,0.6918451199267295,0.6759400988040952,True
4290,Gradient Boosting,0.6593662282361759,0.6927041976125875,True
4292,Gradient Boosting,0.7420601524310071,0.6872294211168871,True
4294,Gradient Boosting,0.7638825056115977,0.7493933438447943,True
4297,Gradient Boosting,0.6789097793117268,0.7182076938963163,True
4298,Gradient Boosting,0.757286459374952,0.7975661879810029,True
4299,Gradient Boosting,0.7491443758411945,0.7828677435006036,True
4301,Gradient Boosting,0.7036766815162442,0.6846297120988918,True
4305,Gradient Boosting,0.6478357669239814,0.7401318651839949,True
4308,Gradient Boosting,0.7015546011098511,0.7083600197414108,True
4311,Gradient Boosting,0.7192974650812592,0.755264545876931,True
4317,Gradient Boosting,0.7540629959385827,0.8145251674748617,True
4318,Gradient Boosting,0.710676329241304,0.700252444619541,True
4319,Gradient Boosting,0.6808329989314839,0.7432623160974715,True
4324,Gradient Boosting,0.7440118338722167,0.8278810837503862,True
4326,Gradient Boosting,0.753406813875306,0.8090508697129224,True
4332,Gradient Boosting,0.7162584908340994,0.6892606595718922,True
4336,Gradient Boosting,0.7607005407677707,0.806485100853838,True
4337,Gradient Boosting,0.611711526008542,0.6832565450775797,True
4338,Gradient Boosting,0.5410583402959108,0.6745198955786345,True
4354,Gradient Boosting,0.6515887852712043,0.641371872680346,True
4356,Gradient Boosting,0.8101791970100742,0.8054675819638264,True
4357,Gradient Boosting,0.7081739538260151,0.72013266564728,True
4366,Gradient Boosting,0.6224489305079842,0.6884193138337873,True
4367,Gradient Boosting,0.7011483495805245,0.7622857110565123,True
4369,Gradient Boosting,0.72884926918737,0.7542680079843264,True
4372,Gradient Boosting,0.7172892171687727,0.7526722038025659,True
4375,Gradient Boosting,0.8140653776095603,0.8027572998824246,True
4376,Gradient Boosting,0.719068064927394,0.7697399424952615,True
4377,Gradient Boosting,0.7509978786303204,0.6481628368412171,True
4387,Gradient Boosting,0.7636372627513082,0.7698945877845266,True
4389,Gradient Boosting,0.6732860558520918,0.7441757615062753,True
4391,Gradient Boosting,0.7608501639466283,0.7673961995935602,True
4392,Gradient Boosting,0.687163621869357,0.7791163587099283,True
4396,Gradient Boosting,0.713966033057103,0.7833576782091728,True
4413,Gradient Boosting,0.6493747690945602,0.6352533639009312,True
4415,Gradient Boosting,0.6901883642939689,0.7016029946518046,True
