Student_Index,Stage,Model,Observed_Dropout,Dropout_Probability,Default_Threshold,Default_Prediction,Locked_Threshold,Locked_Prediction,Illustrative_Risk_Tier
0,Stage 2,Logistic Regression,1,0.7155897376494663,0.5,1,0.56,1,High
3,Stage 2,Logistic Regression,0,0.1820797973559989,0.5,0,0.56,0,Low
6,Stage 2,Logistic Regression,0,0.04073011387048256,0.5,0,0.56,0,Low
17,Stage 2,Logistic Regression,0,0.1478860927518758,0.5,0,0.56,0,Low
22,Stage 2,Logistic Regression,0,0.0781931340907835,0.5,0,0.56,0,Low
25,Stage 2,Logistic Regression,0,0.08182764758984781,0.5,0,0.56,0,Low
27,Stage 2,Logistic Regression,0,0.040008356078087004,0.5,0,0.56,0,Low
35,Stage 2,Logistic Regression,1,0.998950155751057,0.5,1,0.56,1,High
47,Stage 2,Logistic Regression,0,0.17756376092214046,0.5,0,0.56,0,Low
48,Stage 2,Logistic Regression,0,0.046389717846219126,0.5,0,0.56,0,Low
49,Stage 2,Logistic Regression,0,0.08401250882728444,0.5,0,0.56,0,Low
51,Stage 2,Logistic Regression,0,0.04329495190471183,0.5,0,0.56,0,Low
62,Stage 2,Logistic Regression,0,0.4718940602728983,0.5,0,0.56,0,Medium
67,Stage 2,Logistic Regression,0,0.04870051661375171,0.5,0,0.56,0,Low
72,Stage 2,Logistic Regression,1,0.602411591583739,0.5,1,0.56,1,High
80,Stage 2,Logistic Regression,1,0.6119120983792633,0.5,1,0.56,1,High
89,Stage 2,Logistic Regression,0,0.6289435941028392,0.5,1,0.56,1,High
90,Stage 2,Logistic Regression,1,0.984643648920843,0.5,1,0.56,1,High
110,Stage 2,Logistic Regression,0,0.10328425098173893,0.5,0,0.56,0,Low
128,Stage 2,Logistic Regression,0,0.13137439475082005,0.5,0,0.56,0,Low
129,Stage 2,Logistic Regression,0,0.29754657229414605,0.5,0,0.56,0,Medium
133,Stage 2,Logistic Regression,1,0.4224477709825498,0.5,0,0.56,0,Medium
137,Stage 2,Logistic Regression,0,0.03181122155230514,0.5,0,0.56,0,Low
140,Stage 2,Logistic Regression,0,0.10916511226110191,0.5,0,0.56,0,Low
145,Stage 2,Logistic Regression,0,0.3568229342836199,0.5,0,0.56,0,Medium
161,Stage 2,Logistic Regression,0,0.024678325583264098,0.5,0,0.56,0,Low
164,Stage 2,Logistic Regression,0,0.14220061955166258,0.5,0,0.56,0,Low
167,Stage 2,Logistic Regression,0,0.15399755813238689,0.5,0,0.56,0,Low
169,Stage 2,Logistic Regression,1,0.39207697440477496,0.5,0,0.56,0,Medium
171,Stage 2,Logistic Regression,0,0.2262272975086407,0.5,0,0.56,0,Low
180,Stage 2,Logistic Regression,0,0.17226872009224087,0.5,0,0.56,0,Low
187,Stage 2,Logistic Regression,0,0.0814244738030925,0.5,0,0.56,0,Low
191,Stage 2,Logistic Regression,0,0.39514767343054286,0.5,0,0.56,0,Medium
192,Stage 2,Logistic Regression,1,0.9640593031859254,0.5,1,0.56,1,High
205,Stage 2,Logistic Regression,0,0.77085636341129,0.5,1,0.56,1,High
208,Stage 2,Logistic Regression,0,0.19305749135749845,0.5,0,0.56,0,Low
220,Stage 2,Logistic Regression,0,0.07836206928486009,0.5,0,0.56,0,Low
221,Stage 2,Logistic Regression,0,0.18457514551464801,0.5,0,0.56,0,Low
222,Stage 2,Logistic Regression,1,0.42430077066881866,0.5,0,0.56,0,Medium
229,Stage 2,Logistic Regression,0,0.03295653051808078,0.5,0,0.56,0,Low
230,Stage 2,Logistic Regression,0,0.14978938340368014,0.5,0,0.56,0,Low
239,Stage 2,Logistic Regression,1,0.981733639885359,0.5,1,0.56,1,High
246,Stage 2,Logistic Regression,0,0.030434680833066382,0.5,0,0.56,0,Low
247,Stage 2,Logistic Regression,1,0.9392665195880963,0.5,1,0.56,1,High
251,Stage 2,Logistic Regression,1,0.07707572011445216,0.5,0,0.56,0,Low
255,Stage 2,Logistic Regression,1,0.9968860682843117,0.5,1,0.56,1,High
257,Stage 2,Logistic Regression,0,0.08509018518305023,0.5,0,0.56,0,Low
266,Stage 2,Logistic Regression,0,0.053951692376131365,0.5,0,0.56,0,Low
269,Stage 2,Logistic Regression,0,0.05193777201958613,0.5,0,0.56,0,Low
270,Stage 2,Logistic Regression,0,0.031187233273624927,0.5,0,0.56,0,Low
277,Stage 2,Logistic Regression,1,0.9753149611570694,0.5,1,0.56,1,High
280,Stage 2,Logistic Regression,0,0.30954533715829,0.5,0,0.56,0,Medium
283,Stage 2,Logistic Regression,0,0.10974235234786792,0.5,0,0.56,0,Low
284,Stage 2,Logistic Regression,0,0.12211779271768969,0.5,0,0.56,0,Low
285,Stage 2,Logistic Regression,0,0.05323862096643249,0.5,0,0.56,0,Low
289,Stage 2,Logistic Regression,0,0.060817586730612105,0.5,0,0.56,0,Low
300,Stage 2,Logistic Regression,0,0.1476724601682622,0.5,0,0.56,0,Low
311,Stage 2,Logistic Regression,1,0.985289268028425,0.5,1,0.56,1,High
315,Stage 2,Logistic Regression,0,0.08966534101117951,0.5,0,0.56,0,Low
325,Stage 2,Logistic Regression,0,0.24819629190310769,0.5,0,0.56,0,Low
333,Stage 2,Logistic Regression,0,0.043978442994462595,0.5,0,0.56,0,Low
337,Stage 2,Logistic Regression,0,0.021116731016744703,0.5,0,0.56,0,Low
341,Stage 2,Logistic Regression,1,0.44581079183409145,0.5,0,0.56,0,Medium
346,Stage 2,Logistic Regression,0,0.17855113537406522,0.5,0,0.56,0,Low
360,Stage 2,Logistic Regression,0,0.3946774499185344,0.5,0,0.56,0,Medium
363,Stage 2,Logistic Regression,0,0.1147132444550335,0.5,0,0.56,0,Low
367,Stage 2,Logistic Regression,0,0.5759606851922902,0.5,1,0.56,1,High
380,Stage 2,Logistic Regression,1,0.1872565505495959,0.5,0,0.56,0,Low
387,Stage 2,Logistic Regression,0,0.6022437060503127,0.5,1,0.56,1,High
393,Stage 2,Logistic Regression,1,0.8917505421067574,0.5,1,0.56,1,High
400,Stage 2,Logistic Regression,0,0.09686292016740054,0.5,0,0.56,0,Low
408,Stage 2,Logistic Regression,0,0.11723692547993382,0.5,0,0.56,0,Low
417,Stage 2,Logistic Regression,1,0.4977725903308138,0.5,0,0.56,0,Medium
429,Stage 2,Logistic Regression,0,0.18671957864094518,0.5,0,0.56,0,Low
444,Stage 2,Logistic Regression,0,0.21437870789256389,0.5,0,0.56,0,Low
450,Stage 2,Logistic Regression,0,0.11223099311585426,0.5,0,0.56,0,Low
452,Stage 2,Logistic Regression,0,0.0498829197515099,0.5,0,0.56,0,Low
477,Stage 2,Logistic Regression,1,0.9978081093780438,0.5,1,0.56,1,High
478,Stage 2,Logistic Regression,0,0.11969984818044856,0.5,0,0.56,0,Low
486,Stage 2,Logistic Regression,1,0.22976318190344422,0.5,0,0.56,0,Low
487,Stage 2,Logistic Regression,1,0.6117069383210199,0.5,1,0.56,1,High
494,Stage 2,Logistic Regression,0,0.4743693729050541,0.5,0,0.56,0,Medium
495,Stage 2,Logistic Regression,1,0.9965880520727959,0.5,1,0.56,1,High
496,Stage 2,Logistic Regression,1,0.9661264978507159,0.5,1,0.56,1,High
506,Stage 2,Logistic Regression,0,0.2913534301014505,0.5,0,0.56,0,Medium
507,Stage 2,Logistic Regression,0,0.11256691439763332,0.5,0,0.56,0,Low
513,Stage 2,Logistic Regression,1,0.9927922540148241,0.5,1,0.56,1,High
531,Stage 2,Logistic Regression,1,0.9789283574077626,0.5,1,0.56,1,High
534,Stage 2,Logistic Regression,0,0.34385241199429106,0.5,0,0.56,0,Medium
535,Stage 2,Logistic Regression,0,0.5780425450169977,0.5,1,0.56,1,High
540,Stage 2,Logistic Regression,0,0.15344114263778771,0.5,0,0.56,0,Low
541,Stage 2,Logistic Regression,0,0.07247652980022973,0.5,0,0.56,0,Low
542,Stage 2,Logistic Regression,0,0.043653030003761556,0.5,0,0.56,0,Low
544,Stage 2,Logistic Regression,0,0.09329934974722441,0.5,0,0.56,0,Low
545,Stage 2,Logistic Regression,0,0.39066691096732425,0.5,0,0.56,0,Medium
548,Stage 2,Logistic Regression,0,0.14439624557246447,0.5,0,0.56,0,Low
564,Stage 2,Logistic Regression,0,0.20657358589026037,0.5,0,0.56,0,Low
567,Stage 2,Logistic Regression,1,0.8938099101031571,0.5,1,0.56,1,High
573,Stage 2,Logistic Regression,0,0.46320543545336074,0.5,0,0.56,0,Medium
574,Stage 2,Logistic Regression,0,0.27578488414821645,0.5,0,0.56,0,Medium
618,Stage 2,Logistic Regression,0,0.08116955680127393,0.5,0,0.56,0,Low
623,Stage 2,Logistic Regression,0,0.02033995765659626,0.5,0,0.56,0,Low
625,Stage 2,Logistic Regression,1,0.34491694722792077,0.5,0,0.56,0,Medium
629,Stage 2,Logistic Regression,0,0.23320386280625197,0.5,0,0.56,0,Low
636,Stage 2,Logistic Regression,0,0.05495857252323236,0.5,0,0.56,0,Low
641,Stage 2,Logistic Regression,0,0.31680727669769015,0.5,0,0.56,0,Medium
644,Stage 2,Logistic Regression,1,0.9979938157669577,0.5,1,0.56,1,High
647,Stage 2,Logistic Regression,0,0.10999943508876649,0.5,0,0.56,0,Low
659,Stage 2,Logistic Regression,1,0.915403725098122,0.5,1,0.56,1,High
661,Stage 2,Logistic Regression,0,0.03345679319521346,0.5,0,0.56,0,Low
662,Stage 2,Logistic Regression,0,0.30917711252769453,0.5,0,0.56,0,Medium
667,Stage 2,Logistic Regression,0,0.05480847129551925,0.5,0,0.56,0,Low
673,Stage 2,Logistic Regression,0,0.07932678329916144,0.5,0,0.56,0,Low
677,Stage 2,Logistic Regression,0,0.6231429419906129,0.5,1,0.56,1,High
678,Stage 2,Logistic Regression,1,0.9994229395450575,0.5,1,0.56,1,High
681,Stage 2,Logistic Regression,0,0.10121465702883903,0.5,0,0.56,0,Low
685,Stage 2,Logistic Regression,0,0.17924781547034607,0.5,0,0.56,0,Low
689,Stage 2,Logistic Regression,1,0.9994383641474959,0.5,1,0.56,1,High
696,Stage 2,Logistic Regression,0,0.2641179725119485,0.5,0,0.56,0,Medium
698,Stage 2,Logistic Regression,0,0.13738997355576169,0.5,0,0.56,0,Low
706,Stage 2,Logistic Regression,0,0.09729321524534922,0.5,0,0.56,0,Low
711,Stage 2,Logistic Regression,1,0.998847014447505,0.5,1,0.56,1,High
716,Stage 2,Logistic Regression,1,0.9993976376996452,0.5,1,0.56,1,High
721,Stage 2,Logistic Regression,0,0.1668702485846948,0.5,0,0.56,0,Low
730,Stage 2,Logistic Regression,1,0.8524045507456636,0.5,1,0.56,1,High
734,Stage 2,Logistic Regression,1,0.9949984114084615,0.5,1,0.56,1,High
744,Stage 2,Logistic Regression,0,0.5755861833177806,0.5,1,0.56,1,High
748,Stage 2,Logistic Regression,1,0.9802212985339924,0.5,1,0.56,1,High
750,Stage 2,Logistic Regression,0,0.2577729429951411,0.5,0,0.56,0,Low
757,Stage 2,Logistic Regression,1,0.90431354269306,0.5,1,0.56,1,High
760,Stage 2,Logistic Regression,0,0.06390343061188244,0.5,0,0.56,0,Low
764,Stage 2,Logistic Regression,0,0.027997912417479523,0.5,0,0.56,0,Low
774,Stage 2,Logistic Regression,0,0.28745926480381356,0.5,0,0.56,0,Medium
779,Stage 2,Logistic Regression,0,0.20579649219426938,0.5,0,0.56,0,Low
780,Stage 2,Logistic Regression,0,0.1067804007695605,0.5,0,0.56,0,Low
787,Stage 2,Logistic Regression,0,0.04098378866745773,0.5,0,0.56,0,Low
794,Stage 2,Logistic Regression,0,0.05626618766986793,0.5,0,0.56,0,Low
800,Stage 2,Logistic Regression,0,0.4117744003418155,0.5,0,0.56,0,Medium
807,Stage 2,Logistic Regression,0,0.8684791557824177,0.5,1,0.56,1,High
808,Stage 2,Logistic Regression,1,0.9222601417148536,0.5,1,0.56,1,High
810,Stage 2,Logistic Regression,1,0.9959706927916222,0.5,1,0.56,1,High
818,Stage 2,Logistic Regression,0,0.24779513293950153,0.5,0,0.56,0,Low
823,Stage 2,Logistic Regression,0,0.04910987669063786,0.5,0,0.56,0,Low
835,Stage 2,Logistic Regression,0,0.29011925300220015,0.5,0,0.56,0,Medium
839,Stage 2,Logistic Regression,0,0.16266076675952226,0.5,0,0.56,0,Low
840,Stage 2,Logistic Regression,1,0.9921954079667092,0.5,1,0.56,1,High
842,Stage 2,Logistic Regression,1,0.9988925458924287,0.5,1,0.56,1,High
850,Stage 2,Logistic Regression,0,0.10041321813789171,0.5,0,0.56,0,Low
855,Stage 2,Logistic Regression,1,0.6230548087914509,0.5,1,0.56,1,High
866,Stage 2,Logistic Regression,1,0.9558206430227717,0.5,1,0.56,1,High
869,Stage 2,Logistic Regression,0,0.29932497780861667,0.5,0,0.56,0,Medium
872,Stage 2,Logistic Regression,0,0.5531119309163052,0.5,1,0.56,0,Medium
874,Stage 2,Logistic Regression,0,0.0828770902512905,0.5,0,0.56,0,Low
885,Stage 2,Logistic Regression,0,0.8700357895726966,0.5,1,0.56,1,High
887,Stage 2,Logistic Regression,0,0.2249604512049727,0.5,0,0.56,0,Low
892,Stage 2,Logistic Regression,0,0.056760882516794446,0.5,0,0.56,0,Low
894,Stage 2,Logistic Regression,0,0.002719519510102002,0.5,0,0.56,0,Low
896,Stage 2,Logistic Regression,0,0.0888747185836227,0.5,0,0.56,0,Low
902,Stage 2,Logistic Regression,0,0.10366308401223678,0.5,0,0.56,0,Low
905,Stage 2,Logistic Regression,0,0.04154963972860924,0.5,0,0.56,0,Low
906,Stage 2,Logistic Regression,1,0.9791224510758098,0.5,1,0.56,1,High
911,Stage 2,Logistic Regression,0,0.2668812652603364,0.5,0,0.56,0,Medium
916,Stage 2,Logistic Regression,1,0.9960941908815302,0.5,1,0.56,1,High
919,Stage 2,Logistic Regression,0,0.23672355349524477,0.5,0,0.56,0,Low
921,Stage 2,Logistic Regression,0,0.1035182063283854,0.5,0,0.56,0,Low
923,Stage 2,Logistic Regression,1,0.9506959230138754,0.5,1,0.56,1,High
924,Stage 2,Logistic Regression,0,0.7152127445768789,0.5,1,0.56,1,High
930,Stage 2,Logistic Regression,0,0.7305009090817527,0.5,1,0.56,1,High
933,Stage 2,Logistic Regression,1,0.4917309640320454,0.5,0,0.56,0,Medium
939,Stage 2,Logistic Regression,1,0.662338232980381,0.5,1,0.56,1,High
946,Stage 2,Logistic Regression,0,0.34295456667824675,0.5,0,0.56,0,Medium
955,Stage 2,Logistic Regression,1,0.7736624791188635,0.5,1,0.56,1,High
958,Stage 2,Logistic Regression,0,0.19999757955122943,0.5,0,0.56,0,Low
962,Stage 2,Logistic Regression,0,0.6509072807063607,0.5,1,0.56,1,High
963,Stage 2,Logistic Regression,0,0.43468238001058335,0.5,0,0.56,0,Medium
967,Stage 2,Logistic Regression,1,0.9837529246824581,0.5,1,0.56,1,High
971,Stage 2,Logistic Regression,1,0.8582645706792769,0.5,1,0.56,1,High
972,Stage 2,Logistic Regression,1,0.9948222649517181,0.5,1,0.56,1,High
980,Stage 2,Logistic Regression,1,0.5439066088221164,0.5,1,0.56,0,Medium
985,Stage 2,Logistic Regression,0,0.06585473684373529,0.5,0,0.56,0,Low
986,Stage 2,Logistic Regression,0,0.25003285077602466,0.5,0,0.56,0,Low
993,Stage 2,Logistic Regression,0,0.14513169133373166,0.5,0,0.56,0,Low
994,Stage 2,Logistic Regression,0,0.025559845127625044,0.5,0,0.56,0,Low
1003,Stage 2,Logistic Regression,0,0.11001570537119632,0.5,0,0.56,0,Low
1008,Stage 2,Logistic Regression,0,0.026750255825739564,0.5,0,0.56,0,Low
1012,Stage 2,Logistic Regression,0,0.053972370381870964,0.5,0,0.56,0,Low
1013,Stage 2,Logistic Regression,1,0.9500711565198173,0.5,1,0.56,1,High
1027,Stage 2,Logistic Regression,0,0.14374387091684046,0.5,0,0.56,0,Low
1031,Stage 2,Logistic Regression,0,0.4577777145579381,0.5,0,0.56,0,Medium
1041,Stage 2,Logistic Regression,0,0.05914327832454853,0.5,0,0.56,0,Low
1050,Stage 2,Logistic Regression,0,0.31363881021583534,0.5,0,0.56,0,Medium
1054,Stage 2,Logistic Regression,0,0.051526584434229465,0.5,0,0.56,0,Low
1056,Stage 2,Logistic Regression,1,0.04708534610965834,0.5,0,0.56,0,Low
1059,Stage 2,Logistic Regression,0,0.05001225475052687,0.5,0,0.56,0,Low
1072,Stage 2,Logistic Regression,0,0.4975513085228328,0.5,0,0.56,0,Medium
1075,Stage 2,Logistic Regression,0,0.11042766239302068,0.5,0,0.56,0,Low
1081,Stage 2,Logistic Regression,0,0.21480462386635243,0.5,0,0.56,0,Low
1086,Stage 2,Logistic Regression,0,0.06759407529575916,0.5,0,0.56,0,Low
1088,Stage 2,Logistic Regression,0,0.7318641825839342,0.5,1,0.56,1,High
1094,Stage 2,Logistic Regression,0,0.06188358790114665,0.5,0,0.56,0,Low
1100,Stage 2,Logistic Regression,1,0.07039846941352106,0.5,0,0.56,0,Low
1103,Stage 2,Logistic Regression,0,0.13030507240061565,0.5,0,0.56,0,Low
1105,Stage 2,Logistic Regression,1,0.5205227952924771,0.5,1,0.56,0,Medium
1113,Stage 2,Logistic Regression,0,0.5648475440722039,0.5,1,0.56,1,High
1118,Stage 2,Logistic Regression,0,0.306651056316713,0.5,0,0.56,0,Medium
1120,Stage 2,Logistic Regression,0,0.38914809498943653,0.5,0,0.56,0,Medium
1127,Stage 2,Logistic Regression,0,0.7314232033282436,0.5,1,0.56,1,High
1135,Stage 2,Logistic Regression,1,0.9103233756114179,0.5,1,0.56,1,High
1141,Stage 2,Logistic Regression,0,0.11064673058593631,0.5,0,0.56,0,Low
1150,Stage 2,Logistic Regression,0,0.05797093331889602,0.5,0,0.56,0,Low
1153,Stage 2,Logistic Regression,0,0.3910331278757142,0.5,0,0.56,0,Medium
1157,Stage 2,Logistic Regression,0,0.0913288775614236,0.5,0,0.56,0,Low
1159,Stage 2,Logistic Regression,0,0.06809486157538402,0.5,0,0.56,0,Low
1162,Stage 2,Logistic Regression,0,0.08624541379550832,0.5,0,0.56,0,Low
1165,Stage 2,Logistic Regression,0,0.12973225127635413,0.5,0,0.56,0,Low
1168,Stage 2,Logistic Regression,1,0.1955543737136747,0.5,0,0.56,0,Low
1169,Stage 2,Logistic Regression,0,0.25639636550598627,0.5,0,0.56,0,Low
1175,Stage 2,Logistic Regression,1,0.825003996443562,0.5,1,0.56,1,High
1188,Stage 2,Logistic Regression,0,0.5149354588436656,0.5,1,0.56,0,Medium
1189,Stage 2,Logistic Regression,0,0.06187778836094322,0.5,0,0.56,0,Low
1192,Stage 2,Logistic Regression,0,0.3057154133435552,0.5,0,0.56,0,Medium
1193,Stage 2,Logistic Regression,0,0.3317122592522051,0.5,0,0.56,0,Medium
1197,Stage 2,Logistic Regression,1,0.748478322376679,0.5,1,0.56,1,High
1201,Stage 2,Logistic Regression,0,0.12362521800385637,0.5,0,0.56,0,Low
1204,Stage 2,Logistic Regression,1,0.9991773951696251,0.5,1,0.56,1,High
1206,Stage 2,Logistic Regression,0,0.3235828702012808,0.5,0,0.56,0,Medium
1216,Stage 2,Logistic Regression,0,0.26821468652703323,0.5,0,0.56,0,Medium
1218,Stage 2,Logistic Regression,0,0.0977307352536166,0.5,0,0.56,0,Low
1220,Stage 2,Logistic Regression,1,0.6851077382548376,0.5,1,0.56,1,High
1222,Stage 2,Logistic Regression,1,0.9982766827972855,0.5,1,0.56,1,High
1224,Stage 2,Logistic Regression,0,0.015571204371731958,0.5,0,0.56,0,Low
1225,Stage 2,Logistic Regression,0,0.056628131549154276,0.5,0,0.56,0,Low
1226,Stage 2,Logistic Regression,0,0.4122407961669187,0.5,0,0.56,0,Medium
1228,Stage 2,Logistic Regression,0,0.03134755911893523,0.5,0,0.56,0,Low
1232,Stage 2,Logistic Regression,0,0.15295952060187287,0.5,0,0.56,0,Low
1251,Stage 2,Logistic Regression,0,0.11568394113726944,0.5,0,0.56,0,Low
1252,Stage 2,Logistic Regression,0,0.20553498265643397,0.5,0,0.56,0,Low
1253,Stage 2,Logistic Regression,0,0.13236329776297354,0.5,0,0.56,0,Low
1262,Stage 2,Logistic Regression,1,0.9682457004584053,0.5,1,0.56,1,High
1272,Stage 2,Logistic Regression,1,0.43533134356459097,0.5,0,0.56,0,Medium
1273,Stage 2,Logistic Regression,1,0.9912266590203123,0.5,1,0.56,1,High
1282,Stage 2,Logistic Regression,1,0.9982558701629655,0.5,1,0.56,1,High
1286,Stage 2,Logistic Regression,0,0.07801404947687347,0.5,0,0.56,0,Low
1295,Stage 2,Logistic Regression,1,0.9158064364559624,0.5,1,0.56,1,High
1299,Stage 2,Logistic Regression,0,0.7053438900662417,0.5,1,0.56,1,High
1306,Stage 2,Logistic Regression,0,0.017248742426655278,0.5,0,0.56,0,Low
1317,Stage 2,Logistic Regression,1,0.9808738349117453,0.5,1,0.56,1,High
1330,Stage 2,Logistic Regression,0,0.047050134775970316,0.5,0,0.56,0,Low
1331,Stage 2,Logistic Regression,0,0.04025390803692978,0.5,0,0.56,0,Low
1333,Stage 2,Logistic Regression,0,0.4821738397351145,0.5,0,0.56,0,Medium
1334,Stage 2,Logistic Regression,0,0.06696420540126176,0.5,0,0.56,0,Low
1335,Stage 2,Logistic Regression,0,0.47116710142936186,0.5,0,0.56,0,Medium
1337,Stage 2,Logistic Regression,0,0.6214247806402128,0.5,1,0.56,1,High
1339,Stage 2,Logistic Regression,0,0.08893384287222163,0.5,0,0.56,0,Low
1351,Stage 2,Logistic Regression,0,0.06973760396148217,0.5,0,0.56,0,Low
1352,Stage 2,Logistic Regression,0,0.07843960077901514,0.5,0,0.56,0,Low
1356,Stage 2,Logistic Regression,1,0.8740286511732094,0.5,1,0.56,1,High
1361,Stage 2,Logistic Regression,0,0.11456468639149035,0.5,0,0.56,0,Low
1362,Stage 2,Logistic Regression,1,0.9845164626580737,0.5,1,0.56,1,High
1364,Stage 2,Logistic Regression,0,0.07286748141960911,0.5,0,0.56,0,Low
1370,Stage 2,Logistic Regression,0,0.09741314501630431,0.5,0,0.56,0,Low
1381,Stage 2,Logistic Regression,1,0.9995276212486163,0.5,1,0.56,1,High
1386,Stage 2,Logistic Regression,1,0.9964650486779044,0.5,1,0.56,1,High
1388,Stage 2,Logistic Regression,1,0.9827086168856327,0.5,1,0.56,1,High
1389,Stage 2,Logistic Regression,0,0.2867085136296659,0.5,0,0.56,0,Medium
1390,Stage 2,Logistic Regression,0,0.020663610168760674,0.5,0,0.56,0,Low
1394,Stage 2,Logistic Regression,0,0.06764348054686735,0.5,0,0.56,0,Low
1395,Stage 2,Logistic Regression,0,0.45739159403274504,0.5,0,0.56,0,Medium
1411,Stage 2,Logistic Regression,0,0.09645564384554077,0.5,0,0.56,0,Low
1415,Stage 2,Logistic Regression,0,0.13310005878199113,0.5,0,0.56,0,Low
1416,Stage 2,Logistic Regression,1,0.9953786869834624,0.5,1,0.56,1,High
1420,Stage 2,Logistic Regression,1,0.5879937020902573,0.5,1,0.56,1,High
1421,Stage 2,Logistic Regression,0,0.07278037496686332,0.5,0,0.56,0,Low
1422,Stage 2,Logistic Regression,0,0.034708737924325744,0.5,0,0.56,0,Low
1426,Stage 2,Logistic Regression,0,0.04821330175473142,0.5,0,0.56,0,Low
1427,Stage 2,Logistic Regression,0,0.253526059422254,0.5,0,0.56,0,Low
1436,Stage 2,Logistic Regression,0,0.25817980447357897,0.5,0,0.56,0,Low
1447,Stage 2,Logistic Regression,1,0.22529196089244993,0.5,0,0.56,0,Low
1453,Stage 2,Logistic Regression,0,0.15411529127661747,0.5,0,0.56,0,Low
1463,Stage 2,Logistic Regression,1,0.7131654952985614,0.5,1,0.56,1,High
1464,Stage 2,Logistic Regression,0,0.20610747263454118,0.5,0,0.56,0,Low
1466,Stage 2,Logistic Regression,1,0.73125735542813,0.5,1,0.56,1,High
1471,Stage 2,Logistic Regression,0,0.31223181848416326,0.5,0,0.56,0,Medium
1473,Stage 2,Logistic Regression,1,0.9932229372787786,0.5,1,0.56,1,High
1479,Stage 2,Logistic Regression,1,0.38324300786897836,0.5,0,0.56,0,Medium
1484,Stage 2,Logistic Regression,0,0.06995379050205135,0.5,0,0.56,0,Low
1485,Stage 2,Logistic Regression,0,0.2865759690135079,0.5,0,0.56,0,Medium
1487,Stage 2,Logistic Regression,0,0.21656734753818488,0.5,0,0.56,0,Low
1491,Stage 2,Logistic Regression,0,0.3081330382343611,0.5,0,0.56,0,Medium
1493,Stage 2,Logistic Regression,0,0.5581625954289052,0.5,1,0.56,0,Medium
1497,Stage 2,Logistic Regression,0,0.31063586253672143,0.5,0,0.56,0,Medium
1506,Stage 2,Logistic Regression,0,0.5514521436892937,0.5,1,0.56,0,Medium
1507,Stage 2,Logistic Regression,0,0.38106079607193316,0.5,0,0.56,0,Medium
1509,Stage 2,Logistic Regression,1,0.9279108558770545,0.5,1,0.56,1,High
1510,Stage 2,Logistic Regression,1,0.9938967282963072,0.5,1,0.56,1,High
1513,Stage 2,Logistic Regression,0,0.15995017143741488,0.5,0,0.56,0,Low
1515,Stage 2,Logistic Regression,0,0.008600189483274769,0.5,0,0.56,0,Low
1523,Stage 2,Logistic Regression,1,0.18179784483048525,0.5,0,0.56,0,Low
1529,Stage 2,Logistic Regression,1,0.6936869322165561,0.5,1,0.56,1,High
1532,Stage 2,Logistic Regression,0,0.11470760811163974,0.5,0,0.56,0,Low
1535,Stage 2,Logistic Regression,0,0.41206265154716215,0.5,0,0.56,0,Medium
1536,Stage 2,Logistic Regression,1,0.9716122150424189,0.5,1,0.56,1,High
1539,Stage 2,Logistic Regression,1,0.9930712510541565,0.5,1,0.56,1,High
1541,Stage 2,Logistic Regression,1,0.9937228533683734,0.5,1,0.56,1,High
1544,Stage 2,Logistic Regression,1,0.8686564043092103,0.5,1,0.56,1,High
1548,Stage 2,Logistic Regression,1,0.9992040235709811,0.5,1,0.56,1,High
1568,Stage 2,Logistic Regression,0,0.6931832198254975,0.5,1,0.56,1,High
1569,Stage 2,Logistic Regression,1,0.9503186724907423,0.5,1,0.56,1,High
1572,Stage 2,Logistic Regression,1,0.9993926267585554,0.5,1,0.56,1,High
1577,Stage 2,Logistic Regression,0,0.17324816455099912,0.5,0,0.56,0,Low
1581,Stage 2,Logistic Regression,0,0.6158652136075516,0.5,1,0.56,1,High
1587,Stage 2,Logistic Regression,0,0.42421954641055193,0.5,0,0.56,0,Medium
1593,Stage 2,Logistic Regression,1,0.9066801088193327,0.5,1,0.56,1,High
1594,Stage 2,Logistic Regression,0,0.7929615541368167,0.5,1,0.56,1,High
1595,Stage 2,Logistic Regression,0,0.22852714450667058,0.5,0,0.56,0,Low
1603,Stage 2,Logistic Regression,0,0.026102051831075158,0.5,0,0.56,0,Low
1607,Stage 2,Logistic Regression,0,0.021361104984365706,0.5,0,0.56,0,Low
1608,Stage 2,Logistic Regression,0,0.29905509095760024,0.5,0,0.56,0,Medium
1609,Stage 2,Logistic Regression,0,0.13998958668699527,0.5,0,0.56,0,Low
1620,Stage 2,Logistic Regression,0,0.11944692441855925,0.5,0,0.56,0,Low
1621,Stage 2,Logistic Regression,0,0.37852906754455473,0.5,0,0.56,0,Medium
1625,Stage 2,Logistic Regression,1,0.9965175329937671,0.5,1,0.56,1,High
1629,Stage 2,Logistic Regression,1,0.9842443983034298,0.5,1,0.56,1,High
1630,Stage 2,Logistic Regression,0,0.7733049839184415,0.5,1,0.56,1,High
1633,Stage 2,Logistic Regression,0,0.04422294542918967,0.5,0,0.56,0,Low
1634,Stage 2,Logistic Regression,0,0.4814350848299705,0.5,0,0.56,0,Medium
1635,Stage 2,Logistic Regression,0,0.15860561038746504,0.5,0,0.56,0,Low
1636,Stage 2,Logistic Regression,0,0.6667099087654982,0.5,1,0.56,1,High
1637,Stage 2,Logistic Regression,0,0.12901049284221963,0.5,0,0.56,0,Low
1638,Stage 2,Logistic Regression,1,0.9889983605561842,0.5,1,0.56,1,High
1640,Stage 2,Logistic Regression,0,0.04523578708359686,0.5,0,0.56,0,Low
1646,Stage 2,Logistic Regression,0,0.01233286615940118,0.5,0,0.56,0,Low
1648,Stage 2,Logistic Regression,1,0.05307280698763373,0.5,0,0.56,0,Low
1651,Stage 2,Logistic Regression,0,0.08466660940365564,0.5,0,0.56,0,Low
1652,Stage 2,Logistic Regression,0,0.21390227970554573,0.5,0,0.56,0,Low
1666,Stage 2,Logistic Regression,0,0.029127719750159986,0.5,0,0.56,0,Low
1670,Stage 2,Logistic Regression,0,0.37430279875729633,0.5,0,0.56,0,Medium
1671,Stage 2,Logistic Regression,0,0.04293981523397289,0.5,0,0.56,0,Low
1684,Stage 2,Logistic Regression,0,0.24214141156906477,0.5,0,0.56,0,Low
1687,Stage 2,Logistic Regression,1,0.9974872684647634,0.5,1,0.56,1,High
1695,Stage 2,Logistic Regression,0,0.08629388287399507,0.5,0,0.56,0,Low
1699,Stage 2,Logistic Regression,1,0.9899429460713255,0.5,1,0.56,1,High
1709,Stage 2,Logistic Regression,0,0.060913677160958406,0.5,0,0.56,0,Low
1712,Stage 2,Logistic Regression,1,0.9504217739746065,0.5,1,0.56,1,High
1714,Stage 2,Logistic Regression,0,0.05692645565827411,0.5,0,0.56,0,Low
1717,Stage 2,Logistic Regression,0,0.9116089349894058,0.5,1,0.56,1,High
1721,Stage 2,Logistic Regression,0,0.2559412319273272,0.5,0,0.56,0,Low
1722,Stage 2,Logistic Regression,0,0.045158717026539744,0.5,0,0.56,0,Low
1724,Stage 2,Logistic Regression,0,0.01112797679630974,0.5,0,0.56,0,Low
1726,Stage 2,Logistic Regression,0,0.017171340514812207,0.5,0,0.56,0,Low
1727,Stage 2,Logistic Regression,0,0.5902803018809751,0.5,1,0.56,1,High
1740,Stage 2,Logistic Regression,1,0.5645624953165251,0.5,1,0.56,1,High
1741,Stage 2,Logistic Regression,0,0.37011223396610987,0.5,0,0.56,0,Medium
1747,Stage 2,Logistic Regression,1,0.9938886094588777,0.5,1,0.56,1,High
1763,Stage 2,Logistic Regression,0,0.4218958224031575,0.5,0,0.56,0,Medium
1766,Stage 2,Logistic Regression,1,0.9977317794928146,0.5,1,0.56,1,High
1771,Stage 2,Logistic Regression,0,0.7940835636009522,0.5,1,0.56,1,High
1786,Stage 2,Logistic Regression,1,0.9885443786318657,0.5,1,0.56,1,High
1794,Stage 2,Logistic Regression,0,0.19985700474869877,0.5,0,0.56,0,Low
1799,Stage 2,Logistic Regression,1,0.9428095670269393,0.5,1,0.56,1,High
1803,Stage 2,Logistic Regression,1,0.37963774318340937,0.5,0,0.56,0,Medium
1813,Stage 2,Logistic Regression,0,0.3374206041423592,0.5,0,0.56,0,Medium
1823,Stage 2,Logistic Regression,1,0.9169368654143238,0.5,1,0.56,1,High
1825,Stage 2,Logistic Regression,0,0.18122901680488926,0.5,0,0.56,0,Low
1833,Stage 2,Logistic Regression,1,0.7764151135492772,0.5,1,0.56,1,High
1835,Stage 2,Logistic Regression,0,0.00836685006025217,0.5,0,0.56,0,Low
1841,Stage 2,Logistic Regression,1,0.8205336168243741,0.5,1,0.56,1,High
1846,Stage 2,Logistic Regression,1,0.1366073964121279,0.5,0,0.56,0,Low
1847,Stage 2,Logistic Regression,1,0.48480003127600996,0.5,0,0.56,0,Medium
1849,Stage 2,Logistic Regression,0,0.5929399491990924,0.5,1,0.56,1,High
1850,Stage 2,Logistic Regression,1,0.9990896171863826,0.5,1,0.56,1,High
1851,Stage 2,Logistic Regression,1,0.08567583485880535,0.5,0,0.56,0,Low
1856,Stage 2,Logistic Regression,0,0.5883871543910204,0.5,1,0.56,1,High
1858,Stage 2,Logistic Regression,0,0.23466679610794075,0.5,0,0.56,0,Low
1859,Stage 2,Logistic Regression,0,0.690751533877939,0.5,1,0.56,1,High
1860,Stage 2,Logistic Regression,1,0.9648139064393182,0.5,1,0.56,1,High
1865,Stage 2,Logistic Regression,0,0.3670625710669543,0.5,0,0.56,0,Medium
1878,Stage 2,Logistic Regression,1,0.922034108649579,0.5,1,0.56,1,High
1879,Stage 2,Logistic Regression,0,0.14610780815074978,0.5,0,0.56,0,Low
1881,Stage 2,Logistic Regression,1,0.648983430599964,0.5,1,0.56,1,High
1886,Stage 2,Logistic Regression,1,0.9260516042139866,0.5,1,0.56,1,High
1889,Stage 2,Logistic Regression,0,0.34492828857090996,0.5,0,0.56,0,Medium
1897,Stage 2,Logistic Regression,1,0.8587375281065284,0.5,1,0.56,1,High
1903,Stage 2,Logistic Regression,0,0.09628860508931983,0.5,0,0.56,0,Low
1906,Stage 2,Logistic Regression,0,0.04365246586185966,0.5,0,0.56,0,Low
1927,Stage 2,Logistic Regression,0,0.11233006545712419,0.5,0,0.56,0,Low
1929,Stage 2,Logistic Regression,0,0.05805210603245388,0.5,0,0.56,0,Low
1935,Stage 2,Logistic Regression,0,0.09375559805221767,0.5,0,0.56,0,Low
1946,Stage 2,Logistic Regression,0,0.01907497919581395,0.5,0,0.56,0,Low
1948,Stage 2,Logistic Regression,0,0.06855684315737146,0.5,0,0.56,0,Low
1950,Stage 2,Logistic Regression,1,0.9621682153390984,0.5,1,0.56,1,High
1953,Stage 2,Logistic Regression,0,0.06336057429299322,0.5,0,0.56,0,Low
1955,Stage 2,Logistic Regression,0,0.4507552602665264,0.5,0,0.56,0,Medium
1971,Stage 2,Logistic Regression,0,0.05460418449062189,0.5,0,0.56,0,Low
1977,Stage 2,Logistic Regression,0,0.007929637812531039,0.5,0,0.56,0,Low
1979,Stage 2,Logistic Regression,0,0.29211166018603824,0.5,0,0.56,0,Medium
1989,Stage 2,Logistic Regression,0,0.16675523852978927,0.5,0,0.56,0,Low
2001,Stage 2,Logistic Regression,1,0.028774449668050806,0.5,0,0.56,0,Low
2002,Stage 2,Logistic Regression,0,0.22333807051804025,0.5,0,0.56,0,Low
2004,Stage 2,Logistic Regression,1,0.9999522485150488,0.5,1,0.56,1,High
2005,Stage 2,Logistic Regression,0,0.04513678411090614,0.5,0,0.56,0,Low
2015,Stage 2,Logistic Regression,0,0.023113851789584305,0.5,0,0.56,0,Low
2016,Stage 2,Logistic Regression,0,0.285297720140592,0.5,0,0.56,0,Medium
2021,Stage 2,Logistic Regression,1,0.9993145578632431,0.5,1,0.56,1,High
2033,Stage 2,Logistic Regression,1,0.9848729769335639,0.5,1,0.56,1,High
2042,Stage 2,Logistic Regression,0,0.14733893478314683,0.5,0,0.56,0,Low
2048,Stage 2,Logistic Regression,0,0.11651347565686208,0.5,0,0.56,0,Low
2049,Stage 2,Logistic Regression,0,0.0724365385920658,0.5,0,0.56,0,Low
2050,Stage 2,Logistic Regression,0,0.22770968024196128,0.5,0,0.56,0,Low
2052,Stage 2,Logistic Regression,1,0.6565846977109716,0.5,1,0.56,1,High
2054,Stage 2,Logistic Regression,0,0.10812846092214436,0.5,0,0.56,0,Low
2056,Stage 2,Logistic Regression,0,0.014485002673919481,0.5,0,0.56,0,Low
2059,Stage 2,Logistic Regression,1,0.9241406971530441,0.5,1,0.56,1,High
2083,Stage 2,Logistic Regression,0,0.22586237923915897,0.5,0,0.56,0,Low
2085,Stage 2,Logistic Regression,1,0.9936431440944802,0.5,1,0.56,1,High
2094,Stage 2,Logistic Regression,1,0.8663581847251254,0.5,1,0.56,1,High
2097,Stage 2,Logistic Regression,0,0.18489951814525654,0.5,0,0.56,0,Low
2098,Stage 2,Logistic Regression,0,0.017724838491233783,0.5,0,0.56,0,Low
2102,Stage 2,Logistic Regression,0,0.054369145258744776,0.5,0,0.56,0,Low
2105,Stage 2,Logistic Regression,0,0.09212159801413883,0.5,0,0.56,0,Low
2106,Stage 2,Logistic Regression,0,0.7632006482947311,0.5,1,0.56,1,High
2113,Stage 2,Logistic Regression,0,0.06168968544877048,0.5,0,0.56,0,Low
2119,Stage 2,Logistic Regression,0,0.49982903247403826,0.5,0,0.56,0,Medium
2121,Stage 2,Logistic Regression,0,0.22757202396869794,0.5,0,0.56,0,Low
2127,Stage 2,Logistic Regression,1,0.6967095983738296,0.5,1,0.56,1,High
2130,Stage 2,Logistic Regression,0,0.03251323711253187,0.5,0,0.56,0,Low
2134,Stage 2,Logistic Regression,0,0.08283611317890999,0.5,0,0.56,0,Low
2147,Stage 2,Logistic Regression,0,0.12633030266925308,0.5,0,0.56,0,Low
2148,Stage 2,Logistic Regression,0,0.10829256947231361,0.5,0,0.56,0,Low
2151,Stage 2,Logistic Regression,0,0.5779996943502084,0.5,1,0.56,1,High
2152,Stage 2,Logistic Regression,0,0.09158408013391132,0.5,0,0.56,0,Low
2154,Stage 2,Logistic Regression,0,0.021828607187784618,0.5,0,0.56,0,Low
2159,Stage 2,Logistic Regression,1,0.7591088433863674,0.5,1,0.56,1,High
2160,Stage 2,Logistic Regression,0,0.030803162679915584,0.5,0,0.56,0,Low
2163,Stage 2,Logistic Regression,0,0.24233933378821462,0.5,0,0.56,0,Low
2164,Stage 2,Logistic Regression,0,0.14969457444700573,0.5,0,0.56,0,Low
2166,Stage 2,Logistic Regression,0,0.09641806454565714,0.5,0,0.56,0,Low
2169,Stage 2,Logistic Regression,0,0.30264189269340114,0.5,0,0.56,0,Medium
2176,Stage 2,Logistic Regression,0,0.18935995483701126,0.5,0,0.56,0,Low
2179,Stage 2,Logistic Regression,0,0.10752934022148745,0.5,0,0.56,0,Low
2180,Stage 2,Logistic Regression,1,0.5891762878630942,0.5,1,0.56,1,High
2183,Stage 2,Logistic Regression,1,0.28580820227324066,0.5,0,0.56,0,Medium
2187,Stage 2,Logistic Regression,0,0.02018084094860238,0.5,0,0.56,0,Low
2203,Stage 2,Logistic Regression,1,0.5491200013088988,0.5,1,0.56,0,Medium
2218,Stage 2,Logistic Regression,0,0.2081433784768288,0.5,0,0.56,0,Low
2220,Stage 2,Logistic Regression,0,0.2043064192717077,0.5,0,0.56,0,Low
2221,Stage 2,Logistic Regression,0,0.14991443811643426,0.5,0,0.56,0,Low
2227,Stage 2,Logistic Regression,1,0.9225836085039998,0.5,1,0.56,1,High
2231,Stage 2,Logistic Regression,1,0.5785426862240441,0.5,1,0.56,1,High
2236,Stage 2,Logistic Regression,0,0.5367310538327096,0.5,1,0.56,0,Medium
2243,Stage 2,Logistic Regression,0,0.10142457591229358,0.5,0,0.56,0,Low
2244,Stage 2,Logistic Regression,1,0.9754802765114369,0.5,1,0.56,1,High
2249,Stage 2,Logistic Regression,0,0.4538965432149483,0.5,0,0.56,0,Medium
2250,Stage 2,Logistic Regression,1,0.1963407873977962,0.5,0,0.56,0,Low
2251,Stage 2,Logistic Regression,1,0.24189474612696574,0.5,0,0.56,0,Low
2256,Stage 2,Logistic Regression,1,0.6013322814887084,0.5,1,0.56,1,High
2266,Stage 2,Logistic Regression,1,0.9542043297652472,0.5,1,0.56,1,High
2267,Stage 2,Logistic Regression,1,0.9590993512074749,0.5,1,0.56,1,High
2268,Stage 2,Logistic Regression,1,0.6886507308425752,0.5,1,0.56,1,High
2270,Stage 2,Logistic Regression,1,0.9990621010138836,0.5,1,0.56,1,High
2271,Stage 2,Logistic Regression,0,0.112942525764726,0.5,0,0.56,0,Low
2274,Stage 2,Logistic Regression,1,0.6207840128966131,0.5,1,0.56,1,High
2277,Stage 2,Logistic Regression,0,0.4785047578260739,0.5,0,0.56,0,Medium
2286,Stage 2,Logistic Regression,0,0.36368747702048076,0.5,0,0.56,0,Medium
2315,Stage 2,Logistic Regression,1,0.2931131128216564,0.5,0,0.56,0,Medium
2325,Stage 2,Logistic Regression,1,0.8549877520568159,0.5,1,0.56,1,High
2326,Stage 2,Logistic Regression,0,0.9087121217860338,0.5,1,0.56,1,High
2327,Stage 2,Logistic Regression,1,0.9893812359400878,0.5,1,0.56,1,High
2330,Stage 2,Logistic Regression,1,0.9930789348986871,0.5,1,0.56,1,High
2339,Stage 2,Logistic Regression,0,0.13855145679981992,0.5,0,0.56,0,Low
2341,Stage 2,Logistic Regression,0,0.36700653211947626,0.5,0,0.56,0,Medium
2344,Stage 2,Logistic Regression,0,0.07874242208042526,0.5,0,0.56,0,Low
2345,Stage 2,Logistic Regression,0,0.12130612772824477,0.5,0,0.56,0,Low
2346,Stage 2,Logistic Regression,0,0.30869677750518937,0.5,0,0.56,0,Medium
2349,Stage 2,Logistic Regression,0,0.5644095668233875,0.5,1,0.56,1,High
2355,Stage 2,Logistic Regression,0,0.27002188320631926,0.5,0,0.56,0,Medium
2357,Stage 2,Logistic Regression,1,0.20694517531332343,0.5,0,0.56,0,Low
2363,Stage 2,Logistic Regression,0,0.8742156497200496,0.5,1,0.56,1,High
2364,Stage 2,Logistic Regression,0,0.12656421869444606,0.5,0,0.56,0,Low
2380,Stage 2,Logistic Regression,0,0.4411922837754408,0.5,0,0.56,0,Medium
2383,Stage 2,Logistic Regression,0,0.17982011131109704,0.5,0,0.56,0,Low
2384,Stage 2,Logistic Regression,0,0.31054609907780245,0.5,0,0.56,0,Medium
2400,Stage 2,Logistic Regression,1,0.6268456073646722,0.5,1,0.56,1,High
2402,Stage 2,Logistic Regression,1,0.8136706509559579,0.5,1,0.56,1,High
2405,Stage 2,Logistic Regression,0,0.6183094498108136,0.5,1,0.56,1,High
2407,Stage 2,Logistic Regression,1,0.9975870995586156,0.5,1,0.56,1,High
2412,Stage 2,Logistic Regression,0,0.6681811129448321,0.5,1,0.56,1,High
2413,Stage 2,Logistic Regression,0,0.7464828736944656,0.5,1,0.56,1,High
2414,Stage 2,Logistic Regression,0,0.39658244965567235,0.5,0,0.56,0,Medium
2418,Stage 2,Logistic Regression,0,0.16410276295124632,0.5,0,0.56,0,Low
2419,Stage 2,Logistic Regression,0,0.007017616978199304,0.5,0,0.56,0,Low
2427,Stage 2,Logistic Regression,0,0.2056077817330597,0.5,0,0.56,0,Low
2430,Stage 2,Logistic Regression,0,0.277824357233402,0.5,0,0.56,0,Medium
2431,Stage 2,Logistic Regression,0,0.12678222942579062,0.5,0,0.56,0,Low
2440,Stage 2,Logistic Regression,1,0.9969562788172189,0.5,1,0.56,1,High
2443,Stage 2,Logistic Regression,0,0.06566446133465476,0.5,0,0.56,0,Low
2447,Stage 2,Logistic Regression,0,0.9976915153164484,0.5,1,0.56,1,High
2448,Stage 2,Logistic Regression,1,0.9988945106134081,0.5,1,0.56,1,High
2450,Stage 2,Logistic Regression,0,0.9486736096640708,0.5,1,0.56,1,High
2453,Stage 2,Logistic Regression,0,0.002941374707471235,0.5,0,0.56,0,Low
2465,Stage 2,Logistic Regression,1,0.9470963455349583,0.5,1,0.56,1,High
2467,Stage 2,Logistic Regression,0,0.08318379727580445,0.5,0,0.56,0,Low
2470,Stage 2,Logistic Regression,0,0.5697475571242658,0.5,1,0.56,1,High
2476,Stage 2,Logistic Regression,0,0.04036905621132134,0.5,0,0.56,0,Low
2485,Stage 2,Logistic Regression,1,0.9962498765067601,0.5,1,0.56,1,High
2486,Stage 2,Logistic Regression,1,0.9679005845428889,0.5,1,0.56,1,High
2488,Stage 2,Logistic Regression,0,0.3846753181142259,0.5,0,0.56,0,Medium
2496,Stage 2,Logistic Regression,0,0.3335425362336163,0.5,0,0.56,0,Medium
2511,Stage 2,Logistic Regression,0,0.26514083834218816,0.5,0,0.56,0,Medium
2512,Stage 2,Logistic Regression,0,0.07234102356559424,0.5,0,0.56,0,Low
2514,Stage 2,Logistic Regression,1,0.09268713281418806,0.5,0,0.56,0,Low
2523,Stage 2,Logistic Regression,1,0.9870581593102826,0.5,1,0.56,1,High
2533,Stage 2,Logistic Regression,0,0.055788641901467234,0.5,0,0.56,0,Low
2539,Stage 2,Logistic Regression,0,0.3675035733592289,0.5,0,0.56,0,Medium
2542,Stage 2,Logistic Regression,0,0.11811281808147181,0.5,0,0.56,0,Low
2544,Stage 2,Logistic Regression,0,0.231326597074991,0.5,0,0.56,0,Low
2549,Stage 2,Logistic Regression,1,0.9796517818189369,0.5,1,0.56,1,High
2553,Stage 2,Logistic Regression,1,0.9944730872660087,0.5,1,0.56,1,High
2555,Stage 2,Logistic Regression,0,0.17104993379114058,0.5,0,0.56,0,Low
2561,Stage 2,Logistic Regression,0,0.027259065051395828,0.5,0,0.56,0,Low
2570,Stage 2,Logistic Regression,0,0.02418187122031253,0.5,0,0.56,0,Low
2571,Stage 2,Logistic Regression,0,0.08867020683379595,0.5,0,0.56,0,Low
2574,Stage 2,Logistic Regression,0,0.1608927389309987,0.5,0,0.56,0,Low
2578,Stage 2,Logistic Regression,0,0.09024655686693062,0.5,0,0.56,0,Low
2586,Stage 2,Logistic Regression,0,0.3888422092687267,0.5,0,0.56,0,Medium
2589,Stage 2,Logistic Regression,0,0.5946156213182838,0.5,1,0.56,1,High
2594,Stage 2,Logistic Regression,0,0.5360331701930994,0.5,1,0.56,0,Medium
2597,Stage 2,Logistic Regression,1,0.22773882267663872,0.5,0,0.56,0,Low
2599,Stage 2,Logistic Regression,0,0.43867223902502817,0.5,0,0.56,0,Medium
2606,Stage 2,Logistic Regression,0,0.29253735502417066,0.5,0,0.56,0,Medium
2612,Stage 2,Logistic Regression,0,0.3677813339205832,0.5,0,0.56,0,Medium
2624,Stage 2,Logistic Regression,0,0.11484604602922777,0.5,0,0.56,0,Low
2628,Stage 2,Logistic Regression,0,0.19894134379723416,0.5,0,0.56,0,Low
2632,Stage 2,Logistic Regression,0,0.0484987811369343,0.5,0,0.56,0,Low
2634,Stage 2,Logistic Regression,0,0.165467127498739,0.5,0,0.56,0,Low
2641,Stage 2,Logistic Regression,0,0.19741439282421944,0.5,0,0.56,0,Low
2645,Stage 2,Logistic Regression,1,0.4702308861309205,0.5,0,0.56,0,Medium
2648,Stage 2,Logistic Regression,1,0.9300091568483179,0.5,1,0.56,1,High
2649,Stage 2,Logistic Regression,1,0.1507814590462783,0.5,0,0.56,0,Low
2651,Stage 2,Logistic Regression,1,0.8927969166488257,0.5,1,0.56,1,High
2671,Stage 2,Logistic Regression,0,0.41616851102345015,0.5,0,0.56,0,Medium
2674,Stage 2,Logistic Regression,0,0.3582089830312356,0.5,0,0.56,0,Medium
2681,Stage 2,Logistic Regression,1,0.32348559317770315,0.5,0,0.56,0,Medium
2689,Stage 2,Logistic Regression,1,0.9914780335042834,0.5,1,0.56,1,High
2691,Stage 2,Logistic Regression,0,0.3587858729526445,0.5,0,0.56,0,Medium
2694,Stage 2,Logistic Regression,0,0.1994132419222831,0.5,0,0.56,0,Low
2698,Stage 2,Logistic Regression,1,0.49596656281339635,0.5,0,0.56,0,Medium
2709,Stage 2,Logistic Regression,0,0.048608683015589176,0.5,0,0.56,0,Low
2711,Stage 2,Logistic Regression,1,0.9765555787265473,0.5,1,0.56,1,High
2723,Stage 2,Logistic Regression,1,0.54813126269034,0.5,1,0.56,0,Medium
2731,Stage 2,Logistic Regression,0,0.04872715504630857,0.5,0,0.56,0,Low
2734,Stage 2,Logistic Regression,0,0.2610560739270117,0.5,0,0.56,0,Medium
2741,Stage 2,Logistic Regression,0,0.4274873013946916,0.5,0,0.56,0,Medium
2743,Stage 2,Logistic Regression,0,0.04481466503375968,0.5,0,0.56,0,Low
2748,Stage 2,Logistic Regression,1,0.9967816751596513,0.5,1,0.56,1,High
2750,Stage 2,Logistic Regression,1,0.9944368555392626,0.5,1,0.56,1,High
2751,Stage 2,Logistic Regression,0,0.10085202177171727,0.5,0,0.56,0,Low
2756,Stage 2,Logistic Regression,1,0.9920426556391456,0.5,1,0.56,1,High
2759,Stage 2,Logistic Regression,0,0.06732997517431998,0.5,0,0.56,0,Low
2764,Stage 2,Logistic Regression,0,0.6218970953961411,0.5,1,0.56,1,High
2768,Stage 2,Logistic Regression,0,0.21430402475351096,0.5,0,0.56,0,Low
2783,Stage 2,Logistic Regression,0,0.13191311483725557,0.5,0,0.56,0,Low
2786,Stage 2,Logistic Regression,1,0.8802949091509942,0.5,1,0.56,1,High
2789,Stage 2,Logistic Regression,1,0.814438920085588,0.5,1,0.56,1,High
2791,Stage 2,Logistic Regression,0,0.072238034308058,0.5,0,0.56,0,Low
2800,Stage 2,Logistic Regression,0,0.1484149217863111,0.5,0,0.56,0,Low
2802,Stage 2,Logistic Regression,0,0.0685077970614698,0.5,0,0.56,0,Low
2830,Stage 2,Logistic Regression,0,0.13664104941387686,0.5,0,0.56,0,Low
2833,Stage 2,Logistic Regression,0,0.34070311577817847,0.5,0,0.56,0,Medium
2834,Stage 2,Logistic Regression,0,0.1761989565870129,0.5,0,0.56,0,Low
2848,Stage 2,Logistic Regression,1,0.6245940530893938,0.5,1,0.56,1,High
2851,Stage 2,Logistic Regression,0,0.18773538502834497,0.5,0,0.56,0,Low
2859,Stage 2,Logistic Regression,0,0.41622300990451444,0.5,0,0.56,0,Medium
2868,Stage 2,Logistic Regression,0,0.20275641254597948,0.5,0,0.56,0,Low
2869,Stage 2,Logistic Regression,0,0.23519817827222556,0.5,0,0.56,0,Low
2875,Stage 2,Logistic Regression,0,0.25868451942464,0.5,0,0.56,0,Low
2879,Stage 2,Logistic Regression,1,0.4336585755475318,0.5,0,0.56,0,Medium
2889,Stage 2,Logistic Regression,0,0.03638407357979432,0.5,0,0.56,0,Low
2892,Stage 2,Logistic Regression,0,0.04901717189305751,0.5,0,0.56,0,Low
2902,Stage 2,Logistic Regression,0,0.055008342586326114,0.5,0,0.56,0,Low
2910,Stage 2,Logistic Regression,1,0.9823337068501795,0.5,1,0.56,1,High
2930,Stage 2,Logistic Regression,1,0.9958667361171456,0.5,1,0.56,1,High
2934,Stage 2,Logistic Regression,1,0.9888543186239073,0.5,1,0.56,1,High
2935,Stage 2,Logistic Regression,1,0.9828362698026196,0.5,1,0.56,1,High
2939,Stage 2,Logistic Regression,1,0.7976919874626418,0.5,1,0.56,1,High
2941,Stage 2,Logistic Regression,0,0.12509394228149878,0.5,0,0.56,0,Low
2957,Stage 2,Logistic Regression,0,0.14829030929912834,0.5,0,0.56,0,Low
2961,Stage 2,Logistic Regression,0,0.06029149779237702,0.5,0,0.56,0,Low
2962,Stage 2,Logistic Regression,1,0.754252544649322,0.5,1,0.56,1,High
2969,Stage 2,Logistic Regression,0,0.2981259562245512,0.5,0,0.56,0,Medium
2972,Stage 2,Logistic Regression,0,0.1558475392471545,0.5,0,0.56,0,Low
2979,Stage 2,Logistic Regression,1,0.7050063620702298,0.5,1,0.56,1,High
2982,Stage 2,Logistic Regression,0,0.05056920517319087,0.5,0,0.56,0,Low
2987,Stage 2,Logistic Regression,0,0.5275503776260099,0.5,1,0.56,0,Medium
2988,Stage 2,Logistic Regression,0,0.16437809761719827,0.5,0,0.56,0,Low
2991,Stage 2,Logistic Regression,0,0.08027015796259349,0.5,0,0.56,0,Low
2995,Stage 2,Logistic Regression,0,0.08581745277353547,0.5,0,0.56,0,Low
2997,Stage 2,Logistic Regression,0,0.23774120675675695,0.5,0,0.56,0,Low
3003,Stage 2,Logistic Regression,1,0.17389491161399645,0.5,0,0.56,0,Low
3004,Stage 2,Logistic Regression,0,0.27730271051347244,0.5,0,0.56,0,Medium
3006,Stage 2,Logistic Regression,0,0.12491354822970838,0.5,0,0.56,0,Low
3014,Stage 2,Logistic Regression,1,0.9679100912529187,0.5,1,0.56,1,High
3015,Stage 2,Logistic Regression,0,0.053991342043833,0.5,0,0.56,0,Low
3018,Stage 2,Logistic Regression,0,0.05140278760779311,0.5,0,0.56,0,Low
3021,Stage 2,Logistic Regression,0,0.09142361274025677,0.5,0,0.56,0,Low
3022,Stage 2,Logistic Regression,1,0.7690890433542772,0.5,1,0.56,1,High
3030,Stage 2,Logistic Regression,1,0.48889780725762,0.5,0,0.56,0,Medium
3038,Stage 2,Logistic Regression,0,0.11242362589124151,0.5,0,0.56,0,Low
3049,Stage 2,Logistic Regression,0,0.22233830931128262,0.5,0,0.56,0,Low
3055,Stage 2,Logistic Regression,1,0.8841287830620632,0.5,1,0.56,1,High
3065,Stage 2,Logistic Regression,1,0.9872416266822512,0.5,1,0.56,1,High
3074,Stage 2,Logistic Regression,1,0.9840467176242842,0.5,1,0.56,1,High
3090,Stage 2,Logistic Regression,0,0.31763886716473727,0.5,0,0.56,0,Medium
3095,Stage 2,Logistic Regression,0,0.03260058005118189,0.5,0,0.56,0,Low
3097,Stage 2,Logistic Regression,1,0.5750309927830756,0.5,1,0.56,1,High
3098,Stage 2,Logistic Regression,0,0.10205008178628823,0.5,0,0.56,0,Low
3101,Stage 2,Logistic Regression,0,0.10746340289678126,0.5,0,0.56,0,Low
3102,Stage 2,Logistic Regression,1,0.9890893277851802,0.5,1,0.56,1,High
3107,Stage 2,Logistic Regression,0,0.04505960699390624,0.5,0,0.56,0,Low
3121,Stage 2,Logistic Regression,0,0.08768925267628302,0.5,0,0.56,0,Low
3125,Stage 2,Logistic Regression,0,0.22098529480695986,0.5,0,0.56,0,Low
3134,Stage 2,Logistic Regression,0,0.09153995610248096,0.5,0,0.56,0,Low
3148,Stage 2,Logistic Regression,0,0.19867783334774086,0.5,0,0.56,0,Low
3159,Stage 2,Logistic Regression,0,0.39965603744404,0.5,0,0.56,0,Medium
3165,Stage 2,Logistic Regression,0,0.03708434129657782,0.5,0,0.56,0,Low
3169,Stage 2,Logistic Regression,0,0.14674941718698442,0.5,0,0.56,0,Low
3170,Stage 2,Logistic Regression,0,0.2528901389719585,0.5,0,0.56,0,Low
3173,Stage 2,Logistic Regression,0,0.20151909308087104,0.5,0,0.56,0,Low
3180,Stage 2,Logistic Regression,0,0.15668696116008315,0.5,0,0.56,0,Low
3183,Stage 2,Logistic Regression,0,0.37795097171144365,0.5,0,0.56,0,Medium
3185,Stage 2,Logistic Regression,1,0.9506413822600819,0.5,1,0.56,1,High
3188,Stage 2,Logistic Regression,1,0.9033173877586304,0.5,1,0.56,1,High
3198,Stage 2,Logistic Regression,1,0.9941551717248568,0.5,1,0.56,1,High
3201,Stage 2,Logistic Regression,0,0.1860781246894627,0.5,0,0.56,0,Low
3203,Stage 2,Logistic Regression,1,0.7310710200774981,0.5,1,0.56,1,High
3205,Stage 2,Logistic Regression,1,0.9984139643377286,0.5,1,0.56,1,High
3209,Stage 2,Logistic Regression,0,0.23373767936409573,0.5,0,0.56,0,Low
3218,Stage 2,Logistic Regression,0,0.4893833371113328,0.5,0,0.56,0,Medium
3223,Stage 2,Logistic Regression,1,0.9977107295738958,0.5,1,0.56,1,High
3235,Stage 2,Logistic Regression,0,0.07920282625867398,0.5,0,0.56,0,Low
3237,Stage 2,Logistic Regression,0,0.40218762649344986,0.5,0,0.56,0,Medium
3239,Stage 2,Logistic Regression,0,0.04213348295399503,0.5,0,0.56,0,Low
3242,Stage 2,Logistic Regression,1,0.7831427026320777,0.5,1,0.56,1,High
3252,Stage 2,Logistic Regression,1,0.9665410318915933,0.5,1,0.56,1,High
3259,Stage 2,Logistic Regression,0,0.12778024346241557,0.5,0,0.56,0,Low
3261,Stage 2,Logistic Regression,0,0.04801534887988559,0.5,0,0.56,0,Low
3262,Stage 2,Logistic Regression,1,0.9991059350803794,0.5,1,0.56,1,High
3264,Stage 2,Logistic Regression,1,0.4272674917695847,0.5,0,0.56,0,Medium
3274,Stage 2,Logistic Regression,1,0.926341180195609,0.5,1,0.56,1,High
3276,Stage 2,Logistic Regression,1,0.5868080906741634,0.5,1,0.56,1,High
3277,Stage 2,Logistic Regression,0,0.07347233194001344,0.5,0,0.56,0,Low
3279,Stage 2,Logistic Regression,0,0.5058193245628309,0.5,1,0.56,0,Medium
3282,Stage 2,Logistic Regression,0,0.04363494297133234,0.5,0,0.56,0,Low
3298,Stage 2,Logistic Regression,0,0.09174934502681457,0.5,0,0.56,0,Low
3301,Stage 2,Logistic Regression,0,0.03209449924819152,0.5,0,0.56,0,Low
3324,Stage 2,Logistic Regression,1,0.7571369744065952,0.5,1,0.56,1,High
3326,Stage 2,Logistic Regression,0,0.2285913794404835,0.5,0,0.56,0,Low
3339,Stage 2,Logistic Regression,0,0.5758582419814028,0.5,1,0.56,1,High
3340,Stage 2,Logistic Regression,1,0.99832241790066,0.5,1,0.56,1,High
3341,Stage 2,Logistic Regression,0,0.9439319351669143,0.5,1,0.56,1,High
3350,Stage 2,Logistic Regression,0,0.1401113143515581,0.5,0,0.56,0,Low
3362,Stage 2,Logistic Regression,0,0.05814697844536867,0.5,0,0.56,0,Low
3365,Stage 2,Logistic Regression,1,0.9623503849353149,0.5,1,0.56,1,High
3369,Stage 2,Logistic Regression,1,0.5672613534032738,0.5,1,0.56,1,High
3373,Stage 2,Logistic Regression,0,0.11230984899146401,0.5,0,0.56,0,Low
3382,Stage 2,Logistic Regression,0,0.05145399887702705,0.5,0,0.56,0,Low
3383,Stage 2,Logistic Regression,1,0.9150265213965686,0.5,1,0.56,1,High
3385,Stage 2,Logistic Regression,0,0.062098890755761554,0.5,0,0.56,0,Low
3386,Stage 2,Logistic Regression,0,0.04159599770791746,0.5,0,0.56,0,Low
3390,Stage 2,Logistic Regression,0,0.4355764838964781,0.5,0,0.56,0,Medium
3395,Stage 2,Logistic Regression,0,0.04414110847712298,0.5,0,0.56,0,Low
3402,Stage 2,Logistic Regression,0,0.11454407419881088,0.5,0,0.56,0,Low
3412,Stage 2,Logistic Regression,0,0.6182517349570305,0.5,1,0.56,1,High
3423,Stage 2,Logistic Regression,1,0.18873383273972452,0.5,0,0.56,0,Low
3430,Stage 2,Logistic Regression,0,0.030532007892108633,0.5,0,0.56,0,Low
3432,Stage 2,Logistic Regression,0,0.07703184929453509,0.5,0,0.56,0,Low
3440,Stage 2,Logistic Regression,0,0.2725561281775267,0.5,0,0.56,0,Medium
3461,Stage 2,Logistic Regression,0,0.2222775584523731,0.5,0,0.56,0,Low
3463,Stage 2,Logistic Regression,0,0.7845470838608143,0.5,1,0.56,1,High
3466,Stage 2,Logistic Regression,0,0.1460019292580425,0.5,0,0.56,0,Low
3469,Stage 2,Logistic Regression,0,0.05173582707407742,0.5,0,0.56,0,Low
3471,Stage 2,Logistic Regression,0,0.6805895813863356,0.5,1,0.56,1,High
3476,Stage 2,Logistic Regression,0,0.0276819870483136,0.5,0,0.56,0,Low
3485,Stage 2,Logistic Regression,1,0.7473379703668304,0.5,1,0.56,1,High
3487,Stage 2,Logistic Regression,1,0.9970518243400088,0.5,1,0.56,1,High
3490,Stage 2,Logistic Regression,1,0.6494646497970247,0.5,1,0.56,1,High
3496,Stage 2,Logistic Regression,1,0.9907923898925226,0.5,1,0.56,1,High
3505,Stage 2,Logistic Regression,1,0.9326699211525816,0.5,1,0.56,1,High
3510,Stage 2,Logistic Regression,1,0.11328530150320433,0.5,0,0.56,0,Low
3518,Stage 2,Logistic Regression,1,0.3376748050045157,0.5,0,0.56,0,Medium
3526,Stage 2,Logistic Regression,1,0.9915843263332264,0.5,1,0.56,1,High
3533,Stage 2,Logistic Regression,1,0.9999704783074116,0.5,1,0.56,1,High
3545,Stage 2,Logistic Regression,0,0.1123866135682879,0.5,0,0.56,0,Low
3555,Stage 2,Logistic Regression,0,0.2164906134440489,0.5,0,0.56,0,Low
3556,Stage 2,Logistic Regression,0,0.32098926409250517,0.5,0,0.56,0,Medium
3559,Stage 2,Logistic Regression,0,0.17604859694921796,0.5,0,0.56,0,Low
3574,Stage 2,Logistic Regression,0,0.15195223709276157,0.5,0,0.56,0,Low
3575,Stage 2,Logistic Regression,0,0.09391628518444847,0.5,0,0.56,0,Low
3577,Stage 2,Logistic Regression,1,0.9058879540833555,0.5,1,0.56,1,High
3581,Stage 2,Logistic Regression,0,0.07945686240855959,0.5,0,0.56,0,Low
3582,Stage 2,Logistic Regression,1,0.971040188124483,0.5,1,0.56,1,High
3583,Stage 2,Logistic Regression,0,0.9598134165220071,0.5,1,0.56,1,High
3590,Stage 2,Logistic Regression,0,0.9225405866329954,0.5,1,0.56,1,High
3591,Stage 2,Logistic Regression,0,0.18091096473487583,0.5,0,0.56,0,Low
3592,Stage 2,Logistic Regression,1,0.6835943338763146,0.5,1,0.56,1,High
3606,Stage 2,Logistic Regression,1,0.4507426416964894,0.5,0,0.56,0,Medium
3612,Stage 2,Logistic Regression,1,0.4534498050912811,0.5,0,0.56,0,Medium
3625,Stage 2,Logistic Regression,0,0.5342528250976268,0.5,1,0.56,0,Medium
3628,Stage 2,Logistic Regression,1,0.5183831539568001,0.5,1,0.56,0,Medium
3630,Stage 2,Logistic Regression,0,0.07269517444890701,0.5,0,0.56,0,Low
3633,Stage 2,Logistic Regression,0,0.34792148834743686,0.5,0,0.56,0,Medium
3637,Stage 2,Logistic Regression,0,0.8737712586713223,0.5,1,0.56,1,High
3642,Stage 2,Logistic Regression,0,0.037930358632820814,0.5,0,0.56,0,Low
3644,Stage 2,Logistic Regression,0,0.12767451832762622,0.5,0,0.56,0,Low
3657,Stage 2,Logistic Regression,0,0.1610881705719736,0.5,0,0.56,0,Low
3670,Stage 2,Logistic Regression,0,0.010729306969291462,0.5,0,0.56,0,Low
3673,Stage 2,Logistic Regression,0,0.03654248194401652,0.5,0,0.56,0,Low
3677,Stage 2,Logistic Regression,1,0.7686778425938028,0.5,1,0.56,1,High
3678,Stage 2,Logistic Regression,0,0.08904882229318513,0.5,0,0.56,0,Low
3681,Stage 2,Logistic Regression,0,0.1676082084567427,0.5,0,0.56,0,Low
3683,Stage 2,Logistic Regression,0,0.7885572812438721,0.5,1,0.56,1,High
3690,Stage 2,Logistic Regression,0,0.22103874637554616,0.5,0,0.56,0,Low
3693,Stage 2,Logistic Regression,1,0.0883380641641314,0.5,0,0.56,0,Low
3699,Stage 2,Logistic Regression,1,0.8150100412624852,0.5,1,0.56,1,High
3700,Stage 2,Logistic Regression,0,0.28317340475842223,0.5,0,0.56,0,Medium
3707,Stage 2,Logistic Regression,0,0.800636993894442,0.5,1,0.56,1,High
3709,Stage 2,Logistic Regression,1,0.6003624490479045,0.5,1,0.56,1,High
3713,Stage 2,Logistic Regression,1,0.9937504171253169,0.5,1,0.56,1,High
3722,Stage 2,Logistic Regression,1,0.8668853225929526,0.5,1,0.56,1,High
3727,Stage 2,Logistic Regression,0,0.6074462294331758,0.5,1,0.56,1,High
3731,Stage 2,Logistic Regression,1,0.9264077711250339,0.5,1,0.56,1,High
3733,Stage 2,Logistic Regression,1,0.10149494937659626,0.5,0,0.56,0,Low
3737,Stage 2,Logistic Regression,0,0.4703312820434214,0.5,0,0.56,0,Medium
3742,Stage 2,Logistic Regression,0,0.21800341434957624,0.5,0,0.56,0,Low
3744,Stage 2,Logistic Regression,1,0.9894855928696811,0.5,1,0.56,1,High
3753,Stage 2,Logistic Regression,0,0.07821178935886805,0.5,0,0.56,0,Low
3756,Stage 2,Logistic Regression,0,0.3778091955599895,0.5,0,0.56,0,Medium
3757,Stage 2,Logistic Regression,0,0.055723991614990864,0.5,0,0.56,0,Low
3758,Stage 2,Logistic Regression,0,0.16215698667621364,0.5,0,0.56,0,Low
3760,Stage 2,Logistic Regression,0,0.40934534694827757,0.5,0,0.56,0,Medium
3766,Stage 2,Logistic Regression,0,0.1240430998424391,0.5,0,0.56,0,Low
3772,Stage 2,Logistic Regression,0,0.037301958952480965,0.5,0,0.56,0,Low
3778,Stage 2,Logistic Regression,0,0.4407336799388125,0.5,0,0.56,0,Medium
3781,Stage 2,Logistic Regression,0,0.04688259926375301,0.5,0,0.56,0,Low
3782,Stage 2,Logistic Regression,0,0.3126541974650622,0.5,0,0.56,0,Medium
3788,Stage 2,Logistic Regression,0,0.05544675970532225,0.5,0,0.56,0,Low
3794,Stage 2,Logistic Regression,1,0.7757723317305469,0.5,1,0.56,1,High
3803,Stage 2,Logistic Regression,0,0.2692054388628322,0.5,0,0.56,0,Medium
3806,Stage 2,Logistic Regression,0,0.2684169272332861,0.5,0,0.56,0,Medium
3819,Stage 2,Logistic Regression,1,0.9978575594871119,0.5,1,0.56,1,High
3823,Stage 2,Logistic Regression,1,0.7038093257983751,0.5,1,0.56,1,High
3827,Stage 2,Logistic Regression,0,0.0514769283080454,0.5,0,0.56,0,Low
3837,Stage 2,Logistic Regression,1,0.8938214470430413,0.5,1,0.56,1,High
3841,Stage 2,Logistic Regression,0,0.28287065350046897,0.5,0,0.56,0,Medium
3853,Stage 2,Logistic Regression,1,0.6220280898053117,0.5,1,0.56,1,High
3859,Stage 2,Logistic Regression,1,0.8854180476417769,0.5,1,0.56,1,High
3861,Stage 2,Logistic Regression,1,0.9064391116314219,0.5,1,0.56,1,High
3867,Stage 2,Logistic Regression,0,0.1382294801518497,0.5,0,0.56,0,Low
3868,Stage 2,Logistic Regression,0,0.07016868346329411,0.5,0,0.56,0,Low
3873,Stage 2,Logistic Regression,1,0.8352672787796729,0.5,1,0.56,1,High
3886,Stage 2,Logistic Regression,0,0.10597349104865032,0.5,0,0.56,0,Low
3902,Stage 2,Logistic Regression,0,0.3524816661292871,0.5,0,0.56,0,Medium
3904,Stage 2,Logistic Regression,1,0.9961805920965606,0.5,1,0.56,1,High
3926,Stage 2,Logistic Regression,0,0.04829081623695085,0.5,0,0.56,0,Low
3934,Stage 2,Logistic Regression,1,0.9465167464771522,0.5,1,0.56,1,High
3948,Stage 2,Logistic Regression,0,0.3858810586013843,0.5,0,0.56,0,Medium
3949,Stage 2,Logistic Regression,0,0.06429611977935701,0.5,0,0.56,0,Low
3957,Stage 2,Logistic Regression,0,0.19807617953112341,0.5,0,0.56,0,Low
3959,Stage 2,Logistic Regression,0,0.05083413449067003,0.5,0,0.56,0,Low
3964,Stage 2,Logistic Regression,1,0.849255047904383,0.5,1,0.56,1,High
3970,Stage 2,Logistic Regression,0,0.11514100628433561,0.5,0,0.56,0,Low
3973,Stage 2,Logistic Regression,0,0.06503817435829469,0.5,0,0.56,0,Low
3974,Stage 2,Logistic Regression,0,0.14131326559023968,0.5,0,0.56,0,Low
3975,Stage 2,Logistic Regression,0,0.19208777001608948,0.5,0,0.56,0,Low
3987,Stage 2,Logistic Regression,0,0.07668129288019347,0.5,0,0.56,0,Low
3994,Stage 2,Logistic Regression,0,0.02242680321067918,0.5,0,0.56,0,Low
3996,Stage 2,Logistic Regression,1,0.8133914043307169,0.5,1,0.56,1,High
3999,Stage 2,Logistic Regression,1,0.24968700582914727,0.5,0,0.56,0,Low
4003,Stage 2,Logistic Regression,0,0.08188846752902358,0.5,0,0.56,0,Low
4008,Stage 2,Logistic Regression,1,0.9897423581023573,0.5,1,0.56,1,High
4020,Stage 2,Logistic Regression,1,0.31221139661972364,0.5,0,0.56,0,Medium
4021,Stage 2,Logistic Regression,0,0.14085500772860993,0.5,0,0.56,0,Low
4023,Stage 2,Logistic Regression,1,0.2136882347564402,0.5,0,0.56,0,Low
4027,Stage 2,Logistic Regression,1,0.2010696552045565,0.5,0,0.56,0,Low
4030,Stage 2,Logistic Regression,0,0.3681106616327568,0.5,0,0.56,0,Medium
4032,Stage 2,Logistic Regression,0,0.047195982029502564,0.5,0,0.56,0,Low
4038,Stage 2,Logistic Regression,0,0.042834759376973994,0.5,0,0.56,0,Low
4041,Stage 2,Logistic Regression,0,0.12378499762715342,0.5,0,0.56,0,Low
4054,Stage 2,Logistic Regression,0,0.10323138728348642,0.5,0,0.56,0,Low
4061,Stage 2,Logistic Regression,0,0.38623559401389124,0.5,0,0.56,0,Medium
4075,Stage 2,Logistic Regression,1,0.9538557690209735,0.5,1,0.56,1,High
4078,Stage 2,Logistic Regression,0,0.2109964139330882,0.5,0,0.56,0,Low
4081,Stage 2,Logistic Regression,0,0.49057495999341544,0.5,0,0.56,0,Medium
4089,Stage 2,Logistic Regression,1,0.9935962207262242,0.5,1,0.56,1,High
4090,Stage 2,Logistic Regression,0,0.6626451362815556,0.5,1,0.56,1,High
4093,Stage 2,Logistic Regression,0,0.11046400745625098,0.5,0,0.56,0,Low
4096,Stage 2,Logistic Regression,0,0.0641325835369297,0.5,0,0.56,0,Low
4101,Stage 2,Logistic Regression,0,0.10704582737804041,0.5,0,0.56,0,Low
4105,Stage 2,Logistic Regression,0,0.19474811390076893,0.5,0,0.56,0,Low
4110,Stage 2,Logistic Regression,0,0.03143583518778457,0.5,0,0.56,0,Low
4112,Stage 2,Logistic Regression,0,0.08872495003117631,0.5,0,0.56,0,Low
4119,Stage 2,Logistic Regression,0,0.7040438334931894,0.5,1,0.56,1,High
4124,Stage 2,Logistic Regression,0,0.36385191886274665,0.5,0,0.56,0,Medium
4125,Stage 2,Logistic Regression,0,0.03967501393560891,0.5,0,0.56,0,Low
4126,Stage 2,Logistic Regression,0,0.14722611083577258,0.5,0,0.56,0,Low
4128,Stage 2,Logistic Regression,0,0.6220624034381708,0.5,1,0.56,1,High
4130,Stage 2,Logistic Regression,0,0.046500390107198794,0.5,0,0.56,0,Low
4133,Stage 2,Logistic Regression,0,0.4312044514052066,0.5,0,0.56,0,Medium
4137,Stage 2,Logistic Regression,0,0.3077709152295524,0.5,0,0.56,0,Medium
4140,Stage 2,Logistic Regression,1,0.9924894961549572,0.5,1,0.56,1,High
4146,Stage 2,Logistic Regression,1,0.6272717237575594,0.5,1,0.56,1,High
4149,Stage 2,Logistic Regression,0,0.038689559043131094,0.5,0,0.56,0,Low
4152,Stage 2,Logistic Regression,0,0.312623978839115,0.5,0,0.56,0,Medium
4159,Stage 2,Logistic Regression,0,0.07779305531686594,0.5,0,0.56,0,Low
4161,Stage 2,Logistic Regression,0,0.7744599390728453,0.5,1,0.56,1,High
4163,Stage 2,Logistic Regression,0,0.060095093582780715,0.5,0,0.56,0,Low
4175,Stage 2,Logistic Regression,0,0.037779270690142315,0.5,0,0.56,0,Low
4177,Stage 2,Logistic Regression,0,0.40044213615753627,0.5,0,0.56,0,Medium
4179,Stage 2,Logistic Regression,0,0.06300599208827244,0.5,0,0.56,0,Low
4188,Stage 2,Logistic Regression,0,0.17852153737718435,0.5,0,0.56,0,Low
4189,Stage 2,Logistic Regression,0,0.37378232344940154,0.5,0,0.56,0,Medium
4195,Stage 2,Logistic Regression,0,0.09751076353810414,0.5,0,0.56,0,Low
4199,Stage 2,Logistic Regression,0,0.04392627066810368,0.5,0,0.56,0,Low
4206,Stage 2,Logistic Regression,0,0.1261617660538467,0.5,0,0.56,0,Low
4208,Stage 2,Logistic Regression,1,0.8320472019746845,0.5,1,0.56,1,High
4215,Stage 2,Logistic Regression,1,0.8362157937203724,0.5,1,0.56,1,High
4219,Stage 2,Logistic Regression,0,0.19094020793391517,0.5,0,0.56,0,Low
4220,Stage 2,Logistic Regression,1,0.9297764276302116,0.5,1,0.56,1,High
4221,Stage 2,Logistic Regression,0,0.07767933387539946,0.5,0,0.56,0,Low
4222,Stage 2,Logistic Regression,0,0.06269549365331845,0.5,0,0.56,0,Low
4226,Stage 2,Logistic Regression,1,0.1260261648171048,0.5,0,0.56,0,Low
4227,Stage 2,Logistic Regression,0,0.09264134042713028,0.5,0,0.56,0,Low
4233,Stage 2,Logistic Regression,0,0.06276162111213826,0.5,0,0.56,0,Low
4235,Stage 2,Logistic Regression,0,0.4285994600572746,0.5,0,0.56,0,Medium
4242,Stage 2,Logistic Regression,1,0.7451167201382549,0.5,1,0.56,1,High
4244,Stage 2,Logistic Regression,1,0.011649022063497714,0.5,0,0.56,0,Low
4246,Stage 2,Logistic Regression,1,0.8155431986960044,0.5,1,0.56,1,High
4257,Stage 2,Logistic Regression,0,0.3535862221854545,0.5,0,0.56,0,Medium
4261,Stage 2,Logistic Regression,1,0.937861354982766,0.5,1,0.56,1,High
4263,Stage 2,Logistic Regression,1,0.40891268249585566,0.5,0,0.56,0,Medium
4265,Stage 2,Logistic Regression,0,0.3854872265665899,0.5,0,0.56,0,Medium
4268,Stage 2,Logistic Regression,1,0.474757784861703,0.5,0,0.56,0,Medium
4276,Stage 2,Logistic Regression,1,0.9792966150856384,0.5,1,0.56,1,High
4278,Stage 2,Logistic Regression,0,0.2699498492285753,0.5,0,0.56,0,Medium
4283,Stage 2,Logistic Regression,1,0.9956640497259447,0.5,1,0.56,1,High
4284,Stage 2,Logistic Regression,0,0.2701456503531389,0.5,0,0.56,0,Medium
4286,Stage 2,Logistic Regression,0,0.2122223396114126,0.5,0,0.56,0,Low
4288,Stage 2,Logistic Regression,1,0.9706563275020423,0.5,1,0.56,1,High
4289,Stage 2,Logistic Regression,0,0.18510820869039232,0.5,0,0.56,0,Low
4290,Stage 2,Logistic Regression,0,0.08924918597862276,0.5,0,0.56,0,Low
4292,Stage 2,Logistic Regression,0,0.09923311227849464,0.5,0,0.56,0,Low
4294,Stage 2,Logistic Regression,0,0.04025144583840078,0.5,0,0.56,0,Low
4297,Stage 2,Logistic Regression,0,0.07448033584908563,0.5,0,0.56,0,Low
4298,Stage 2,Logistic Regression,1,0.5914668965222587,0.5,1,0.56,1,High
4299,Stage 2,Logistic Regression,1,0.7469852870137164,0.5,1,0.56,1,High
4301,Stage 2,Logistic Regression,1,0.8808479561395773,0.5,1,0.56,1,High
4305,Stage 2,Logistic Regression,1,0.4355215872142975,0.5,0,0.56,0,Medium
4308,Stage 2,Logistic Regression,1,0.3925888430093424,0.5,0,0.56,0,Medium
4311,Stage 2,Logistic Regression,0,0.8143963594739536,0.5,1,0.56,1,High
4317,Stage 2,Logistic Regression,0,0.10364369646764951,0.5,0,0.56,0,Low
4318,Stage 2,Logistic Regression,0,0.161375583417927,0.5,0,0.56,0,Low
4319,Stage 2,Logistic Regression,0,0.29048172610961964,0.5,0,0.56,0,Medium
4324,Stage 2,Logistic Regression,0,0.0347192686556555,0.5,0,0.56,0,Low
4326,Stage 2,Logistic Regression,1,0.8668826152261327,0.5,1,0.56,1,High
4332,Stage 2,Logistic Regression,0,0.1382233683037814,0.5,0,0.56,0,Low
4336,Stage 2,Logistic Regression,0,0.8360567529997202,0.5,1,0.56,1,High
4337,Stage 2,Logistic Regression,0,0.13756418957713282,0.5,0,0.56,0,Low
4338,Stage 2,Logistic Regression,0,0.10973057101980417,0.5,0,0.56,0,Low
4354,Stage 2,Logistic Regression,0,0.5639955460685366,0.5,1,0.56,1,High
4356,Stage 2,Logistic Regression,1,0.6808878570201573,0.5,1,0.56,1,High
4357,Stage 2,Logistic Regression,1,0.9746921707634005,0.5,1,0.56,1,High
4366,Stage 2,Logistic Regression,0,0.17442799971358192,0.5,0,0.56,0,Low
4367,Stage 2,Logistic Regression,0,0.23891399851804604,0.5,0,0.56,0,Low
4369,Stage 2,Logistic Regression,0,0.12154080103634587,0.5,0,0.56,0,Low
4372,Stage 2,Logistic Regression,1,0.9827219845341565,0.5,1,0.56,1,High
4375,Stage 2,Logistic Regression,1,0.9302118120582593,0.5,1,0.56,1,High
4376,Stage 2,Logistic Regression,0,0.1169048650573832,0.5,0,0.56,0,Low
4377,Stage 2,Logistic Regression,1,0.12135608698399103,0.5,0,0.56,0,Low
4387,Stage 2,Logistic Regression,1,0.8064212093059845,0.5,1,0.56,1,High
4389,Stage 2,Logistic Regression,0,0.02614832324961028,0.5,0,0.56,0,Low
4391,Stage 2,Logistic Regression,0,0.09089675285797898,0.5,0,0.56,0,Low
4392,Stage 2,Logistic Regression,0,0.2707505170111324,0.5,0,0.56,0,Medium
4396,Stage 2,Logistic Regression,0,0.06731681215210658,0.5,0,0.56,0,Low
4413,Stage 2,Logistic Regression,0,0.9313309733723757,0.5,1,0.56,1,High
4415,Stage 2,Logistic Regression,1,0.9640731649869375,0.5,1,0.56,1,High
0,Stage 3,Logistic Regression,1,0.7238185698550544,0.5,1,0.57,1,High
3,Stage 3,Logistic Regression,0,0.26554880420683846,0.5,0,0.57,0,Low
6,Stage 3,Logistic Regression,0,0.030233345102523644,0.5,0,0.57,0,Low
17,Stage 3,Logistic Regression,0,0.09597474237526543,0.5,0,0.57,0,Low
22,Stage 3,Logistic Regression,0,0.08482616638387935,0.5,0,0.57,0,Low
25,Stage 3,Logistic Regression,0,0.14364333234782928,0.5,0,0.57,0,Low
27,Stage 3,Logistic Regression,0,0.10368055199519673,0.5,0,0.57,0,Low
35,Stage 3,Logistic Regression,1,0.991566539841141,0.5,1,0.57,1,High
47,Stage 3,Logistic Regression,0,0.17699632246304756,0.5,0,0.57,0,Low
48,Stage 3,Logistic Regression,0,0.04587788308286578,0.5,0,0.57,0,Low
49,Stage 3,Logistic Regression,0,0.05652443089670255,0.5,0,0.57,0,Low
51,Stage 3,Logistic Regression,0,0.07525174793597429,0.5,0,0.57,0,Low
62,Stage 3,Logistic Regression,0,0.5063838601562288,0.5,1,0.57,0,Medium
67,Stage 3,Logistic Regression,0,0.05908764090113445,0.5,0,0.57,0,Low
72,Stage 3,Logistic Regression,1,0.560163952923688,0.5,1,0.57,0,Medium
80,Stage 3,Logistic Regression,1,0.43411088844404994,0.5,0,0.57,0,Medium
89,Stage 3,Logistic Regression,0,0.929828988559958,0.5,1,0.57,1,High
90,Stage 3,Logistic Regression,1,0.9811849204865046,0.5,1,0.57,1,High
110,Stage 3,Logistic Regression,0,0.07762338976563656,0.5,0,0.57,0,Low
128,Stage 3,Logistic Regression,0,0.11270161932675038,0.5,0,0.57,0,Low
129,Stage 3,Logistic Regression,0,0.13330107271360425,0.5,0,0.57,0,Low
133,Stage 3,Logistic Regression,1,0.9541401373582503,0.5,1,0.57,1,High
137,Stage 3,Logistic Regression,0,0.07552076362309372,0.5,0,0.57,0,Low
140,Stage 3,Logistic Regression,0,0.1411655995390482,0.5,0,0.57,0,Low
145,Stage 3,Logistic Regression,0,0.30868195267787824,0.5,0,0.57,0,Medium
161,Stage 3,Logistic Regression,0,0.0408689460068273,0.5,0,0.57,0,Low
164,Stage 3,Logistic Regression,0,0.1454563447373928,0.5,0,0.57,0,Low
167,Stage 3,Logistic Regression,0,0.25669548947515514,0.5,0,0.57,0,Low
169,Stage 3,Logistic Regression,1,0.587815384208758,0.5,1,0.57,1,High
171,Stage 3,Logistic Regression,0,0.10801151777655127,0.5,0,0.57,0,Low
180,Stage 3,Logistic Regression,0,0.08287311378491179,0.5,0,0.57,0,Low
187,Stage 3,Logistic Regression,0,0.10401182363825644,0.5,0,0.57,0,Low
191,Stage 3,Logistic Regression,0,0.5811049456633258,0.5,1,0.57,1,High
192,Stage 3,Logistic Regression,1,0.940703455512501,0.5,1,0.57,1,High
205,Stage 3,Logistic Regression,0,0.5650845966232999,0.5,1,0.57,0,Medium
208,Stage 3,Logistic Regression,0,0.16582641390584207,0.5,0,0.57,0,Low
220,Stage 3,Logistic Regression,0,0.19022958782963081,0.5,0,0.57,0,Low
221,Stage 3,Logistic Regression,0,0.13108158829014543,0.5,0,0.57,0,Low
222,Stage 3,Logistic Regression,1,0.637535398265589,0.5,1,0.57,1,High
229,Stage 3,Logistic Regression,0,0.054646555830294714,0.5,0,0.57,0,Low
230,Stage 3,Logistic Regression,0,0.3278792852078747,0.5,0,0.57,0,Medium
239,Stage 3,Logistic Regression,1,0.9538204287683939,0.5,1,0.57,1,High
246,Stage 3,Logistic Regression,0,0.048810019516818355,0.5,0,0.57,0,Low
247,Stage 3,Logistic Regression,1,0.9040065589315269,0.5,1,0.57,1,High
251,Stage 3,Logistic Regression,1,0.0913644431367181,0.5,0,0.57,0,Low
255,Stage 3,Logistic Regression,1,0.9979236801570008,0.5,1,0.57,1,High
257,Stage 3,Logistic Regression,0,0.09218544818783456,0.5,0,0.57,0,Low
266,Stage 3,Logistic Regression,0,0.11446999555103295,0.5,0,0.57,0,Low
269,Stage 3,Logistic Regression,0,0.07254721063862904,0.5,0,0.57,0,Low
270,Stage 3,Logistic Regression,0,0.07293241156763296,0.5,0,0.57,0,Low
277,Stage 3,Logistic Regression,1,0.9393382571759659,0.5,1,0.57,1,High
280,Stage 3,Logistic Regression,0,0.24677379433848204,0.5,0,0.57,0,Low
283,Stage 3,Logistic Regression,0,0.06734864599238545,0.5,0,0.57,0,Low
284,Stage 3,Logistic Regression,0,0.08042760659975787,0.5,0,0.57,0,Low
285,Stage 3,Logistic Regression,0,0.1084108601405272,0.5,0,0.57,0,Low
289,Stage 3,Logistic Regression,0,0.05957297412512864,0.5,0,0.57,0,Low
300,Stage 3,Logistic Regression,0,0.12938362773264994,0.5,0,0.57,0,Low
311,Stage 3,Logistic Regression,1,0.929849702959025,0.5,1,0.57,1,High
315,Stage 3,Logistic Regression,0,0.07781310098504908,0.5,0,0.57,0,Low
325,Stage 3,Logistic Regression,0,0.420602133026757,0.5,0,0.57,0,Medium
333,Stage 3,Logistic Regression,0,0.04701324629789706,0.5,0,0.57,0,Low
337,Stage 3,Logistic Regression,0,0.031777123111742356,0.5,0,0.57,0,Low
341,Stage 3,Logistic Regression,1,0.44538807554639287,0.5,0,0.57,0,Medium
346,Stage 3,Logistic Regression,0,0.5072259167631541,0.5,1,0.57,0,Medium
360,Stage 3,Logistic Regression,0,0.21215786942783477,0.5,0,0.57,0,Low
363,Stage 3,Logistic Regression,0,0.1139174089917418,0.5,0,0.57,0,Low
367,Stage 3,Logistic Regression,0,0.1757986295676314,0.5,0,0.57,0,Low
380,Stage 3,Logistic Regression,1,0.24623506403515594,0.5,0,0.57,0,Low
387,Stage 3,Logistic Regression,0,0.3878743132320312,0.5,0,0.57,0,Medium
393,Stage 3,Logistic Regression,1,0.8224006415987014,0.5,1,0.57,1,High
400,Stage 3,Logistic Regression,0,0.17635339965303926,0.5,0,0.57,0,Low
408,Stage 3,Logistic Regression,0,0.09738750202893025,0.5,0,0.57,0,Low
417,Stage 3,Logistic Regression,1,0.5808637701331852,0.5,1,0.57,1,High
429,Stage 3,Logistic Regression,0,0.23106689746327952,0.5,0,0.57,0,Low
444,Stage 3,Logistic Regression,0,0.2481361844811614,0.5,0,0.57,0,Low
450,Stage 3,Logistic Regression,0,0.09667169725001946,0.5,0,0.57,0,Low
452,Stage 3,Logistic Regression,0,0.04435749381058806,0.5,0,0.57,0,Low
477,Stage 3,Logistic Regression,1,0.9964784407593656,0.5,1,0.57,1,High
478,Stage 3,Logistic Regression,0,0.1267452631596795,0.5,0,0.57,0,Low
486,Stage 3,Logistic Regression,1,0.3247272483747638,0.5,0,0.57,0,Medium
487,Stage 3,Logistic Regression,1,0.5418892250222913,0.5,1,0.57,0,Medium
494,Stage 3,Logistic Regression,0,0.24941172935459263,0.5,0,0.57,0,Low
495,Stage 3,Logistic Regression,1,0.9907216658201604,0.5,1,0.57,1,High
496,Stage 3,Logistic Regression,1,0.9871118080376361,0.5,1,0.57,1,High
506,Stage 3,Logistic Regression,0,0.27837258638091644,0.5,0,0.57,0,Low
507,Stage 3,Logistic Regression,0,0.10044628596493378,0.5,0,0.57,0,Low
513,Stage 3,Logistic Regression,1,0.9916205939184937,0.5,1,0.57,1,High
531,Stage 3,Logistic Regression,1,0.9729086429849428,0.5,1,0.57,1,High
534,Stage 3,Logistic Regression,0,0.466307158426566,0.5,0,0.57,0,Medium
535,Stage 3,Logistic Regression,0,0.3474068637821681,0.5,0,0.57,0,Medium
540,Stage 3,Logistic Regression,0,0.08925407637688253,0.5,0,0.57,0,Low
541,Stage 3,Logistic Regression,0,0.26997663248393605,0.5,0,0.57,0,Low
542,Stage 3,Logistic Regression,0,0.05066394768487129,0.5,0,0.57,0,Low
544,Stage 3,Logistic Regression,0,0.09710323557136534,0.5,0,0.57,0,Low
545,Stage 3,Logistic Regression,0,0.42637745719533177,0.5,0,0.57,0,Medium
548,Stage 3,Logistic Regression,0,0.171474851324465,0.5,0,0.57,0,Low
564,Stage 3,Logistic Regression,0,0.18258411376439285,0.5,0,0.57,0,Low
567,Stage 3,Logistic Regression,1,0.6507187203962654,0.5,1,0.57,1,High
573,Stage 3,Logistic Regression,0,0.27099305406656365,0.5,0,0.57,0,Low
574,Stage 3,Logistic Regression,0,0.4299393915992412,0.5,0,0.57,0,Medium
618,Stage 3,Logistic Regression,0,0.04648113604590921,0.5,0,0.57,0,Low
623,Stage 3,Logistic Regression,0,0.028032224910725247,0.5,0,0.57,0,Low
625,Stage 3,Logistic Regression,1,0.24494755470353674,0.5,0,0.57,0,Low
629,Stage 3,Logistic Regression,0,0.21379537767826332,0.5,0,0.57,0,Low
636,Stage 3,Logistic Regression,0,0.07575538832624902,0.5,0,0.57,0,Low
641,Stage 3,Logistic Regression,0,0.5153827838616041,0.5,1,0.57,0,Medium
644,Stage 3,Logistic Regression,1,0.9958041883875105,0.5,1,0.57,1,High
647,Stage 3,Logistic Regression,0,0.13402822560009792,0.5,0,0.57,0,Low
659,Stage 3,Logistic Regression,1,0.9429495161159812,0.5,1,0.57,1,High
661,Stage 3,Logistic Regression,0,0.07277554132286619,0.5,0,0.57,0,Low
662,Stage 3,Logistic Regression,0,0.22870465499455292,0.5,0,0.57,0,Low
667,Stage 3,Logistic Regression,0,0.04359736642570918,0.5,0,0.57,0,Low
673,Stage 3,Logistic Regression,0,0.11725081629904872,0.5,0,0.57,0,Low
677,Stage 3,Logistic Regression,0,0.5772699524669385,0.5,1,0.57,1,High
678,Stage 3,Logistic Regression,1,0.9992741998945976,0.5,1,0.57,1,High
681,Stage 3,Logistic Regression,0,0.0653151859186566,0.5,0,0.57,0,Low
685,Stage 3,Logistic Regression,0,0.1461690308064474,0.5,0,0.57,0,Low
689,Stage 3,Logistic Regression,1,0.9982720176088135,0.5,1,0.57,1,High
696,Stage 3,Logistic Regression,0,0.1832249660997114,0.5,0,0.57,0,Low
698,Stage 3,Logistic Regression,0,0.09171149549421788,0.5,0,0.57,0,Low
706,Stage 3,Logistic Regression,0,0.11531657089202275,0.5,0,0.57,0,Low
711,Stage 3,Logistic Regression,1,0.9974328694342243,0.5,1,0.57,1,High
716,Stage 3,Logistic Regression,1,0.9939291512739579,0.5,1,0.57,1,High
721,Stage 3,Logistic Regression,0,0.12568776204127435,0.5,0,0.57,0,Low
730,Stage 3,Logistic Regression,1,0.850574188446305,0.5,1,0.57,1,High
734,Stage 3,Logistic Regression,1,0.9902486830631035,0.5,1,0.57,1,High
744,Stage 3,Logistic Regression,0,0.484743532658083,0.5,0,0.57,0,Medium
748,Stage 3,Logistic Regression,1,0.9748440283152368,0.5,1,0.57,1,High
750,Stage 3,Logistic Regression,0,0.35379626506118,0.5,0,0.57,0,Medium
757,Stage 3,Logistic Regression,1,0.8305394519652687,0.5,1,0.57,1,High
760,Stage 3,Logistic Regression,0,0.07837591854816103,0.5,0,0.57,0,Low
764,Stage 3,Logistic Regression,0,0.05397595746334024,0.5,0,0.57,0,Low
774,Stage 3,Logistic Regression,0,0.2604676433015378,0.5,0,0.57,0,Low
779,Stage 3,Logistic Regression,0,0.1483606517534148,0.5,0,0.57,0,Low
780,Stage 3,Logistic Regression,0,0.09649768465066555,0.5,0,0.57,0,Low
787,Stage 3,Logistic Regression,0,0.056859874170981206,0.5,0,0.57,0,Low
794,Stage 3,Logistic Regression,0,0.07245670118525817,0.5,0,0.57,0,Low
800,Stage 3,Logistic Regression,0,0.41187692398053244,0.5,0,0.57,0,Medium
807,Stage 3,Logistic Regression,0,0.7871616128771142,0.5,1,0.57,1,High
808,Stage 3,Logistic Regression,1,0.9484873546252895,0.5,1,0.57,1,High
810,Stage 3,Logistic Regression,1,0.9901898922101714,0.5,1,0.57,1,High
818,Stage 3,Logistic Regression,0,0.20735291905811004,0.5,0,0.57,0,Low
823,Stage 3,Logistic Regression,0,0.045124241222742174,0.5,0,0.57,0,Low
835,Stage 3,Logistic Regression,0,0.5844518469820673,0.5,1,0.57,1,High
839,Stage 3,Logistic Regression,0,0.15165057986870759,0.5,0,0.57,0,Low
840,Stage 3,Logistic Regression,1,0.9810896766414068,0.5,1,0.57,1,High
842,Stage 3,Logistic Regression,1,0.9979821460030944,0.5,1,0.57,1,High
850,Stage 3,Logistic Regression,0,0.13217694177135908,0.5,0,0.57,0,Low
855,Stage 3,Logistic Regression,1,0.9599896135043472,0.5,1,0.57,1,High
866,Stage 3,Logistic Regression,1,0.9673178978765232,0.5,1,0.57,1,High
869,Stage 3,Logistic Regression,0,0.3937994032925652,0.5,0,0.57,0,Medium
872,Stage 3,Logistic Regression,0,0.27563159803093795,0.5,0,0.57,0,Low
874,Stage 3,Logistic Regression,0,0.23797846328087147,0.5,0,0.57,0,Low
885,Stage 3,Logistic Regression,0,0.6617938566068842,0.5,1,0.57,1,High
887,Stage 3,Logistic Regression,0,0.1634870877360933,0.5,0,0.57,0,Low
892,Stage 3,Logistic Regression,0,0.0783856863851223,0.5,0,0.57,0,Low
894,Stage 3,Logistic Regression,0,0.012800440404391636,0.5,0,0.57,0,Low
896,Stage 3,Logistic Regression,0,0.09290370852367676,0.5,0,0.57,0,Low
902,Stage 3,Logistic Regression,0,0.10558758134955788,0.5,0,0.57,0,Low
905,Stage 3,Logistic Regression,0,0.03671613115880422,0.5,0,0.57,0,Low
906,Stage 3,Logistic Regression,1,0.9782644381980442,0.5,1,0.57,1,High
911,Stage 3,Logistic Regression,0,0.1449941362260417,0.5,0,0.57,0,Low
916,Stage 3,Logistic Regression,1,0.9868547727255476,0.5,1,0.57,1,High
919,Stage 3,Logistic Regression,0,0.13632675890799933,0.5,0,0.57,0,Low
921,Stage 3,Logistic Regression,0,0.08927456963558739,0.5,0,0.57,0,Low
923,Stage 3,Logistic Regression,1,0.9585010133712848,0.5,1,0.57,1,High
924,Stage 3,Logistic Regression,0,0.6597293039665315,0.5,1,0.57,1,High
930,Stage 3,Logistic Regression,0,0.6752410283640913,0.5,1,0.57,1,High
933,Stage 3,Logistic Regression,1,0.6189066571640949,0.5,1,0.57,1,High
939,Stage 3,Logistic Regression,1,0.804003679278986,0.5,1,0.57,1,High
946,Stage 3,Logistic Regression,0,0.17056842603699385,0.5,0,0.57,0,Low
955,Stage 3,Logistic Regression,1,0.8584114433113539,0.5,1,0.57,1,High
958,Stage 3,Logistic Regression,0,0.12754948090933202,0.5,0,0.57,0,Low
962,Stage 3,Logistic Regression,0,0.2989360586001527,0.5,0,0.57,0,Low
963,Stage 3,Logistic Regression,0,0.4377116942222564,0.5,0,0.57,0,Medium
967,Stage 3,Logistic Regression,1,0.9890622658621432,0.5,1,0.57,1,High
971,Stage 3,Logistic Regression,1,0.939254963759371,0.5,1,0.57,1,High
972,Stage 3,Logistic Regression,1,0.9937155767481916,0.5,1,0.57,1,High
980,Stage 3,Logistic Regression,1,0.705874316025636,0.5,1,0.57,1,High
985,Stage 3,Logistic Regression,0,0.07612388919048808,0.5,0,0.57,0,Low
986,Stage 3,Logistic Regression,0,0.1553032553695415,0.5,0,0.57,0,Low
993,Stage 3,Logistic Regression,0,0.12656422444684168,0.5,0,0.57,0,Low
994,Stage 3,Logistic Regression,0,0.12525945481455777,0.5,0,0.57,0,Low
1003,Stage 3,Logistic Regression,0,0.27050837495192803,0.5,0,0.57,0,Low
1008,Stage 3,Logistic Regression,0,0.033137547729313516,0.5,0,0.57,0,Low
1012,Stage 3,Logistic Regression,0,0.0644532888156157,0.5,0,0.57,0,Low
1013,Stage 3,Logistic Regression,1,0.951525929096746,0.5,1,0.57,1,High
1027,Stage 3,Logistic Regression,0,0.12872781183689933,0.5,0,0.57,0,Low
1031,Stage 3,Logistic Regression,0,0.38311054051220206,0.5,0,0.57,0,Medium
1041,Stage 3,Logistic Regression,0,0.07869384377564523,0.5,0,0.57,0,Low
1050,Stage 3,Logistic Regression,0,0.35550878911646705,0.5,0,0.57,0,Medium
1054,Stage 3,Logistic Regression,0,0.04028603590135384,0.5,0,0.57,0,Low
1056,Stage 3,Logistic Regression,1,0.0582451366351723,0.5,0,0.57,0,Low
1059,Stage 3,Logistic Regression,0,0.05837715994493588,0.5,0,0.57,0,Low
1072,Stage 3,Logistic Regression,0,0.2770229713591695,0.5,0,0.57,0,Low
1075,Stage 3,Logistic Regression,0,0.11168185396307526,0.5,0,0.57,0,Low
1081,Stage 3,Logistic Regression,0,0.18012082525556536,0.5,0,0.57,0,Low
1086,Stage 3,Logistic Regression,0,0.05625702246457179,0.5,0,0.57,0,Low
1088,Stage 3,Logistic Regression,0,0.4657184481340474,0.5,0,0.57,0,Medium
1094,Stage 3,Logistic Regression,0,0.05549583297121672,0.5,0,0.57,0,Low
1100,Stage 3,Logistic Regression,1,0.0655209387849635,0.5,0,0.57,0,Low
1103,Stage 3,Logistic Regression,0,0.2878885296810789,0.5,0,0.57,0,Low
1105,Stage 3,Logistic Regression,1,0.5607898801881582,0.5,1,0.57,0,Medium
1113,Stage 3,Logistic Regression,0,0.5852833198761621,0.5,1,0.57,1,High
1118,Stage 3,Logistic Regression,0,0.41709735850706725,0.5,0,0.57,0,Medium
1120,Stage 3,Logistic Regression,0,0.24937781580318547,0.5,0,0.57,0,Low
1127,Stage 3,Logistic Regression,0,0.524774879755676,0.5,1,0.57,0,Medium
1135,Stage 3,Logistic Regression,1,0.9645424466399368,0.5,1,0.57,1,High
1141,Stage 3,Logistic Regression,0,0.3136751046269775,0.5,0,0.57,0,Medium
1150,Stage 3,Logistic Regression,0,0.04712753569549977,0.5,0,0.57,0,Low
1153,Stage 3,Logistic Regression,0,0.3385587098546051,0.5,0,0.57,0,Medium
1157,Stage 3,Logistic Regression,0,0.08582248125980528,0.5,0,0.57,0,Low
1159,Stage 3,Logistic Regression,0,0.07943530462562709,0.5,0,0.57,0,Low
1162,Stage 3,Logistic Regression,0,0.09708454024480716,0.5,0,0.57,0,Low
1165,Stage 3,Logistic Regression,0,0.1401042320708661,0.5,0,0.57,0,Low
1168,Stage 3,Logistic Regression,1,0.16727186638271613,0.5,0,0.57,0,Low
1169,Stage 3,Logistic Regression,0,0.2567448146362246,0.5,0,0.57,0,Low
1175,Stage 3,Logistic Regression,1,0.7669373376270374,0.5,1,0.57,1,High
1188,Stage 3,Logistic Regression,0,0.5578864891296172,0.5,1,0.57,0,Medium
1189,Stage 3,Logistic Regression,0,0.06217294986451318,0.5,0,0.57,0,Low
1192,Stage 3,Logistic Regression,0,0.3808620625039738,0.5,0,0.57,0,Medium
1193,Stage 3,Logistic Regression,0,0.2084332261321968,0.5,0,0.57,0,Low
1197,Stage 3,Logistic Regression,1,0.6649283490127119,0.5,1,0.57,1,High
1201,Stage 3,Logistic Regression,0,0.12608377482032126,0.5,0,0.57,0,Low
1204,Stage 3,Logistic Regression,1,0.9983997117508333,0.5,1,0.57,1,High
1206,Stage 3,Logistic Regression,0,0.47866943993386196,0.5,0,0.57,0,Medium
1216,Stage 3,Logistic Regression,0,0.3415417939148684,0.5,0,0.57,0,Medium
1218,Stage 3,Logistic Regression,0,0.08944886381259291,0.5,0,0.57,0,Low
1220,Stage 3,Logistic Regression,1,0.7279931380690048,0.5,1,0.57,1,High
1222,Stage 3,Logistic Regression,1,0.99663946245902,0.5,1,0.57,1,High
1224,Stage 3,Logistic Regression,0,0.023930088789628063,0.5,0,0.57,0,Low
1225,Stage 3,Logistic Regression,0,0.057272645775285624,0.5,0,0.57,0,Low
1226,Stage 3,Logistic Regression,0,0.14300050437262135,0.5,0,0.57,0,Low
1228,Stage 3,Logistic Regression,0,0.04243047057877661,0.5,0,0.57,0,Low
1232,Stage 3,Logistic Regression,0,0.1504084940040784,0.5,0,0.57,0,Low
1251,Stage 3,Logistic Regression,0,0.10964728024631544,0.5,0,0.57,0,Low
1252,Stage 3,Logistic Regression,0,0.21928109159584053,0.5,0,0.57,0,Low
1253,Stage 3,Logistic Regression,0,0.0758271644958688,0.5,0,0.57,0,Low
1262,Stage 3,Logistic Regression,1,0.967111203250629,0.5,1,0.57,1,High
1272,Stage 3,Logistic Regression,1,0.2508109332934454,0.5,0,0.57,0,Low
1273,Stage 3,Logistic Regression,1,0.9827749926884217,0.5,1,0.57,1,High
1282,Stage 3,Logistic Regression,1,0.995980580918222,0.5,1,0.57,1,High
1286,Stage 3,Logistic Regression,0,0.10611116890897632,0.5,0,0.57,0,Low
1295,Stage 3,Logistic Regression,1,0.9590661374847517,0.5,1,0.57,1,High
1299,Stage 3,Logistic Regression,0,0.6349699510501284,0.5,1,0.57,1,High
1306,Stage 3,Logistic Regression,0,0.02496974656607619,0.5,0,0.57,0,Low
1317,Stage 3,Logistic Regression,1,0.9218387065354557,0.5,1,0.57,1,High
1330,Stage 3,Logistic Regression,0,0.03277699489768785,0.5,0,0.57,0,Low
1331,Stage 3,Logistic Regression,0,0.035119572476032784,0.5,0,0.57,0,Low
1333,Stage 3,Logistic Regression,0,0.3541908212849214,0.5,0,0.57,0,Medium
1334,Stage 3,Logistic Regression,0,0.04671286272647668,0.5,0,0.57,0,Low
1335,Stage 3,Logistic Regression,0,0.308621676352684,0.5,0,0.57,0,Medium
1337,Stage 3,Logistic Regression,0,0.565433265899301,0.5,1,0.57,0,Medium
1339,Stage 3,Logistic Regression,0,0.08914606268486193,0.5,0,0.57,0,Low
1351,Stage 3,Logistic Regression,0,0.08363851712554178,0.5,0,0.57,0,Low
1352,Stage 3,Logistic Regression,0,0.07389527685597158,0.5,0,0.57,0,Low
1356,Stage 3,Logistic Regression,1,0.9724202313793435,0.5,1,0.57,1,High
1361,Stage 3,Logistic Regression,0,0.10807309914566149,0.5,0,0.57,0,Low
1362,Stage 3,Logistic Regression,1,0.972521959027992,0.5,1,0.57,1,High
1364,Stage 3,Logistic Regression,0,0.08880120662443536,0.5,0,0.57,0,Low
1370,Stage 3,Logistic Regression,0,0.10488611268389732,0.5,0,0.57,0,Low
1381,Stage 3,Logistic Regression,1,0.9989360604170242,0.5,1,0.57,1,High
1386,Stage 3,Logistic Regression,1,0.9850509969661823,0.5,1,0.57,1,High
1388,Stage 3,Logistic Regression,1,0.9735409552285575,0.5,1,0.57,1,High
1389,Stage 3,Logistic Regression,0,0.2526530151975681,0.5,0,0.57,0,Low
1390,Stage 3,Logistic Regression,0,0.024836422480087002,0.5,0,0.57,0,Low
1394,Stage 3,Logistic Regression,0,0.20409034219003383,0.5,0,0.57,0,Low
1395,Stage 3,Logistic Regression,0,0.19403349828490302,0.5,0,0.57,0,Low
1411,Stage 3,Logistic Regression,0,0.05353026786044222,0.5,0,0.57,0,Low
1415,Stage 3,Logistic Regression,0,0.1467963976844532,0.5,0,0.57,0,Low
1416,Stage 3,Logistic Regression,1,0.9925159218514145,0.5,1,0.57,1,High
1420,Stage 3,Logistic Regression,1,0.3935047011298761,0.5,0,0.57,0,Medium
1421,Stage 3,Logistic Regression,0,0.1848582406394368,0.5,0,0.57,0,Low
1422,Stage 3,Logistic Regression,0,0.037580906616200206,0.5,0,0.57,0,Low
1426,Stage 3,Logistic Regression,0,0.155166952927959,0.5,0,0.57,0,Low
1427,Stage 3,Logistic Regression,0,0.5291177440395541,0.5,1,0.57,0,Medium
1436,Stage 3,Logistic Regression,0,0.53403965020462,0.5,1,0.57,0,Medium
1447,Stage 3,Logistic Regression,1,0.34495619967028973,0.5,0,0.57,0,Medium
1453,Stage 3,Logistic Regression,0,0.11724744369078736,0.5,0,0.57,0,Low
1463,Stage 3,Logistic Regression,1,0.804114492624509,0.5,1,0.57,1,High
1464,Stage 3,Logistic Regression,0,0.21740476053053623,0.5,0,0.57,0,Low
1466,Stage 3,Logistic Regression,1,0.9421428173275823,0.5,1,0.57,1,High
1471,Stage 3,Logistic Regression,0,0.25140988621471666,0.5,0,0.57,0,Low
1473,Stage 3,Logistic Regression,1,0.9887838857601123,0.5,1,0.57,1,High
1479,Stage 3,Logistic Regression,1,0.8879063509176917,0.5,1,0.57,1,High
1484,Stage 3,Logistic Regression,0,0.10451874965855132,0.5,0,0.57,0,Low
1485,Stage 3,Logistic Regression,0,0.17848722098898076,0.5,0,0.57,0,Low
1487,Stage 3,Logistic Regression,0,0.24150740278868832,0.5,0,0.57,0,Low
1491,Stage 3,Logistic Regression,0,0.19182920759263042,0.5,0,0.57,0,Low
1493,Stage 3,Logistic Regression,0,0.36181016823835516,0.5,0,0.57,0,Medium
1497,Stage 3,Logistic Regression,0,0.3359486256454541,0.5,0,0.57,0,Medium
1506,Stage 3,Logistic Regression,0,0.42559911791585164,0.5,0,0.57,0,Medium
1507,Stage 3,Logistic Regression,0,0.4638444751062861,0.5,0,0.57,0,Medium
1509,Stage 3,Logistic Regression,1,0.9646946285945099,0.5,1,0.57,1,High
1510,Stage 3,Logistic Regression,1,0.9929505159813312,0.5,1,0.57,1,High
1513,Stage 3,Logistic Regression,0,0.12484150125567635,0.5,0,0.57,0,Low
1515,Stage 3,Logistic Regression,0,0.019524230893627134,0.5,0,0.57,0,Low
1523,Stage 3,Logistic Regression,1,0.2638083012177812,0.5,0,0.57,0,Low
1529,Stage 3,Logistic Regression,1,0.48544065367267536,0.5,0,0.57,0,Medium
1532,Stage 3,Logistic Regression,0,0.34196443693476025,0.5,0,0.57,0,Medium
1535,Stage 3,Logistic Regression,0,0.3919230153916347,0.5,0,0.57,0,Medium
1536,Stage 3,Logistic Regression,1,0.9734210034678885,0.5,1,0.57,1,High
1539,Stage 3,Logistic Regression,1,0.9915063697772302,0.5,1,0.57,1,High
1541,Stage 3,Logistic Regression,1,0.9929698567975987,0.5,1,0.57,1,High
1544,Stage 3,Logistic Regression,1,0.7804203916243664,0.5,1,0.57,1,High
1548,Stage 3,Logistic Regression,1,0.9947197835188024,0.5,1,0.57,1,High
1568,Stage 3,Logistic Regression,0,0.7490041913811619,0.5,1,0.57,1,High
1569,Stage 3,Logistic Regression,1,0.9677964597348251,0.5,1,0.57,1,High
1572,Stage 3,Logistic Regression,1,0.9979585368466234,0.5,1,0.57,1,High
1577,Stage 3,Logistic Regression,0,0.20301876967797988,0.5,0,0.57,0,Low
1581,Stage 3,Logistic Regression,0,0.25860485330829364,0.5,0,0.57,0,Low
1587,Stage 3,Logistic Regression,0,0.5321159550991138,0.5,1,0.57,0,Medium
1593,Stage 3,Logistic Regression,1,0.8608196828020046,0.5,1,0.57,1,High
1594,Stage 3,Logistic Regression,0,0.4879950135658814,0.5,0,0.57,0,Medium
1595,Stage 3,Logistic Regression,0,0.24971540176906837,0.5,0,0.57,0,Low
1603,Stage 3,Logistic Regression,0,0.054144439816046094,0.5,0,0.57,0,Low
1607,Stage 3,Logistic Regression,0,0.041292284873863654,0.5,0,0.57,0,Low
1608,Stage 3,Logistic Regression,0,0.27758413457528736,0.5,0,0.57,0,Low
1609,Stage 3,Logistic Regression,0,0.10653701297503328,0.5,0,0.57,0,Low
1620,Stage 3,Logistic Regression,0,0.1385413712581155,0.5,0,0.57,0,Low
1621,Stage 3,Logistic Regression,0,0.1680050763297539,0.5,0,0.57,0,Low
1625,Stage 3,Logistic Regression,1,0.9968799358702195,0.5,1,0.57,1,High
1629,Stage 3,Logistic Regression,1,0.9798421885972013,0.5,1,0.57,1,High
1630,Stage 3,Logistic Regression,0,0.7277123580601929,0.5,1,0.57,1,High
1633,Stage 3,Logistic Regression,0,0.10111704576670667,0.5,0,0.57,0,Low
1634,Stage 3,Logistic Regression,0,0.39914257438409134,0.5,0,0.57,0,Medium
1635,Stage 3,Logistic Regression,0,0.10963458580838445,0.5,0,0.57,0,Low
1636,Stage 3,Logistic Regression,0,0.4817501785208878,0.5,0,0.57,0,Medium
1637,Stage 3,Logistic Regression,0,0.10444544623637637,0.5,0,0.57,0,Low
1638,Stage 3,Logistic Regression,1,0.9849006542831771,0.5,1,0.57,1,High
1640,Stage 3,Logistic Regression,0,0.03671937739687866,0.5,0,0.57,0,Low
1646,Stage 3,Logistic Regression,0,0.02174140759837108,0.5,0,0.57,0,Low
1648,Stage 3,Logistic Regression,1,0.08193585740683472,0.5,0,0.57,0,Low
1651,Stage 3,Logistic Regression,0,0.09421390392850854,0.5,0,0.57,0,Low
1652,Stage 3,Logistic Regression,0,0.23543964688928445,0.5,0,0.57,0,Low
1666,Stage 3,Logistic Regression,0,0.03445093911800406,0.5,0,0.57,0,Low
1670,Stage 3,Logistic Regression,0,0.38762606896885177,0.5,0,0.57,0,Medium
1671,Stage 3,Logistic Regression,0,0.04839327288673538,0.5,0,0.57,0,Low
1684,Stage 3,Logistic Regression,0,0.24494883683411095,0.5,0,0.57,0,Low
1687,Stage 3,Logistic Regression,1,0.9969412286924626,0.5,1,0.57,1,High
1695,Stage 3,Logistic Regression,0,0.08045031644473709,0.5,0,0.57,0,Low
1699,Stage 3,Logistic Regression,1,0.9835120475943994,0.5,1,0.57,1,High
1709,Stage 3,Logistic Regression,0,0.07857025545806401,0.5,0,0.57,0,Low
1712,Stage 3,Logistic Regression,1,0.7495612507808157,0.5,1,0.57,1,High
1714,Stage 3,Logistic Regression,0,0.06080689248721654,0.5,0,0.57,0,Low
1717,Stage 3,Logistic Regression,0,0.9378306620810849,0.5,1,0.57,1,High
1721,Stage 3,Logistic Regression,0,0.2240748101395007,0.5,0,0.57,0,Low
1722,Stage 3,Logistic Regression,0,0.026156650303872524,0.5,0,0.57,0,Low
1724,Stage 3,Logistic Regression,0,0.026445664754392043,0.5,0,0.57,0,Low
1726,Stage 3,Logistic Regression,0,0.047160153140445055,0.5,0,0.57,0,Low
1727,Stage 3,Logistic Regression,0,0.493256043827419,0.5,0,0.57,0,Medium
1740,Stage 3,Logistic Regression,1,0.6381622804088088,0.5,1,0.57,1,High
1741,Stage 3,Logistic Regression,0,0.6609518703986266,0.5,1,0.57,1,High
1747,Stage 3,Logistic Regression,1,0.9906973155872166,0.5,1,0.57,1,High
1763,Stage 3,Logistic Regression,0,0.46212503632471047,0.5,0,0.57,0,Medium
1766,Stage 3,Logistic Regression,1,0.9944636306965159,0.5,1,0.57,1,High
1771,Stage 3,Logistic Regression,0,0.38438932662055414,0.5,0,0.57,0,Medium
1786,Stage 3,Logistic Regression,1,0.9847182074039447,0.5,1,0.57,1,High
1794,Stage 3,Logistic Regression,0,0.1754628621462399,0.5,0,0.57,0,Low
1799,Stage 3,Logistic Regression,1,0.9894305323245455,0.5,1,0.57,1,High
1803,Stage 3,Logistic Regression,1,0.4110244795639546,0.5,0,0.57,0,Medium
1813,Stage 3,Logistic Regression,0,0.22820130050170134,0.5,0,0.57,0,Low
1823,Stage 3,Logistic Regression,1,0.7822328031003449,0.5,1,0.57,1,High
1825,Stage 3,Logistic Regression,0,0.1172848361634989,0.5,0,0.57,0,Low
1833,Stage 3,Logistic Regression,1,0.624558462109044,0.5,1,0.57,1,High
1835,Stage 3,Logistic Regression,0,0.034542384567624304,0.5,0,0.57,0,Low
1841,Stage 3,Logistic Regression,1,0.921417220453538,0.5,1,0.57,1,High
1846,Stage 3,Logistic Regression,1,0.3114376033737632,0.5,0,0.57,0,Medium
1847,Stage 3,Logistic Regression,1,0.7602337910021707,0.5,1,0.57,1,High
1849,Stage 3,Logistic Regression,0,0.4529761365397938,0.5,0,0.57,0,Medium
1850,Stage 3,Logistic Regression,1,0.998296183015886,0.5,1,0.57,1,High
1851,Stage 3,Logistic Regression,1,0.07781600920301376,0.5,0,0.57,0,Low
1856,Stage 3,Logistic Regression,0,0.3368968705843609,0.5,0,0.57,0,Medium
1858,Stage 3,Logistic Regression,0,0.14473606601672895,0.5,0,0.57,0,Low
1859,Stage 3,Logistic Regression,0,0.6915732052830109,0.5,1,0.57,1,High
1860,Stage 3,Logistic Regression,1,0.9594090914061713,0.5,1,0.57,1,High
1865,Stage 3,Logistic Regression,0,0.3281707324483112,0.5,0,0.57,0,Medium
1878,Stage 3,Logistic Regression,1,0.8826070310181455,0.5,1,0.57,1,High
1879,Stage 3,Logistic Regression,0,0.12278038887058666,0.5,0,0.57,0,Low
1881,Stage 3,Logistic Regression,1,0.7262651844204856,0.5,1,0.57,1,High
1886,Stage 3,Logistic Regression,1,0.8971201106638995,0.5,1,0.57,1,High
1889,Stage 3,Logistic Regression,0,0.40245680737135325,0.5,0,0.57,0,Medium
1897,Stage 3,Logistic Regression,1,0.7770812852042585,0.5,1,0.57,1,High
1903,Stage 3,Logistic Regression,0,0.10308369434861166,0.5,0,0.57,0,Low
1906,Stage 3,Logistic Regression,0,0.07618650813828715,0.5,0,0.57,0,Low
1927,Stage 3,Logistic Regression,0,0.11550055526332417,0.5,0,0.57,0,Low
1929,Stage 3,Logistic Regression,0,0.051586090900048905,0.5,0,0.57,0,Low
1935,Stage 3,Logistic Regression,0,0.07805608929903557,0.5,0,0.57,0,Low
1946,Stage 3,Logistic Regression,0,0.024504205862900308,0.5,0,0.57,0,Low
1948,Stage 3,Logistic Regression,0,0.0772818603515454,0.5,0,0.57,0,Low
1950,Stage 3,Logistic Regression,1,0.9517908827745576,0.5,1,0.57,1,High
1953,Stage 3,Logistic Regression,0,0.05236161079072194,0.5,0,0.57,0,Low
1955,Stage 3,Logistic Regression,0,0.28476288075186557,0.5,0,0.57,0,Low
1971,Stage 3,Logistic Regression,0,0.06455011302389681,0.5,0,0.57,0,Low
1977,Stage 3,Logistic Regression,0,0.07325814802413026,0.5,0,0.57,0,Low
1979,Stage 3,Logistic Regression,0,0.14743633625476732,0.5,0,0.57,0,Low
1989,Stage 3,Logistic Regression,0,0.21805283732741884,0.5,0,0.57,0,Low
2001,Stage 3,Logistic Regression,1,0.5852479726781319,0.5,1,0.57,1,High
2002,Stage 3,Logistic Regression,0,0.20903232844115013,0.5,0,0.57,0,Low
2004,Stage 3,Logistic Regression,1,0.9992529504567935,0.5,1,0.57,1,High
2005,Stage 3,Logistic Regression,0,0.0523314432245286,0.5,0,0.57,0,Low
2015,Stage 3,Logistic Regression,0,0.027219372933556765,0.5,0,0.57,0,Low
2016,Stage 3,Logistic Regression,0,0.24777362034514777,0.5,0,0.57,0,Low
2021,Stage 3,Logistic Regression,1,0.9969611655563897,0.5,1,0.57,1,High
2033,Stage 3,Logistic Regression,1,0.9858904115746278,0.5,1,0.57,1,High
2042,Stage 3,Logistic Regression,0,0.10300424218534712,0.5,0,0.57,0,Low
2048,Stage 3,Logistic Regression,0,0.07608846963402653,0.5,0,0.57,0,Low
2049,Stage 3,Logistic Regression,0,0.08790062386783735,0.5,0,0.57,0,Low
2050,Stage 3,Logistic Regression,0,0.15907096921555752,0.5,0,0.57,0,Low
2052,Stage 3,Logistic Regression,1,0.714378774321702,0.5,1,0.57,1,High
2054,Stage 3,Logistic Regression,0,0.044676917131027775,0.5,0,0.57,0,Low
2056,Stage 3,Logistic Regression,0,0.028473319274015082,0.5,0,0.57,0,Low
2059,Stage 3,Logistic Regression,1,0.7312272712827321,0.5,1,0.57,1,High
2083,Stage 3,Logistic Regression,0,0.17316295710762378,0.5,0,0.57,0,Low
2085,Stage 3,Logistic Regression,1,0.979646906481759,0.5,1,0.57,1,High
2094,Stage 3,Logistic Regression,1,0.6998707245834083,0.5,1,0.57,1,High
2097,Stage 3,Logistic Regression,0,0.12656869588151656,0.5,0,0.57,0,Low
2098,Stage 3,Logistic Regression,0,0.023662897345309044,0.5,0,0.57,0,Low
2102,Stage 3,Logistic Regression,0,0.0506456436048968,0.5,0,0.57,0,Low
2105,Stage 3,Logistic Regression,0,0.45532559883878804,0.5,0,0.57,0,Medium
2106,Stage 3,Logistic Regression,0,0.541673151467842,0.5,1,0.57,0,Medium
2113,Stage 3,Logistic Regression,0,0.08634648965489258,0.5,0,0.57,0,Low
2119,Stage 3,Logistic Regression,0,0.5424153485688138,0.5,1,0.57,0,Medium
2121,Stage 3,Logistic Regression,0,0.22907271485457287,0.5,0,0.57,0,Low
2127,Stage 3,Logistic Regression,1,0.5528043347805021,0.5,1,0.57,0,Medium
2130,Stage 3,Logistic Regression,0,0.10080918884136426,0.5,0,0.57,0,Low
2134,Stage 3,Logistic Regression,0,0.08041388156961496,0.5,0,0.57,0,Low
2147,Stage 3,Logistic Regression,0,0.21886567617987074,0.5,0,0.57,0,Low
2148,Stage 3,Logistic Regression,0,0.07378720088622179,0.5,0,0.57,0,Low
2151,Stage 3,Logistic Regression,0,0.3067285496321298,0.5,0,0.57,0,Medium
2152,Stage 3,Logistic Regression,0,0.0835353388713786,0.5,0,0.57,0,Low
2154,Stage 3,Logistic Regression,0,0.049217548337108265,0.5,0,0.57,0,Low
2159,Stage 3,Logistic Regression,1,0.6440739593210865,0.5,1,0.57,1,High
2160,Stage 3,Logistic Regression,0,0.040929417174385724,0.5,0,0.57,0,Low
2163,Stage 3,Logistic Regression,0,0.19870503615819032,0.5,0,0.57,0,Low
2164,Stage 3,Logistic Regression,0,0.13124951164935342,0.5,0,0.57,0,Low
2166,Stage 3,Logistic Regression,0,0.09811735667174899,0.5,0,0.57,0,Low
2169,Stage 3,Logistic Regression,0,0.1767084902429357,0.5,0,0.57,0,Low
2176,Stage 3,Logistic Regression,0,0.15093839778743268,0.5,0,0.57,0,Low
2179,Stage 3,Logistic Regression,0,0.11024371199229693,0.5,0,0.57,0,Low
2180,Stage 3,Logistic Regression,1,0.6262577409230191,0.5,1,0.57,1,High
2183,Stage 3,Logistic Regression,1,0.2212948844861784,0.5,0,0.57,0,Low
2187,Stage 3,Logistic Regression,0,0.02973593035054155,0.5,0,0.57,0,Low
2203,Stage 3,Logistic Regression,1,0.6275693173033448,0.5,1,0.57,1,High
2218,Stage 3,Logistic Regression,0,0.1970197150394884,0.5,0,0.57,0,Low
2220,Stage 3,Logistic Regression,0,0.1873377456139687,0.5,0,0.57,0,Low
2221,Stage 3,Logistic Regression,0,0.11430357504471612,0.5,0,0.57,0,Low
2227,Stage 3,Logistic Regression,1,0.9585330582029923,0.5,1,0.57,1,High
2231,Stage 3,Logistic Regression,1,0.5369228616397439,0.5,1,0.57,0,Medium
2236,Stage 3,Logistic Regression,0,0.6456836656796378,0.5,1,0.57,1,High
2243,Stage 3,Logistic Regression,0,0.07341562093964851,0.5,0,0.57,0,Low
2244,Stage 3,Logistic Regression,1,0.9665158802483838,0.5,1,0.57,1,High
2249,Stage 3,Logistic Regression,0,0.330651296648238,0.5,0,0.57,0,Medium
2250,Stage 3,Logistic Regression,1,0.528000011002481,0.5,1,0.57,0,Medium
2251,Stage 3,Logistic Regression,1,0.46117130228381575,0.5,0,0.57,0,Medium
2256,Stage 3,Logistic Regression,1,0.7949002426329992,0.5,1,0.57,1,High
2266,Stage 3,Logistic Regression,1,0.9732236737745908,0.5,1,0.57,1,High
2267,Stage 3,Logistic Regression,1,0.9575420505084845,0.5,1,0.57,1,High
2268,Stage 3,Logistic Regression,1,0.7228253605582482,0.5,1,0.57,1,High
2270,Stage 3,Logistic Regression,1,0.9970666841017708,0.5,1,0.57,1,High
2271,Stage 3,Logistic Regression,0,0.15445080519210933,0.5,0,0.57,0,Low
2274,Stage 3,Logistic Regression,1,0.7028849855394728,0.5,1,0.57,1,High
2277,Stage 3,Logistic Regression,0,0.5040188439065267,0.5,1,0.57,0,Medium
2286,Stage 3,Logistic Regression,0,0.28490045700169503,0.5,0,0.57,0,Low
2315,Stage 3,Logistic Regression,1,0.1735398046530761,0.5,0,0.57,0,Low
2325,Stage 3,Logistic Regression,1,0.953130522657372,0.5,1,0.57,1,High
2326,Stage 3,Logistic Regression,0,0.8197528412079768,0.5,1,0.57,1,High
2327,Stage 3,Logistic Regression,1,0.9578193888105077,0.5,1,0.57,1,High
2330,Stage 3,Logistic Regression,1,0.9845302024765406,0.5,1,0.57,1,High
2339,Stage 3,Logistic Regression,0,0.16164977478204387,0.5,0,0.57,0,Low
2341,Stage 3,Logistic Regression,0,0.4509491995116065,0.5,0,0.57,0,Medium
2344,Stage 3,Logistic Regression,0,0.07379995520419504,0.5,0,0.57,0,Low
2345,Stage 3,Logistic Regression,0,0.1563803653537413,0.5,0,0.57,0,Low
2346,Stage 3,Logistic Regression,0,0.39049122373350403,0.5,0,0.57,0,Medium
2349,Stage 3,Logistic Regression,0,0.3721133559142833,0.5,0,0.57,0,Medium
2355,Stage 3,Logistic Regression,0,0.20401629659899562,0.5,0,0.57,0,Low
2357,Stage 3,Logistic Regression,1,0.2373246108037715,0.5,0,0.57,0,Low
2363,Stage 3,Logistic Regression,0,0.6100702711927751,0.5,1,0.57,1,High
2364,Stage 3,Logistic Regression,0,0.21350735881934418,0.5,0,0.57,0,Low
2380,Stage 3,Logistic Regression,0,0.1947263933426177,0.5,0,0.57,0,Low
2383,Stage 3,Logistic Regression,0,0.30707657765676827,0.5,0,0.57,0,Medium
2384,Stage 3,Logistic Regression,0,0.8596218893900217,0.5,1,0.57,1,High
2400,Stage 3,Logistic Regression,1,0.7045439241478526,0.5,1,0.57,1,High
2402,Stage 3,Logistic Regression,1,0.7349788980996241,0.5,1,0.57,1,High
2405,Stage 3,Logistic Regression,0,0.4323261556814944,0.5,0,0.57,0,Medium
2407,Stage 3,Logistic Regression,1,0.9965777643141095,0.5,1,0.57,1,High
2412,Stage 3,Logistic Regression,0,0.5941297882235828,0.5,1,0.57,1,High
2413,Stage 3,Logistic Regression,0,0.7945280316489737,0.5,1,0.57,1,High
2414,Stage 3,Logistic Regression,0,0.11425614101426422,0.5,0,0.57,0,Low
2418,Stage 3,Logistic Regression,0,0.12154936429639702,0.5,0,0.57,0,Low
2419,Stage 3,Logistic Regression,0,0.08028945191160025,0.5,0,0.57,0,Low
2427,Stage 3,Logistic Regression,0,0.2214606180737628,0.5,0,0.57,0,Low
2430,Stage 3,Logistic Regression,0,0.17367452926789034,0.5,0,0.57,0,Low
2431,Stage 3,Logistic Regression,0,0.1140539144052117,0.5,0,0.57,0,Low
2440,Stage 3,Logistic Regression,1,0.9900957998739686,0.5,1,0.57,1,High
2443,Stage 3,Logistic Regression,0,0.1087695750021227,0.5,0,0.57,0,Low
2447,Stage 3,Logistic Regression,0,0.9911556165316032,0.5,1,0.57,1,High
2448,Stage 3,Logistic Regression,1,0.9969352024885481,0.5,1,0.57,1,High
2450,Stage 3,Logistic Regression,0,0.9049834786158976,0.5,1,0.57,1,High
2453,Stage 3,Logistic Regression,0,0.021022533689204103,0.5,0,0.57,0,Low
2465,Stage 3,Logistic Regression,1,0.9912766415939217,0.5,1,0.57,1,High
2467,Stage 3,Logistic Regression,0,0.07432481208617603,0.5,0,0.57,0,Low
2470,Stage 3,Logistic Regression,0,0.7400969471240021,0.5,1,0.57,1,High
2476,Stage 3,Logistic Regression,0,0.08074674254367571,0.5,0,0.57,0,Low
2485,Stage 3,Logistic Regression,1,0.9942035492246831,0.5,1,0.57,1,High
2486,Stage 3,Logistic Regression,1,0.9771254088909512,0.5,1,0.57,1,High
2488,Stage 3,Logistic Regression,0,0.576208369842157,0.5,1,0.57,1,High
2496,Stage 3,Logistic Regression,0,0.3721920186736621,0.5,0,0.57,0,Medium
2511,Stage 3,Logistic Regression,0,0.3024452965624794,0.5,0,0.57,0,Medium
2512,Stage 3,Logistic Regression,0,0.057938365265559455,0.5,0,0.57,0,Low
2514,Stage 3,Logistic Regression,1,0.12058641378106918,0.5,0,0.57,0,Low
2523,Stage 3,Logistic Regression,1,0.9790162151249792,0.5,1,0.57,1,High
2533,Stage 3,Logistic Regression,0,0.06355867148080548,0.5,0,0.57,0,Low
2539,Stage 3,Logistic Regression,0,0.16719881031646366,0.5,0,0.57,0,Low
2542,Stage 3,Logistic Regression,0,0.06645580266232726,0.5,0,0.57,0,Low
2544,Stage 3,Logistic Regression,0,0.24735522898274087,0.5,0,0.57,0,Low
2549,Stage 3,Logistic Regression,1,0.9858723850624841,0.5,1,0.57,1,High
2553,Stage 3,Logistic Regression,1,0.9953817085833319,0.5,1,0.57,1,High
2555,Stage 3,Logistic Regression,0,0.30554510708186233,0.5,0,0.57,0,Medium
2561,Stage 3,Logistic Regression,0,0.036715880114109756,0.5,0,0.57,0,Low
2570,Stage 3,Logistic Regression,0,0.03635742098471962,0.5,0,0.57,0,Low
2571,Stage 3,Logistic Regression,0,0.06215215541575107,0.5,0,0.57,0,Low
2574,Stage 3,Logistic Regression,0,0.16357633350810732,0.5,0,0.57,0,Low
2578,Stage 3,Logistic Regression,0,0.11451738390845423,0.5,0,0.57,0,Low
2586,Stage 3,Logistic Regression,0,0.3917014595094054,0.5,0,0.57,0,Medium
2589,Stage 3,Logistic Regression,0,0.41276129801669337,0.5,0,0.57,0,Medium
2594,Stage 3,Logistic Regression,0,0.7290231450996268,0.5,1,0.57,1,High
2597,Stage 3,Logistic Regression,1,0.3276868977549504,0.5,0,0.57,0,Medium
2599,Stage 3,Logistic Regression,0,0.3610364649803316,0.5,0,0.57,0,Medium
2606,Stage 3,Logistic Regression,0,0.15018566951469534,0.5,0,0.57,0,Low
2612,Stage 3,Logistic Regression,0,0.1724500948614523,0.5,0,0.57,0,Low
2624,Stage 3,Logistic Regression,0,0.14065130757020822,0.5,0,0.57,0,Low
2628,Stage 3,Logistic Regression,0,0.19490881938700155,0.5,0,0.57,0,Low
2632,Stage 3,Logistic Regression,0,0.057919729788055846,0.5,0,0.57,0,Low
2634,Stage 3,Logistic Regression,0,0.2772031143636821,0.5,0,0.57,0,Low
2641,Stage 3,Logistic Regression,0,0.14440788115023329,0.5,0,0.57,0,Low
2645,Stage 3,Logistic Regression,1,0.4991513811024187,0.5,0,0.57,0,Medium
2648,Stage 3,Logistic Regression,1,0.982833888525258,0.5,1,0.57,1,High
2649,Stage 3,Logistic Regression,1,0.1883356222218056,0.5,0,0.57,0,Low
2651,Stage 3,Logistic Regression,1,0.9742319834083013,0.5,1,0.57,1,High
2671,Stage 3,Logistic Regression,0,0.3237665812370413,0.5,0,0.57,0,Medium
2674,Stage 3,Logistic Regression,0,0.14892864323141317,0.5,0,0.57,0,Low
2681,Stage 3,Logistic Regression,1,0.9652781626430897,0.5,1,0.57,1,High
2689,Stage 3,Logistic Regression,1,0.9953530680928572,0.5,1,0.57,1,High
2691,Stage 3,Logistic Regression,0,0.1762199621957554,0.5,0,0.57,0,Low
2694,Stage 3,Logistic Regression,0,0.15354054600890715,0.5,0,0.57,0,Low
2698,Stage 3,Logistic Regression,1,0.3176959964604695,0.5,0,0.57,0,Medium
2709,Stage 3,Logistic Regression,0,0.050444363390547434,0.5,0,0.57,0,Low
2711,Stage 3,Logistic Regression,1,0.9834998228902319,0.5,1,0.57,1,High
2723,Stage 3,Logistic Regression,1,0.5341930631586376,0.5,1,0.57,0,Medium
2731,Stage 3,Logistic Regression,0,0.06271898501484537,0.5,0,0.57,0,Low
2734,Stage 3,Logistic Regression,0,0.2122773961689471,0.5,0,0.57,0,Low
2741,Stage 3,Logistic Regression,0,0.2428978343189422,0.5,0,0.57,0,Low
2743,Stage 3,Logistic Regression,0,0.04303851665557652,0.5,0,0.57,0,Low
2748,Stage 3,Logistic Regression,1,0.9950477813939,0.5,1,0.57,1,High
2750,Stage 3,Logistic Regression,1,0.9889589942534309,0.5,1,0.57,1,High
2751,Stage 3,Logistic Regression,0,0.13409622141933034,0.5,0,0.57,0,Low
2756,Stage 3,Logistic Regression,1,0.9785092960370679,0.5,1,0.57,1,High
2759,Stage 3,Logistic Regression,0,0.13434641105578043,0.5,0,0.57,0,Low
2764,Stage 3,Logistic Regression,0,0.6068610975958572,0.5,1,0.57,1,High
2768,Stage 3,Logistic Regression,0,0.17270100129645946,0.5,0,0.57,0,Low
2783,Stage 3,Logistic Regression,0,0.08284513705442893,0.5,0,0.57,0,Low
2786,Stage 3,Logistic Regression,1,0.9326070022813696,0.5,1,0.57,1,High
2789,Stage 3,Logistic Regression,1,0.7809206649036767,0.5,1,0.57,1,High
2791,Stage 3,Logistic Regression,0,0.06744069346262263,0.5,0,0.57,0,Low
2800,Stage 3,Logistic Regression,0,0.11013761031439083,0.5,0,0.57,0,Low
2802,Stage 3,Logistic Regression,0,0.0669121757704375,0.5,0,0.57,0,Low
2830,Stage 3,Logistic Regression,0,0.19883566390402194,0.5,0,0.57,0,Low
2833,Stage 3,Logistic Regression,0,0.5176531380207475,0.5,1,0.57,0,Medium
2834,Stage 3,Logistic Regression,0,0.21383037988397,0.5,0,0.57,0,Low
2848,Stage 3,Logistic Regression,1,0.716425777445508,0.5,1,0.57,1,High
2851,Stage 3,Logistic Regression,0,0.14491132702588244,0.5,0,0.57,0,Low
2859,Stage 3,Logistic Regression,0,0.582492119420715,0.5,1,0.57,1,High
2868,Stage 3,Logistic Regression,0,0.18593548425662815,0.5,0,0.57,0,Low
2869,Stage 3,Logistic Regression,0,0.29275583816538203,0.5,0,0.57,0,Low
2875,Stage 3,Logistic Regression,0,0.2428562645011238,0.5,0,0.57,0,Low
2879,Stage 3,Logistic Regression,1,0.5930352130775852,0.5,1,0.57,1,High
2889,Stage 3,Logistic Regression,0,0.08583247570955871,0.5,0,0.57,0,Low
2892,Stage 3,Logistic Regression,0,0.05673282518425637,0.5,0,0.57,0,Low
2902,Stage 3,Logistic Regression,0,0.05573152081960279,0.5,0,0.57,0,Low
2910,Stage 3,Logistic Regression,1,0.9810067880056987,0.5,1,0.57,1,High
2930,Stage 3,Logistic Regression,1,0.9516354404966805,0.5,1,0.57,1,High
2934,Stage 3,Logistic Regression,1,0.9893956925039636,0.5,1,0.57,1,High
2935,Stage 3,Logistic Regression,1,0.891918486351009,0.5,1,0.57,1,High
2939,Stage 3,Logistic Regression,1,0.9243302547875921,0.5,1,0.57,1,High
2941,Stage 3,Logistic Regression,0,0.055810902028686084,0.5,0,0.57,0,Low
2957,Stage 3,Logistic Regression,0,0.2131904651192039,0.5,0,0.57,0,Low
2961,Stage 3,Logistic Regression,0,0.06641324848340657,0.5,0,0.57,0,Low
2962,Stage 3,Logistic Regression,1,0.85757532979538,0.5,1,0.57,1,High
2969,Stage 3,Logistic Regression,0,0.24104780663377975,0.5,0,0.57,0,Low
2972,Stage 3,Logistic Regression,0,0.1779046144344491,0.5,0,0.57,0,Low
2979,Stage 3,Logistic Regression,1,0.5808716857739128,0.5,1,0.57,1,High
2982,Stage 3,Logistic Regression,0,0.05145838471471342,0.5,0,0.57,0,Low
2987,Stage 3,Logistic Regression,0,0.38312752888948576,0.5,0,0.57,0,Medium
2988,Stage 3,Logistic Regression,0,0.1368229119164456,0.5,0,0.57,0,Low
2991,Stage 3,Logistic Regression,0,0.08652699887101899,0.5,0,0.57,0,Low
2995,Stage 3,Logistic Regression,0,0.0629010799550745,0.5,0,0.57,0,Low
2997,Stage 3,Logistic Regression,0,0.23158299581895656,0.5,0,0.57,0,Low
3003,Stage 3,Logistic Regression,1,0.07661606779842944,0.5,0,0.57,0,Low
3004,Stage 3,Logistic Regression,0,0.2134631954762538,0.5,0,0.57,0,Low
3006,Stage 3,Logistic Regression,0,0.14643519443426248,0.5,0,0.57,0,Low
3014,Stage 3,Logistic Regression,1,0.982155479274885,0.5,1,0.57,1,High
3015,Stage 3,Logistic Regression,0,0.05621497620829397,0.5,0,0.57,0,Low
3018,Stage 3,Logistic Regression,0,0.08770677644220927,0.5,0,0.57,0,Low
3021,Stage 3,Logistic Regression,0,0.04820243376742287,0.5,0,0.57,0,Low
3022,Stage 3,Logistic Regression,1,0.5983457750144245,0.5,1,0.57,1,High
3030,Stage 3,Logistic Regression,1,0.48255610610928845,0.5,0,0.57,0,Medium
3038,Stage 3,Logistic Regression,0,0.10251065929533004,0.5,0,0.57,0,Low
3049,Stage 3,Logistic Regression,0,0.1353539376206937,0.5,0,0.57,0,Low
3055,Stage 3,Logistic Regression,1,0.8351552676928511,0.5,1,0.57,1,High
3065,Stage 3,Logistic Regression,1,0.9810175167712718,0.5,1,0.57,1,High
3074,Stage 3,Logistic Regression,1,0.9743120828041111,0.5,1,0.57,1,High
3090,Stage 3,Logistic Regression,0,0.12984529009681164,0.5,0,0.57,0,Low
3095,Stage 3,Logistic Regression,0,0.0394236667469897,0.5,0,0.57,0,Low
3097,Stage 3,Logistic Regression,1,0.9580437795942643,0.5,1,0.57,1,High
3098,Stage 3,Logistic Regression,0,0.0692829730392491,0.5,0,0.57,0,Low
3101,Stage 3,Logistic Regression,0,0.11452807889497045,0.5,0,0.57,0,Low
3102,Stage 3,Logistic Regression,1,0.913699992766267,0.5,1,0.57,1,High
3107,Stage 3,Logistic Regression,0,0.03291182527644713,0.5,0,0.57,0,Low
3121,Stage 3,Logistic Regression,0,0.05263143607815994,0.5,0,0.57,0,Low
3125,Stage 3,Logistic Regression,0,0.23108720458295942,0.5,0,0.57,0,Low
3134,Stage 3,Logistic Regression,0,0.22578040453101542,0.5,0,0.57,0,Low
3148,Stage 3,Logistic Regression,0,0.30684761371396047,0.5,0,0.57,0,Medium
3159,Stage 3,Logistic Regression,0,0.5584080169041138,0.5,1,0.57,0,Medium
3165,Stage 3,Logistic Regression,0,0.0823080128311735,0.5,0,0.57,0,Low
3169,Stage 3,Logistic Regression,0,0.37027812044542574,0.5,0,0.57,0,Medium
3170,Stage 3,Logistic Regression,0,0.1425721325180544,0.5,0,0.57,0,Low
3173,Stage 3,Logistic Regression,0,0.11277906378783446,0.5,0,0.57,0,Low
3180,Stage 3,Logistic Regression,0,0.12964159632866204,0.5,0,0.57,0,Low
3183,Stage 3,Logistic Regression,0,0.23833174138535637,0.5,0,0.57,0,Low
3185,Stage 3,Logistic Regression,1,0.9566893601892926,0.5,1,0.57,1,High
3188,Stage 3,Logistic Regression,1,0.9453960545488888,0.5,1,0.57,1,High
3198,Stage 3,Logistic Regression,1,0.9888508573655311,0.5,1,0.57,1,High
3201,Stage 3,Logistic Regression,0,0.14001917025837846,0.5,0,0.57,0,Low
3203,Stage 3,Logistic Regression,1,0.6947463456811037,0.5,1,0.57,1,High
3205,Stage 3,Logistic Regression,1,0.9955851339791052,0.5,1,0.57,1,High
3209,Stage 3,Logistic Regression,0,0.3085180572649299,0.5,0,0.57,0,Medium
3218,Stage 3,Logistic Regression,0,0.5076594137129832,0.5,1,0.57,0,Medium
3223,Stage 3,Logistic Regression,1,0.9940422844878156,0.5,1,0.57,1,High
3235,Stage 3,Logistic Regression,0,0.06329072025116374,0.5,0,0.57,0,Low
3237,Stage 3,Logistic Regression,0,0.3358405110616005,0.5,0,0.57,0,Medium
3239,Stage 3,Logistic Regression,0,0.05285145526161886,0.5,0,0.57,0,Low
3242,Stage 3,Logistic Regression,1,0.8910057700574019,0.5,1,0.57,1,High
3252,Stage 3,Logistic Regression,1,0.9387094188468168,0.5,1,0.57,1,High
3259,Stage 3,Logistic Regression,0,0.1492838398863163,0.5,0,0.57,0,Low
3261,Stage 3,Logistic Regression,0,0.06087440319140213,0.5,0,0.57,0,Low
3262,Stage 3,Logistic Regression,1,0.9951658593586611,0.5,1,0.57,1,High
3264,Stage 3,Logistic Regression,1,0.7831163326610957,0.5,1,0.57,1,High
3274,Stage 3,Logistic Regression,1,0.9821906208555955,0.5,1,0.57,1,High
3276,Stage 3,Logistic Regression,1,0.7632406083792193,0.5,1,0.57,1,High
3277,Stage 3,Logistic Regression,0,0.07470186214004967,0.5,0,0.57,0,Low
3279,Stage 3,Logistic Regression,0,0.16015087877562517,0.5,0,0.57,0,Low
3282,Stage 3,Logistic Regression,0,0.04068490731004948,0.5,0,0.57,0,Low
3298,Stage 3,Logistic Regression,0,0.07921249561284371,0.5,0,0.57,0,Low
3301,Stage 3,Logistic Regression,0,0.032028145477781836,0.5,0,0.57,0,Low
3324,Stage 3,Logistic Regression,1,0.6980819398854626,0.5,1,0.57,1,High
3326,Stage 3,Logistic Regression,0,0.4785025931816875,0.5,0,0.57,0,Medium
3339,Stage 3,Logistic Regression,0,0.5214677462877645,0.5,1,0.57,0,Medium
3340,Stage 3,Logistic Regression,1,0.9963928201500385,0.5,1,0.57,1,High
3341,Stage 3,Logistic Regression,0,0.8905076878265638,0.5,1,0.57,1,High
3350,Stage 3,Logistic Regression,0,0.11071808890634767,0.5,0,0.57,0,Low
3362,Stage 3,Logistic Regression,0,0.06829795468215774,0.5,0,0.57,0,Low
3365,Stage 3,Logistic Regression,1,0.9363148442332639,0.5,1,0.57,1,High
3369,Stage 3,Logistic Regression,1,0.5747824469384956,0.5,1,0.57,1,High
3373,Stage 3,Logistic Regression,0,0.11587328672110955,0.5,0,0.57,0,Low
3382,Stage 3,Logistic Regression,0,0.05205406668724276,0.5,0,0.57,0,Low
3383,Stage 3,Logistic Regression,1,0.9255582324383195,0.5,1,0.57,1,High
3385,Stage 3,Logistic Regression,0,0.049557912070334914,0.5,0,0.57,0,Low
3386,Stage 3,Logistic Regression,0,0.04099713737579913,0.5,0,0.57,0,Low
3390,Stage 3,Logistic Regression,0,0.24327920380410042,0.5,0,0.57,0,Low
3395,Stage 3,Logistic Regression,0,0.04822455204973657,0.5,0,0.57,0,Low
3402,Stage 3,Logistic Regression,0,0.07064534897832524,0.5,0,0.57,0,Low
3412,Stage 3,Logistic Regression,0,0.8821669928381815,0.5,1,0.57,1,High
3423,Stage 3,Logistic Regression,1,0.22734291478128718,0.5,0,0.57,0,Low
3430,Stage 3,Logistic Regression,0,0.04718396705659789,0.5,0,0.57,0,Low
3432,Stage 3,Logistic Regression,0,0.07283999082823939,0.5,0,0.57,0,Low
3440,Stage 3,Logistic Regression,0,0.11434452757249135,0.5,0,0.57,0,Low
3461,Stage 3,Logistic Regression,0,0.35500630061981303,0.5,0,0.57,0,Medium
3463,Stage 3,Logistic Regression,0,0.4066869413896793,0.5,0,0.57,0,Medium
3466,Stage 3,Logistic Regression,0,0.3002115465549254,0.5,0,0.57,0,Medium
3469,Stage 3,Logistic Regression,0,0.07961101292654335,0.5,0,0.57,0,Low
3471,Stage 3,Logistic Regression,0,0.4562431023647138,0.5,0,0.57,0,Medium
3476,Stage 3,Logistic Regression,0,0.08342377593696494,0.5,0,0.57,0,Low
3485,Stage 3,Logistic Regression,1,0.48045899663209835,0.5,0,0.57,0,Medium
3487,Stage 3,Logistic Regression,1,0.9946669498781356,0.5,1,0.57,1,High
3490,Stage 3,Logistic Regression,1,0.6183876189219166,0.5,1,0.57,1,High
3496,Stage 3,Logistic Regression,1,0.9601986283737209,0.5,1,0.57,1,High
3505,Stage 3,Logistic Regression,1,0.9433642164792454,0.5,1,0.57,1,High
3510,Stage 3,Logistic Regression,1,0.0811899903322689,0.5,0,0.57,0,Low
3518,Stage 3,Logistic Regression,1,0.7250119920000219,0.5,1,0.57,1,High
3526,Stage 3,Logistic Regression,1,0.9411982204228144,0.5,1,0.57,1,High
3533,Stage 3,Logistic Regression,1,0.999707941060399,0.5,1,0.57,1,High
3545,Stage 3,Logistic Regression,0,0.11929820237896296,0.5,0,0.57,0,Low
3555,Stage 3,Logistic Regression,0,0.1466187924674909,0.5,0,0.57,0,Low
3556,Stage 3,Logistic Regression,0,0.518487498036519,0.5,1,0.57,0,Medium
3559,Stage 3,Logistic Regression,0,0.20239427836075227,0.5,0,0.57,0,Low
3574,Stage 3,Logistic Regression,0,0.08484687458715127,0.5,0,0.57,0,Low
3575,Stage 3,Logistic Regression,0,0.11284063606594609,0.5,0,0.57,0,Low
3577,Stage 3,Logistic Regression,1,0.913628881324139,0.5,1,0.57,1,High
3581,Stage 3,Logistic Regression,0,0.09768654756708053,0.5,0,0.57,0,Low
3582,Stage 3,Logistic Regression,1,0.9671109868794288,0.5,1,0.57,1,High
3583,Stage 3,Logistic Regression,0,0.831231909903003,0.5,1,0.57,1,High
3590,Stage 3,Logistic Regression,0,0.9211268611305204,0.5,1,0.57,1,High
3591,Stage 3,Logistic Regression,0,0.16465615333160297,0.5,0,0.57,0,Low
3592,Stage 3,Logistic Regression,1,0.8701463795542329,0.5,1,0.57,1,High
3606,Stage 3,Logistic Regression,1,0.6743865184115116,0.5,1,0.57,1,High
3612,Stage 3,Logistic Regression,1,0.5952162779510258,0.5,1,0.57,1,High
3625,Stage 3,Logistic Regression,0,0.6113801555758971,0.5,1,0.57,1,High
3628,Stage 3,Logistic Regression,1,0.5590385058547026,0.5,1,0.57,0,Medium
3630,Stage 3,Logistic Regression,0,0.0730866951706817,0.5,0,0.57,0,Low
3633,Stage 3,Logistic Regression,0,0.38480055439493355,0.5,0,0.57,0,Medium
3637,Stage 3,Logistic Regression,0,0.7617818708799448,0.5,1,0.57,1,High
3642,Stage 3,Logistic Regression,0,0.06129393870227949,0.5,0,0.57,0,Low
3644,Stage 3,Logistic Regression,0,0.07345950048522666,0.5,0,0.57,0,Low
3657,Stage 3,Logistic Regression,0,0.13030104963923084,0.5,0,0.57,0,Low
3670,Stage 3,Logistic Regression,0,0.015150433602067042,0.5,0,0.57,0,Low
3673,Stage 3,Logistic Regression,0,0.22518984912169873,0.5,0,0.57,0,Low
3677,Stage 3,Logistic Regression,1,0.9270110093350699,0.5,1,0.57,1,High
3678,Stage 3,Logistic Regression,0,0.1313764032888841,0.5,0,0.57,0,Low
3681,Stage 3,Logistic Regression,0,0.1533242257499398,0.5,0,0.57,0,Low
3683,Stage 3,Logistic Regression,0,0.6615238045884089,0.5,1,0.57,1,High
3690,Stage 3,Logistic Regression,0,0.3245113995095869,0.5,0,0.57,0,Medium
3693,Stage 3,Logistic Regression,1,0.36769698032452225,0.5,0,0.57,0,Medium
3699,Stage 3,Logistic Regression,1,0.8349630682192031,0.5,1,0.57,1,High
3700,Stage 3,Logistic Regression,0,0.28326329971028663,0.5,0,0.57,0,Low
3707,Stage 3,Logistic Regression,0,0.740228429774551,0.5,1,0.57,1,High
3709,Stage 3,Logistic Regression,1,0.4522233589883512,0.5,0,0.57,0,Medium
3713,Stage 3,Logistic Regression,1,0.9889814051766574,0.5,1,0.57,1,High
3722,Stage 3,Logistic Regression,1,0.9604787881299983,0.5,1,0.57,1,High
3727,Stage 3,Logistic Regression,0,0.46604012324352445,0.5,0,0.57,0,Medium
3731,Stage 3,Logistic Regression,1,0.9511824612867472,0.5,1,0.57,1,High
3733,Stage 3,Logistic Regression,1,0.22853975703788992,0.5,0,0.57,0,Low
3737,Stage 3,Logistic Regression,0,0.6550514928475163,0.5,1,0.57,1,High
3742,Stage 3,Logistic Regression,0,0.13747582221194277,0.5,0,0.57,0,Low
3744,Stage 3,Logistic Regression,1,0.9839480403771577,0.5,1,0.57,1,High
3753,Stage 3,Logistic Regression,0,0.1432180318027636,0.5,0,0.57,0,Low
3756,Stage 3,Logistic Regression,0,0.37726480371975696,0.5,0,0.57,0,Medium
3757,Stage 3,Logistic Regression,0,0.04404637677766888,0.5,0,0.57,0,Low
3758,Stage 3,Logistic Regression,0,0.20396418872673536,0.5,0,0.57,0,Low
3760,Stage 3,Logistic Regression,0,0.21297061166923836,0.5,0,0.57,0,Low
3766,Stage 3,Logistic Regression,0,0.09727747089227282,0.5,0,0.57,0,Low
3772,Stage 3,Logistic Regression,0,0.03952781827995829,0.5,0,0.57,0,Low
3778,Stage 3,Logistic Regression,0,0.6101594298499803,0.5,1,0.57,1,High
3781,Stage 3,Logistic Regression,0,0.05215253423829708,0.5,0,0.57,0,Low
3782,Stage 3,Logistic Regression,0,0.15392115792475194,0.5,0,0.57,0,Low
3788,Stage 3,Logistic Regression,0,0.06185034985088084,0.5,0,0.57,0,Low
3794,Stage 3,Logistic Regression,1,0.6667670794092372,0.5,1,0.57,1,High
3803,Stage 3,Logistic Regression,0,0.23605445888717497,0.5,0,0.57,0,Low
3806,Stage 3,Logistic Regression,0,0.16066300795672497,0.5,0,0.57,0,Low
3819,Stage 3,Logistic Regression,1,0.9944416356326333,0.5,1,0.57,1,High
3823,Stage 3,Logistic Regression,1,0.7786195863824603,0.5,1,0.57,1,High
3827,Stage 3,Logistic Regression,0,0.07747732104794576,0.5,0,0.57,0,Low
3837,Stage 3,Logistic Regression,1,0.8430612857649885,0.5,1,0.57,1,High
3841,Stage 3,Logistic Regression,0,0.39443121408646237,0.5,0,0.57,0,Medium
3853,Stage 3,Logistic Regression,1,0.5023781334160733,0.5,1,0.57,0,Medium
3859,Stage 3,Logistic Regression,1,0.8919294683904073,0.5,1,0.57,1,High
3861,Stage 3,Logistic Regression,1,0.9585474277824925,0.5,1,0.57,1,High
3867,Stage 3,Logistic Regression,0,0.1291254978150186,0.5,0,0.57,0,Low
3868,Stage 3,Logistic Regression,0,0.16664511720865538,0.5,0,0.57,0,Low
3873,Stage 3,Logistic Regression,1,0.976559750943587,0.5,1,0.57,1,High
3886,Stage 3,Logistic Regression,0,0.1166159184013058,0.5,0,0.57,0,Low
3902,Stage 3,Logistic Regression,0,0.3178650460669737,0.5,0,0.57,0,Medium
3904,Stage 3,Logistic Regression,1,0.9956202346559173,0.5,1,0.57,1,High
3926,Stage 3,Logistic Regression,0,0.061808122242120137,0.5,0,0.57,0,Low
3934,Stage 3,Logistic Regression,1,0.9538183540371002,0.5,1,0.57,1,High
3948,Stage 3,Logistic Regression,0,0.30646042195594314,0.5,0,0.57,0,Medium
3949,Stage 3,Logistic Regression,0,0.034757811740898044,0.5,0,0.57,0,Low
3957,Stage 3,Logistic Regression,0,0.2809802753706134,0.5,0,0.57,0,Low
3959,Stage 3,Logistic Regression,0,0.04535448588251643,0.5,0,0.57,0,Low
3964,Stage 3,Logistic Regression,1,0.9016044189868908,0.5,1,0.57,1,High
3970,Stage 3,Logistic Regression,0,0.14501393916158417,0.5,0,0.57,0,Low
3973,Stage 3,Logistic Regression,0,0.07052908182766177,0.5,0,0.57,0,Low
3974,Stage 3,Logistic Regression,0,0.08961824902780557,0.5,0,0.57,0,Low
3975,Stage 3,Logistic Regression,0,0.12318197099595476,0.5,0,0.57,0,Low
3987,Stage 3,Logistic Regression,0,0.09190125783151874,0.5,0,0.57,0,Low
3994,Stage 3,Logistic Regression,0,0.0689096900507605,0.5,0,0.57,0,Low
3996,Stage 3,Logistic Regression,1,0.7999238869317513,0.5,1,0.57,1,High
3999,Stage 3,Logistic Regression,1,0.12128281094932455,0.5,0,0.57,0,Low
4003,Stage 3,Logistic Regression,0,0.09190874909733149,0.5,0,0.57,0,Low
4008,Stage 3,Logistic Regression,1,0.995347932828517,0.5,1,0.57,1,High
4020,Stage 3,Logistic Regression,1,0.8621375946708308,0.5,1,0.57,1,High
4021,Stage 3,Logistic Regression,0,0.1193217069755083,0.5,0,0.57,0,Low
4023,Stage 3,Logistic Regression,1,0.22282341855044852,0.5,0,0.57,0,Low
4027,Stage 3,Logistic Regression,1,0.22977677263219293,0.5,0,0.57,0,Low
4030,Stage 3,Logistic Regression,0,0.22902878218907952,0.5,0,0.57,0,Low
4032,Stage 3,Logistic Regression,0,0.07912941231995421,0.5,0,0.57,0,Low
4038,Stage 3,Logistic Regression,0,0.04488733518097109,0.5,0,0.57,0,Low
4041,Stage 3,Logistic Regression,0,0.09956952283751487,0.5,0,0.57,0,Low
4054,Stage 3,Logistic Regression,0,0.08913692621986291,0.5,0,0.57,0,Low
4061,Stage 3,Logistic Regression,0,0.25204766233663384,0.5,0,0.57,0,Low
4075,Stage 3,Logistic Regression,1,0.9595491508398231,0.5,1,0.57,1,High
4078,Stage 3,Logistic Regression,0,0.18133820558977629,0.5,0,0.57,0,Low
4081,Stage 3,Logistic Regression,0,0.2678689116377692,0.5,0,0.57,0,Low
4089,Stage 3,Logistic Regression,1,0.9918808989624542,0.5,1,0.57,1,High
4090,Stage 3,Logistic Regression,0,0.3693700288723118,0.5,0,0.57,0,Medium
4093,Stage 3,Logistic Regression,0,0.11046313194133076,0.5,0,0.57,0,Low
4096,Stage 3,Logistic Regression,0,0.07632848878656963,0.5,0,0.57,0,Low
4101,Stage 3,Logistic Regression,0,0.10090596200020804,0.5,0,0.57,0,Low
4105,Stage 3,Logistic Regression,0,0.15440427374647492,0.5,0,0.57,0,Low
4110,Stage 3,Logistic Regression,0,0.038544859979900904,0.5,0,0.57,0,Low
4112,Stage 3,Logistic Regression,0,0.1015251930406756,0.5,0,0.57,0,Low
4119,Stage 3,Logistic Regression,0,0.3823791004165402,0.5,0,0.57,0,Medium
4124,Stage 3,Logistic Regression,0,0.11296721723152661,0.5,0,0.57,0,Low
4125,Stage 3,Logistic Regression,0,0.06079506908714575,0.5,0,0.57,0,Low
4126,Stage 3,Logistic Regression,0,0.12551637996374138,0.5,0,0.57,0,Low
4128,Stage 3,Logistic Regression,0,0.5986146680073032,0.5,1,0.57,1,High
4130,Stage 3,Logistic Regression,0,0.04251241101976822,0.5,0,0.57,0,Low
4133,Stage 3,Logistic Regression,0,0.3165423135772078,0.5,0,0.57,0,Medium
4137,Stage 3,Logistic Regression,0,0.292444977217622,0.5,0,0.57,0,Low
4140,Stage 3,Logistic Regression,1,0.9897335292692164,0.5,1,0.57,1,High
4146,Stage 3,Logistic Regression,1,0.6038171096514796,0.5,1,0.57,1,High
4149,Stage 3,Logistic Regression,0,0.10262451948551711,0.5,0,0.57,0,Low
4152,Stage 3,Logistic Regression,0,0.2208117021539474,0.5,0,0.57,0,Low
4159,Stage 3,Logistic Regression,0,0.07137839596769818,0.5,0,0.57,0,Low
4161,Stage 3,Logistic Regression,0,0.6005257067938998,0.5,1,0.57,1,High
4163,Stage 3,Logistic Regression,0,0.06341122627608697,0.5,0,0.57,0,Low
4175,Stage 3,Logistic Regression,0,0.05742631928482988,0.5,0,0.57,0,Low
4177,Stage 3,Logistic Regression,0,0.37375698320608397,0.5,0,0.57,0,Medium
4179,Stage 3,Logistic Regression,0,0.06573404737429894,0.5,0,0.57,0,Low
4188,Stage 3,Logistic Regression,0,0.16358718807467693,0.5,0,0.57,0,Low
4189,Stage 3,Logistic Regression,0,0.3979805790421891,0.5,0,0.57,0,Medium
4195,Stage 3,Logistic Regression,0,0.21700778499032009,0.5,0,0.57,0,Low
4199,Stage 3,Logistic Regression,0,0.04817617422989936,0.5,0,0.57,0,Low
4206,Stage 3,Logistic Regression,0,0.20885601608021453,0.5,0,0.57,0,Low
4208,Stage 3,Logistic Regression,1,0.7682602893214219,0.5,1,0.57,1,High
4215,Stage 3,Logistic Regression,1,0.7733271482899494,0.5,1,0.57,1,High
4219,Stage 3,Logistic Regression,0,0.13549034567299012,0.5,0,0.57,0,Low
4220,Stage 3,Logistic Regression,1,0.9629882178176445,0.5,1,0.57,1,High
4221,Stage 3,Logistic Regression,0,0.06695796962889813,0.5,0,0.57,0,Low
4222,Stage 3,Logistic Regression,0,0.061271157257884866,0.5,0,0.57,0,Low
4226,Stage 3,Logistic Regression,1,0.06874616543492833,0.5,0,0.57,0,Low
4227,Stage 3,Logistic Regression,0,0.08950801870596327,0.5,0,0.57,0,Low
4233,Stage 3,Logistic Regression,0,0.07131275521873663,0.5,0,0.57,0,Low
4235,Stage 3,Logistic Regression,0,0.4947367078337929,0.5,0,0.57,0,Medium
4242,Stage 3,Logistic Regression,1,0.820744929237582,0.5,1,0.57,1,High
4244,Stage 3,Logistic Regression,1,0.02655595858668358,0.5,0,0.57,0,Low
4246,Stage 3,Logistic Regression,1,0.9232555183420562,0.5,1,0.57,1,High
4257,Stage 3,Logistic Regression,0,0.28688958625944283,0.5,0,0.57,0,Low
4261,Stage 3,Logistic Regression,1,0.9195210728457195,0.5,1,0.57,1,High
4263,Stage 3,Logistic Regression,1,0.8157267743573848,0.5,1,0.57,1,High
4265,Stage 3,Logistic Regression,0,0.2653494761848541,0.5,0,0.57,0,Low
4268,Stage 3,Logistic Regression,1,0.4352003377228404,0.5,0,0.57,0,Medium
4276,Stage 3,Logistic Regression,1,0.9858066708214771,0.5,1,0.57,1,High
4278,Stage 3,Logistic Regression,0,0.19998232894321422,0.5,0,0.57,0,Low
4283,Stage 3,Logistic Regression,1,0.9966127452469522,0.5,1,0.57,1,High
4284,Stage 3,Logistic Regression,0,0.11825632722606085,0.5,0,0.57,0,Low
4286,Stage 3,Logistic Regression,0,0.2105390442998912,0.5,0,0.57,0,Low
4288,Stage 3,Logistic Regression,1,0.9414173698672522,0.5,1,0.57,1,High
4289,Stage 3,Logistic Regression,0,0.10241183786155968,0.5,0,0.57,0,Low
4290,Stage 3,Logistic Regression,0,0.12934442307854468,0.5,0,0.57,0,Low
4292,Stage 3,Logistic Regression,0,0.09044728401323675,0.5,0,0.57,0,Low
4294,Stage 3,Logistic Regression,0,0.14246360330593236,0.5,0,0.57,0,Low
4297,Stage 3,Logistic Regression,0,0.06069926306374251,0.5,0,0.57,0,Low
4298,Stage 3,Logistic Regression,1,0.9186748367569909,0.5,1,0.57,1,High
4299,Stage 3,Logistic Regression,1,0.7834441905894359,0.5,1,0.57,1,High
4301,Stage 3,Logistic Regression,1,0.852523015488783,0.5,1,0.57,1,High
4305,Stage 3,Logistic Regression,1,0.23865870713476425,0.5,0,0.57,0,Low
4308,Stage 3,Logistic Regression,1,0.44610698708332747,0.5,0,0.57,0,Medium
4311,Stage 3,Logistic Regression,0,0.7210207628251846,0.5,1,0.57,1,High
4317,Stage 3,Logistic Regression,0,0.08949135427145134,0.5,0,0.57,0,Low
4318,Stage 3,Logistic Regression,0,0.09601109333088724,0.5,0,0.57,0,Low
4319,Stage 3,Logistic Regression,0,0.15794558394084215,0.5,0,0.57,0,Low
4324,Stage 3,Logistic Regression,0,0.05243901401486233,0.5,0,0.57,0,Low
4326,Stage 3,Logistic Regression,1,0.6584467217253743,0.5,1,0.57,1,High
4332,Stage 3,Logistic Regression,0,0.11199341777208113,0.5,0,0.57,0,Low
4336,Stage 3,Logistic Regression,0,0.8747981050178386,0.5,1,0.57,1,High
4337,Stage 3,Logistic Regression,0,0.1947392550957819,0.5,0,0.57,0,Low
4338,Stage 3,Logistic Regression,0,0.1287540208895078,0.5,0,0.57,0,Low
4354,Stage 3,Logistic Regression,0,0.4162592228817105,0.5,0,0.57,0,Medium
4356,Stage 3,Logistic Regression,1,0.9528617789590964,0.5,1,0.57,1,High
4357,Stage 3,Logistic Regression,1,0.9172199431632838,0.5,1,0.57,1,High
4366,Stage 3,Logistic Regression,0,0.34071717336686047,0.5,0,0.57,0,Medium
4367,Stage 3,Logistic Regression,0,0.16458153430790995,0.5,0,0.57,0,Low
4369,Stage 3,Logistic Regression,0,0.1299127264400192,0.5,0,0.57,0,Low
4372,Stage 3,Logistic Regression,1,0.9777079814149078,0.5,1,0.57,1,High
4375,Stage 3,Logistic Regression,1,0.9433609639055665,0.5,1,0.57,1,High
4376,Stage 3,Logistic Regression,0,0.13696981385078086,0.5,0,0.57,0,Low
4377,Stage 3,Logistic Regression,1,0.28168498286843785,0.5,0,0.57,0,Low
4387,Stage 3,Logistic Regression,1,0.5982633319888851,0.5,1,0.57,1,High
4389,Stage 3,Logistic Regression,0,0.031042271377139604,0.5,0,0.57,0,Low
4391,Stage 3,Logistic Regression,0,0.15713136778901687,0.5,0,0.57,0,Low
4392,Stage 3,Logistic Regression,0,0.1510091113899782,0.5,0,0.57,0,Low
4396,Stage 3,Logistic Regression,0,0.05669407408563127,0.5,0,0.57,0,Low
4413,Stage 3,Logistic Regression,0,0.9319660114459177,0.5,1,0.57,1,High
4415,Stage 3,Logistic Regression,1,0.9545506540651024,0.5,1,0.57,1,High
