Stage,Model,Threshold,Accuracy,Precision,Recall,F1,ROC_AUC,True_Negatives,False_Positives,False_Negatives,True_Positives
Stage 1,Logistic Regression,0.05,0.33653574456061036,0.32595573440643866,0.9973614775725593,0.4913344887348354,0.8175845839402375,57,2345,3,1134
Stage 1,Logistic Regression,0.06,0.34670810963549026,0.32916545507414946,0.9956024626209323,0.49475524475524474,0.8175845839402375,95,2307,5,1132
Stage 1,Logistic Regression,0.07,0.35942356597909014,0.3333333333333333,0.9938434476693052,0.49922686105588693,0.8175845839402375,142,2260,7,1130
Stage 1,Logistic Regression,0.08,0.37468211359141,0.33843843843843846,0.9912049252418645,0.5045892097604656,0.8175845839402375,199,2203,10,1127
Stage 1,Logistic Regression,0.09,0.38796270132805877,0.34318805242304173,0.990325417766051,0.5097329108193753,0.8175845839402375,247,2155,11,1126
Stage 1,Logistic Regression,0.1,0.4051992088160497,0.3493150684931507,0.9868073878627969,0.515980685214992,0.8175845839402375,312,2090,15,1122
Stage 1,Logistic Regression,0.11,0.4190449279457474,0.3543581616481775,0.9832893579595426,0.5209692451071761,0.8175845839402375,365,2037,19,1118
Stage 1,Logistic Regression,0.12,0.4326080813789206,0.3594707970313004,0.9797713280562885,0.5259678942398489,0.8175845839402375,417,1985,23,1114
Stage 1,Logistic Regression,0.13,0.4433455778468494,0.3633081719724319,0.9736147757255936,0.5291586998087954,0.8175845839402375,462,1940,30,1107
Stage 1,Logistic Regression,0.14,0.4563435998869737,0.36835061893609905,0.9683377308707124,0.5336888027144935,0.8175845839402375,514,1888,36,1101
Stage 1,Logistic Regression,0.15,0.4687764905340492,0.37342419080068145,0.9639401934916447,0.5383104125736738,0.8175845839402375,563,1839,41,1096
Stage 1,Logistic Regression,0.16,0.4783837242158802,0.3769524470669906,0.9551451187335093,0.5405674464907915,0.8175845839402375,607,1795,51,1086
Stage 1,Logistic Regression,0.17,0.49222944334557783,0.3828125,0.9481090589270009,0.545408550467999,0.8175845839402375,664,1738,59,1078
Stage 1,Logistic Regression,0.18,0.5049448996891778,0.38814114223353946,0.9384344766930519,0.5491507977354606,0.8175845839402375,720,1682,70,1067
Stage 1,Logistic Regression,0.19,0.523029104266742,0.3972398358821335,0.9366754617414248,0.5578837087480356,0.8175845839402375,786,1616,72,1065
Stage 1,Logistic Regression,0.2,0.5343317321277197,0.4030360531309298,0.9340369393139841,0.5630965005302226,0.8175845839402375,829,1573,75,1062
Stage 1,Logistic Regression,0.21,0.5493077140435151,0.41110248447204967,0.9313984168865436,0.5704282251548612,0.8175845839402375,885,1517,78,1059
Stage 1,Logistic Regression,0.22,0.560045210511444,0.41699604743083,0.9278803869832893,0.575402236160349,0.8175845839402375,927,1475,82,1055
Stage 1,Logistic Regression,0.23,0.5710652726758971,0.42315449778136344,0.9226033421284081,0.5801991150442478,0.8175845839402375,972,1430,88,1049
Stage 1,Logistic Regression,0.24,0.5829330319299237,0.42998760842627015,0.9155672823218998,0.5851602023608768,0.8175845839402375,1022,1380,96,1041
Stage 1,Logistic Regression,0.25,0.5948007911839502,0.43731532292106373,0.911169744942832,0.5909868796349116,0.8175845839402375,1069,1333,101,1036
Stage 1,Logistic Regression,0.26,0.6029951963831591,0.44219154443485764,0.9014951627088831,0.5933429811866859,0.8175845839402375,1109,1293,112,1025
Stage 1,Logistic Regression,0.27,0.6182537439954789,0.4524866785079929,0.8962181178540017,0.6013573325464738,0.8175845839402375,1169,1233,118,1019
Stage 1,Logistic Regression,0.28,0.6239050579259677,0.455989110707804,0.8839050131926122,0.6016162825501347,0.8175845839402375,1203,1199,132,1005
Stage 1,Logistic Regression,0.29,0.6340774230008477,0.4631185807656396,0.872471416007036,0.6050625190606892,0.8175845839402375,1252,1150,145,992
Stage 1,Logistic Regression,0.3,0.6397287369313366,0.46714285714285714,0.862796833773087,0.6061167747914736,0.8175845839402375,1283,1119,156,981
Stage 1,Logistic Regression,0.31,0.6479231421305454,0.47345348270823184,0.8548812664907651,0.6094043887147336,0.8175845839402375,1321,1081,165,972
Stage 1,Logistic Regression,0.32,0.659225769991523,0.4827930174563591,0.851363236587511,0.6161680458306811,0.8175845839402375,1365,1037,169,968
Stage 1,Logistic Regression,0.33,0.6677027408872563,0.4900459418070444,0.8443271767810027,0.6201550387596899,0.8175845839402375,1403,999,177,960
Stage 1,Logistic Regression,0.34,0.6736366205142695,0.4953173777315297,0.8372911169744943,0.6224256292906178,0.8175845839402375,1432,970,185,952
Stage 1,Logistic Regression,0.35,0.6790053687482339,0.5002655337227828,0.8284960422163589,0.623841059602649,0.8175845839402375,1461,941,195,942
Stage 1,Logistic Regression,0.36,0.6857869454648206,0.5067971723762915,0.8197009674582234,0.6263440860215054,0.8175845839402375,1495,907,205,932
Stage 1,Logistic Regression,0.37,0.6936987849675049,0.5147632311977716,0.8126649076517151,0.6302864938608458,0.8175845839402375,1531,871,213,924
Stage 1,Logistic Regression,0.38,0.6999152302910426,0.5212947189097104,0.8073878627968337,0.6335403726708074,0.8175845839402375,1559,843,219,918
Stage 1,Logistic Regression,0.39,0.705283978525007,0.527262180974478,0.7994722955145118,0.635442153093324,0.8175845839402375,1587,815,228,909
Stage 1,Logistic Regression,0.4,0.712913252331167,0.5360763267740012,0.7906772207563765,0.6389481165600569,0.8175845839402375,1624,778,238,899
Stage 1,Logistic Regression,0.41,0.7168691720825092,0.5412844036697247,0.7783641160949868,0.6385281385281385,0.8175845839402375,1652,750,252,885
Stage 1,Logistic Regression,0.42,0.7202599604408025,0.5459662288930581,0.7678100263852242,0.6381578947368421,0.8175845839402375,1676,726,264,873
Stage 1,Logistic Regression,0.43,0.7247810115851936,0.5522771007055804,0.7572559366754618,0.6387240356083086,0.8175845839402375,1704,698,276,861
Stage 1,Logistic Regression,0.44,0.7318451539983046,0.5621693121693122,0.7475813544415127,0.6417516043790109,0.8175845839402375,1740,662,287,850
Stage 1,Logistic Regression,0.45,0.7366487708392201,0.5696804894629504,0.7370272647317502,0.6426380368098159,0.8175845839402375,1769,633,299,838
Stage 1,Logistic Regression,0.46,0.7406046905905623,0.5757785467128028,0.731750219876869,0.6444616576297444,0.8175845839402375,1789,613,305,832
Stage 1,Logistic Regression,0.47,0.7411698219836111,0.577762139338494,0.7220756376429199,0.6419077404222049,0.8175845839402375,1802,600,316,821
Stage 1,Logistic Regression,0.48,0.742300084769709,0.5811103100216294,0.7088830255057168,0.6386687797147385,0.8175845839402375,1821,581,331,806
Stage 1,Logistic Regression,0.49,0.7476688330036734,0.5905044510385756,0.7000879507475813,0.6406438631790744,0.8175845839402375,1850,552,341,796
Stage 1,Logistic Regression,0.5,0.7496467928793444,0.5954372623574145,0.6886543535620053,0.6386623164763459,0.8175845839402375,1870,532,354,783
Stage 1,Logistic Regression,0.51,0.7538852783272111,0.6040688575899843,0.6789797713280563,0.6393374741200828,0.8175845839402375,1896,506,365,772
Stage 1,Logistic Regression,0.52,0.7564283695959311,0.6095617529880478,0.6728232189973615,0.6396321070234113,0.8175845839402375,1912,490,372,765
Stage 1,Logistic Regression,0.53,0.7598191579542244,0.6165718927701056,0.6675461741424802,0.6410472972972973,0.8175845839402375,1930,472,378,759
Stage 1,Logistic Regression,0.54,0.7646227747951398,0.6270903010033445,0.6596306068601583,0.6429489927132448,0.8175845839402375,1956,446,387,750
Stage 1,Logistic Regression,0.55,0.7668833003673354,0.6347150259067358,0.6464379947229552,0.6405228758169934,0.8175845839402375,1979,423,402,735
Stage 1,Logistic Regression,0.56,0.7685786945464821,0.6419642857142858,0.6323658751099385,0.6371289322108994,0.8175845839402375,2001,401,418,719
Stage 1,Logistic Regression,0.57,0.7719694829047754,0.6522140221402214,0.6218117854001759,0.6366501575866726,0.8175845839402375,2025,377,430,707
Stage 1,Logistic Regression,0.58,0.7730997456908731,0.6581439393939394,0.6112576956904133,0.6338349293205654,0.8175845839402375,2041,361,442,695
Stage 1,Logistic Regression,0.59,0.7747951398700198,0.6644100580270793,0.604221635883905,0.6328880700138185,0.8175845839402375,2055,347,450,687
Stage 1,Logistic Regression,0.6,0.7753602712630686,0.6699801192842942,0.592788038698329,0.6290247316845544,0.8175845839402375,2070,332,463,674
Stage 1,Logistic Regression,0.61,0.7787510596213619,0.6791497975708503,0.5901495162708883,0.6315294117647059,0.8175845839402375,2085,317,466,671
Stage 1,Logistic Regression,0.62,0.7798813224074598,0.6860706860706861,0.5804749340369393,0.6288708909004288,0.8175845839402375,2100,302,477,660
Stage 1,Logistic Regression,0.63,0.7798813224074598,0.6904255319148936,0.5708003518029904,0.6249398170438132,0.8175845839402375,2111,291,488,649
Stage 1,Logistic Regression,0.64,0.7804464538005086,0.698237885462555,0.5576077396657871,0.6200488997555013,0.8175845839402375,2128,274,503,634
Stage 1,Logistic Regression,0.65,0.7810115851935575,0.7038288288288288,0.5496921723834652,0.6172839506172839,0.8175845839402375,2139,263,512,625
Stage 1,Logistic Regression,0.66,0.7846849392483752,0.7177700348432056,0.5435356200527705,0.6186186186186187,0.8175845839402375,2159,243,519,618
Stage 1,Logistic Regression,0.67,0.7841198078553263,0.723889555822329,0.5303430079155673,0.6121827411167513,0.8175845839402375,2172,230,534,603
Stage 1,Logistic Regression,0.68,0.7846849392483752,0.7352572145545797,0.5153913808267371,0.6059979317476732,0.8175845839402375,2191,211,551,586
Stage 1,Logistic Regression,0.69,0.7860977677309975,0.7461139896373057,0.5065963060686016,0.6034573074908329,0.8175845839402375,2206,196,561,576
Stage 1,Logistic Regression,0.7,0.7852500706414242,0.7523427041499331,0.49428320140721194,0.5966029723991507,0.8175845839402375,2217,185,575,562
Stage 1,Logistic Regression,0.71,0.7852500706414242,0.7592847317744154,0.48548812664907653,0.592274678111588,0.8175845839402375,2227,175,585,552
Stage 1,Logistic Regression,0.72,0.785815202034473,0.7695590327169275,0.4758135444151275,0.5880434782608696,0.8175845839402375,2240,162,596,541
Stage 1,Logistic Regression,0.73,0.7872280305170952,0.7790697674418605,0.4714160070360598,0.5873972602739727,0.8175845839402375,2250,152,601,536
Stage 1,Logistic Regression,0.74,0.7872280305170952,0.7900302114803626,0.4599824098504837,0.5814341300722624,0.8175845839402375,2263,139,614,523
Stage 1,Logistic Regression,0.75,0.7860977677309975,0.7950310559006211,0.45030782761653476,0.574957888826502,0.8175845839402375,2270,132,625,512
Stage 1,Logistic Regression,0.76,0.7869454648205708,0.8093699515347335,0.44063324538258575,0.570615034168565,0.8175845839402375,2284,118,636,501
Stage 1,Logistic Regression,0.77,0.785815202034473,0.8163606010016694,0.43007915567282323,0.5633640552995391,0.8175845839402375,2292,110,648,489
Stage 1,Logistic Regression,0.78,0.7863803334275219,0.8267581475128645,0.4239226033421284,0.5604651162790698,0.8175845839402375,2301,101,655,482
Stage 1,Logistic Regression,0.79,0.7841198078553263,0.8289241622574955,0.4133685136323659,0.5516431924882629,0.8175845839402375,2305,97,667,470
Stage 1,Logistic Regression,0.8,0.7810115851935575,0.8290909090909091,0.40105540897097625,0.5406046235921754,0.8175845839402375,2308,94,681,456
Stage 1,Logistic Regression,0.81,0.7787510596213619,0.8339622641509434,0.3887423043095866,0.5302939412117577,0.8175845839402375,2314,88,695,442
Stage 1,Logistic Regression,0.82,0.7781859282283131,0.8464566929133859,0.3781882145998241,0.5227963525835866,0.8175845839402375,2324,78,707,430
Stage 1,Logistic Regression,0.83,0.7770556654422153,0.8580246913580247,0.36675461741424803,0.5138632162661737,0.8175845839402375,2333,69,720,417
Stage 1,Logistic Regression,0.84,0.7747951398700198,0.8617021276595744,0.3562005277044855,0.5040448039825762,0.8175845839402375,2337,65,732,405
Stage 1,Logistic Regression,0.85,0.7739474427804465,0.8703296703296703,0.3482849604221636,0.49748743718592964,0.8175845839402375,2343,59,741,396
Stage 1,Logistic Regression,0.86,0.7719694829047754,0.8767123287671232,0.33773087071240104,0.4876190476190476,0.8175845839402375,2348,54,753,384
Stage 1,Logistic Regression,0.87,0.7688612602430065,0.8770685579196218,0.32629727352682497,0.4756410256410256,0.8175845839402375,2350,52,766,371
Stage 1,Logistic Regression,0.88,0.7677309974569088,0.8927680798004988,0.3148636763412489,0.46553966189856955,0.8175845839402375,2359,43,779,358
Stage 1,Logistic Regression,0.89,0.7654704718847132,0.9007832898172323,0.3034300791556728,0.45394736842105265,0.8175845839402375,2364,38,792,345
Stage 1,Logistic Regression,0.9,0.7646227747951398,0.9130434782608695,0.2955145118733509,0.44651162790697674,0.8175845839402375,2370,32,801,336
Stage 1,Logistic Regression,0.91,0.7617971178298955,0.9152542372881356,0.2849604221635884,0.4346076458752515,0.8175845839402375,2372,30,813,324
Stage 1,Logistic Regression,0.92,0.7569935009889799,0.9235474006116208,0.26561125769569044,0.412568306010929,0.8175845839402375,2377,25,835,302
Stage 1,Logistic Regression,0.93,0.7490816614862955,0.9278350515463918,0.23746701846965698,0.37815126050420167,0.8175845839402375,2381,21,867,270
Stage 1,Logistic Regression,0.94,0.7445606103419045,0.9267399267399268,0.22251539138082674,0.3588652482269504,0.8175845839402375,2382,20,884,253
Stage 1,Logistic Regression,0.95,0.7349533766600734,0.9307359307359307,0.18909410729991205,0.31432748538011696,0.8175845839402375,2386,16,922,215
Stage 1,Random Forest,0.05,0.3212771969482905,0.3212771969482905,1.0,0.4863130881094953,0.8162016115271866,0,2402,0,1137
Stage 1,Random Forest,0.06,0.3212771969482905,0.3212771969482905,1.0,0.4863130881094953,0.8162016115271866,0,2402,0,1137
Stage 1,Random Forest,0.07,0.3212771969482905,0.3212771969482905,1.0,0.4863130881094953,0.8162016115271866,0,2402,0,1137
Stage 1,Random Forest,0.08,0.3212771969482905,0.3212771969482905,1.0,0.4863130881094953,0.8162016115271866,0,2402,0,1137
Stage 1,Random Forest,0.09,0.3212771969482905,0.3212771969482905,1.0,0.4863130881094953,0.8162016115271866,0,2402,0,1137
Stage 1,Random Forest,0.1,0.3212771969482905,0.3212771969482905,1.0,0.4863130881094953,0.8162016115271866,0,2402,0,1137
Stage 1,Random Forest,0.11,0.3212771969482905,0.3212771969482905,1.0,0.4863130881094953,0.8162016115271866,0,2402,0,1137
Stage 1,Random Forest,0.12,0.3212771969482905,0.3212771969482905,1.0,0.4863130881094953,0.8162016115271866,0,2402,0,1137
Stage 1,Random Forest,0.13,0.3212771969482905,0.3212771969482905,1.0,0.4863130881094953,0.8162016115271866,0,2402,0,1137
Stage 1,Random Forest,0.14,0.3215597626448149,0.321368004522329,1.0,0.4864171122994652,0.8162016115271866,1,2401,0,1137
Stage 1,Random Forest,0.15,0.3238202882170105,0.32209631728045324,1.0,0.48725091064923937,0.8162016115271866,9,2393,0,1137
Stage 1,Random Forest,0.16,0.32692851087877933,0.323002558999147,0.9991204925241864,0.48818220885259994,0.8162016115271866,21,2381,1,1136
Stage 1,Random Forest,0.17,0.33568804747103703,0.3257749712973594,0.9982409850483729,0.4912356632763471,0.8162016115271866,53,2349,2,1135
Stage 1,Random Forest,0.18,0.3424696241876236,0.3277359583092067,0.9956024626209323,0.49313874972772814,0.8162016115271866,80,2322,5,1132
Stage 1,Random Forest,0.19,0.35405481774512576,0.3316730149428655,0.9956024626209323,0.49758241758241756,0.8162016115271866,121,2281,5,1132
Stage 1,Random Forest,0.2,0.36224922294433454,0.33451536643026003,0.9956024626209323,0.5007741650077416,0.8162016115271866,150,2252,5,1132
Stage 1,Random Forest,0.21,0.36931336535744563,0.33671339099314046,0.9929639401934917,0.5028953229398664,0.8162016115271866,178,2224,8,1129
Stage 1,Random Forest,0.22,0.38428934727324104,0.34183363691560414,0.990325417766051,0.5082374181900248,0.8162016115271866,234,2168,11,1126
Stage 1,Random Forest,0.23,0.3995478948855609,0.34724799010513296,0.9876868953386104,0.5138412262640129,0.8162016115271866,291,2111,14,1123
Stage 1,Random Forest,0.24,0.41056795705001414,0.3509267986176563,0.9824098504837291,0.5171296296296296,0.8162016115271866,336,2066,20,1117
Stage 1,Random Forest,0.25,0.4272393331449562,0.357096981374438,0.9780123131046614,0.5231710185838626,0.8162016115271866,400,2002,25,1112
Stage 1,Random Forest,0.26,0.4453235377225205,0.36414473684210524,0.9736147757255936,0.5300454871917645,0.8162016115271866,469,1933,30,1107
Stage 1,Random Forest,0.27,0.4625600452105114,0.3713420787083754,0.9709762532981531,0.5372262773722628,0.8162016115271866,533,1869,33,1104
Stage 1,Random Forest,0.28,0.48205707827069794,0.3795847750865052,0.9648197009674582,0.5448224484728086,0.8162016115271866,609,1793,40,1097
Stage 1,Random Forest,0.29,0.5015541113308845,0.38831492696829356,0.9586631486367634,0.552738336713996,0.8162016115271866,685,1717,47,1090
Stage 1,Random Forest,0.3,0.5162475275501555,0.3951877506379876,0.9533861037818822,0.5587628865979382,0.8162016115271866,743,1659,53,1084
Stage 1,Random Forest,0.31,0.5340491664311953,0.4031770045385779,0.9375549692172384,0.5638719915366305,0.8162016115271866,824,1578,71,1066
Stage 1,Random Forest,0.32,0.552415936705284,0.41293338527463963,0.9322779243623571,0.572354211663067,0.8162016115271866,895,1507,77,1060
Stage 1,Random Forest,0.33,0.5710652726758971,0.42352468887996786,0.9278803869832893,0.581587651598677,0.8162016115271866,966,1436,82,1055
Stage 1,Random Forest,0.34,0.5931053970048036,0.43674321503131525,0.9199648197009674,0.5922989807474519,0.8162016115271866,1053,1349,91,1046
Stage 1,Random Forest,0.35,0.6086465103136479,0.44613379669852304,0.9032541776605101,0.5972666472811864,0.8162016115271866,1127,1275,110,1027
Stage 1,Random Forest,0.36,0.6224922294433456,0.45520036019810894,0.8891820580474934,0.6021441334127456,0.8162016115271866,1192,1210,126,1011
Stage 1,Random Forest,0.37,0.6352076857869454,0.4641860465116279,0.8777484608619174,0.6072406449650137,0.8162016115271866,1250,1152,139,998
Stage 1,Random Forest,0.38,0.647075445040972,0.4728944820909971,0.8592788038698329,0.6100530752419606,0.8162016115271866,1313,1089,160,977
Stage 1,Random Forest,0.39,0.6637468211359141,0.4865550481988838,0.8434476693051891,0.6171171171171171,0.8162016115271866,1390,1012,178,959
Stage 1,Random Forest,0.4,0.6784402373551851,0.4997333333333333,0.8240985048372911,0.6221779548472776,0.8162016115271866,1464,938,200,937
Stage 1,Random Forest,0.41,0.6928510878779316,0.5139977603583427,0.8073878627968337,0.6281217926787547,0.8162016115271866,1534,868,219,918
Stage 1,Random Forest,0.42,0.7044362814354337,0.5269071555292726,0.783641160949868,0.6301272984441302,0.8162016115271866,1602,800,246,891
Stage 1,Random Forest,0.43,0.715456343599887,0.5399262899262899,0.7730870712401056,0.6358047016274865,0.8162016115271866,1653,749,258,879
Stage 1,Random Forest,0.44,0.7219553546199491,0.5487571701720841,0.7572559366754618,0.6363636363636364,0.8162016115271866,1694,708,276,861
Stage 1,Random Forest,0.45,0.729584628426109,0.5597609561752988,0.741424802110818,0.637911464245176,0.8162016115271866,1739,663,294,843
Stage 1,Random Forest,0.46,0.7329754167844024,0.5661157024793388,0.7229551451187335,0.6349942062572422,0.8162016115271866,1772,630,315,822
Stage 1,Random Forest,0.47,0.7383441650183667,0.5754110078627591,0.7080035180299032,0.6348580441640379,0.8162016115271866,1808,594,332,805
Stage 1,Random Forest,0.48,0.7425826504662334,0.5842026825633383,0.6895338610378188,0.6325131101250504,0.8162016115271866,1844,558,353,784
Stage 1,Random Forest,0.49,0.7496467928793444,0.5967617579028527,0.6807387862796834,0.6359901396877568,0.8162016115271866,1879,523,363,774
Stage 1,Random Forest,0.5,0.7572760666855044,0.6120967741935484,0.6675461741424802,0.6386201093815734,0.8162016115271866,1921,481,378,759
Stage 1,Random Forest,0.51,0.7609494207403221,0.620746887966805,0.6578715919085312,0.6387702818104184,0.8162016115271866,1945,457,389,748
Stage 1,Random Forest,0.52,0.7677309974569088,0.6382791922739245,0.6394019349164468,0.6388400702987698,0.8162016115271866,1990,412,410,727
Stage 1,Random Forest,0.53,0.7708392201186776,0.6492673992673993,0.623570800351803,0.636159712875729,0.8162016115271866,2019,383,428,709
Stage 1,Random Forest,0.54,0.7742300084769709,0.6621880998080614,0.6068601583113457,0.6333180357962368,0.8162016115271866,2050,352,447,690
Stage 1,Random Forest,0.55,0.7767730997456909,0.6772216547497446,0.58311345646438,0.6266540642722117,0.8162016115271866,2086,316,474,663
Stage 1,Random Forest,0.56,0.7767730997456909,0.6835978835978836,0.5681618293755497,0.6205571565802114,0.8162016115271866,2103,299,491,646
Stage 1,Random Forest,0.57,0.7770556654422153,0.6959459459459459,0.5435356200527705,0.6103703703703703,0.8162016115271866,2132,270,519,618
Stage 1,Random Forest,0.58,0.7818592822831308,0.7164887307236062,0.5312225153913809,0.6101010101010101,0.8162016115271866,2163,239,533,604
Stage 1,Random Forest,0.59,0.783272110765753,0.731829573934837,0.51363236587511,0.6036175710594315,0.8162016115271866,2188,214,553,584
Stage 1,Random Forest,0.6,0.785815202034473,0.750330250990753,0.4995602462620932,0.5997888067581837,0.8162016115271866,2213,189,569,568
Stage 1,Random Forest,0.61,0.7860977677309975,0.7653631284916201,0.48197009674582236,0.5914732865623313,0.8162016115271866,2234,168,589,548
Stage 1,Random Forest,0.62,0.7821418479796552,0.7723214285714286,0.45646437994722955,0.5737976782752903,0.8162016115271866,2249,153,618,519
Stage 1,Random Forest,0.63,0.7795987567109353,0.7819905213270142,0.43535620052770446,0.559322033898305,0.8162016115271866,2264,138,642,495
Stage 1,Random Forest,0.64,0.7767730997456909,0.8027923211169284,0.4045734388742304,0.5380116959064327,0.8162016115271866,2289,113,677,460
Stage 1,Random Forest,0.65,0.7756428369595931,0.8229755178907722,0.3843447669305189,0.5239808153477218,0.8162016115271866,2308,94,700,437
Stage 1,Random Forest,0.66,0.7725346142978242,0.8346774193548387,0.3641160949868074,0.5070422535211268,0.8162016115271866,2320,82,723,414
Stage 1,Random Forest,0.67,0.7685786945464821,0.8456521739130435,0.34212840809146877,0.48716343143393864,0.8162016115271866,2331,71,748,389
Stage 1,Random Forest,0.68,0.764057643402091,0.8511627906976744,0.32189973614775724,0.46713465220165923,0.8162016115271866,2338,64,771,366
Stage 1,Random Forest,0.69,0.7623622492229444,0.8737373737373737,0.3043095866314864,0.45140247879973905,0.8162016115271866,2352,50,791,346
Stage 1,Random Forest,0.7,0.7603842893472732,0.8873994638069705,0.2911169744942832,0.4384105960264901,0.8162016115271866,2360,42,806,331
Stage 1,Random Forest,0.71,0.7575586323820288,0.8974358974358975,0.2770448548812665,0.42338709677419356,0.8162016115271866,2366,36,822,315
Stage 1,Random Forest,0.72,0.7541678440237355,0.913312693498452,0.2594547053649956,0.4041095890410959,0.8162016115271866,2374,28,842,295
Stage 1,Random Forest,0.73,0.74936422718282,0.9084967320261438,0.24450307827616535,0.3853083853083853,0.8162016115271866,2374,28,859,278
Stage 1,Random Forest,0.74,0.7456908731280023,0.9157894736842105,0.22955145118733508,0.3670886075949367,0.8162016115271866,2378,24,876,261
Stage 1,Random Forest,0.75,0.7428652161627578,0.9348659003831418,0.21459982409850484,0.3490701001430615,0.8162016115271866,2385,17,893,244
Stage 1,Random Forest,0.76,0.7386267307148913,0.9380165289256198,0.1996481970096746,0.3292240754169688,0.8162016115271866,2387,15,910,227
Stage 1,Random Forest,0.77,0.7324102853913534,0.9357798165137615,0.17941952506596306,0.3011070110701107,0.8162016115271866,2388,14,933,204
Stage 1,Random Forest,0.78,0.7264764057643402,0.9378238341968912,0.15919085312225154,0.2721804511278195,0.8162016115271866,2390,12,956,181
Stage 1,Random Forest,0.79,0.722520486012998,0.9585798816568047,0.1424802110817942,0.24808575803981622,0.8162016115271866,2395,7,975,162
Stage 1,Random Forest,0.8,0.719977394744278,0.974025974025974,0.13192612137203166,0.23237800154918667,0.8162016115271866,2398,4,987,150
Stage 1,Random Forest,0.81,0.714891212206838,0.9705882352941176,0.11609498680738786,0.20738413197172034,0.8162016115271866,2398,4,1005,132
Stage 1,Random Forest,0.82,0.7066968070076293,0.9714285714285714,0.08970976253298153,0.1642512077294686,0.8162016115271866,2399,3,1035,102
Stage 1,Random Forest,0.83,0.7027408872562871,0.967032967032967,0.0773966578715919,0.14332247557003258,0.8162016115271866,2399,3,1049,88
Stage 1,Random Forest,0.84,0.6990675332014693,0.9736842105263158,0.06508355321020229,0.12201154163231658,0.8162016115271866,2400,2,1063,74
Stage 1,Random Forest,0.85,0.6934162192709805,0.9642857142857143,0.047493403693931395,0.09052808046940486,0.8162016115271866,2400,2,1083,54
Stage 1,Random Forest,0.86,0.6914382593953095,0.9591836734693877,0.04133685136323659,0.07925801011804384,0.8162016115271866,2400,2,1090,47
Stage 1,Random Forest,0.87,0.6897428652161628,0.975609756097561,0.03518029903254178,0.06791171477079797,0.8162016115271866,2401,1,1097,40
Stage 1,Random Forest,0.88,0.6871997739474428,0.96875,0.027264731750219876,0.05303678357570573,0.8162016115271866,2401,1,1106,31
Stage 1,Random Forest,0.89,0.6846566826787228,1.0,0.018469656992084433,0.03626943005181347,0.8162016115271866,2402,0,1116,21
Stage 1,Random Forest,0.9,0.6826787228030518,1.0,0.012313104661389622,0.02432667245873154,0.8162016115271866,2402,0,1123,14
Stage 1,Random Forest,0.91,0.6815484600169539,1.0,0.008795074758135445,0.017436791630340016,0.8162016115271866,2402,0,1127,10
Stage 1,Random Forest,0.92,0.6801356315343318,1.0,0.0043975373790677225,0.008756567425569177,0.8162016115271866,2402,0,1132,5
Stage 1,Random Forest,0.93,0.6795705001412828,1.0,0.002638522427440633,0.005263157894736842,0.8162016115271866,2402,0,1134,3
Stage 1,Random Forest,0.94,0.6792879344447584,1.0,0.001759014951627089,0.003511852502194908,0.8162016115271866,2402,0,1135,2
Stage 1,Random Forest,0.95,0.6790053687482339,1.0,0.0008795074758135445,0.0017574692442882249,0.8162016115271866,2402,0,1136,1
Stage 1,Gradient Boosting,0.05,0.32664594518225487,0.3230113636363636,1.0,0.488297187030277,0.8207086296453336,19,2383,0,1137
Stage 1,Gradient Boosting,0.06,0.3308844306301215,0.32419308768923166,0.9982409850483729,0.4894351013367831,0.8207086296453336,36,2366,2,1135
Stage 1,Gradient Boosting,0.07,0.3413393614015259,0.3275563258232236,0.9973614775725593,0.4931506849315068,0.8207086296453336,74,2328,3,1134
Stage 1,Gradient Boosting,0.08,0.3523594235659791,0.3311897106109325,0.9964819700967458,0.4971478718736288,0.8207086296453336,114,2288,4,1133
Stage 1,Gradient Boosting,0.09,0.3673354054817745,0.3360119047619048,0.9929639401934917,0.5021125194574161,0.8207086296453336,171,2231,8,1129
Stage 1,Gradient Boosting,0.1,0.3820288217010455,0.3411016949152542,0.9912049252418645,0.5075433460932223,0.8207086296453336,225,2177,10,1127
Stage 1,Gradient Boosting,0.11,0.398982763492512,0.34703337453646477,0.9876868953386104,0.5136062199862794,0.8207086296453336,289,2113,14,1123
Stage 1,Gradient Boosting,0.12,0.41282848262220967,0.3520905375668029,0.9850483729111698,0.5187586845761927,0.8207086296453336,341,2061,17,1120
Stage 1,Gradient Boosting,0.13,0.4261090703588584,0.3570057581573896,0.9815303430079155,0.5235749472202674,0.8207086296453336,392,2010,21,1116
Stage 1,Gradient Boosting,0.14,0.44108505227465383,0.36307391729078475,0.980650835532102,0.5299429657794676,0.8207086296453336,446,1956,22,1115
Stage 1,Gradient Boosting,0.15,0.45577846849392484,0.36880611905553706,0.9753737906772207,0.5352316602316602,0.8207086296453336,504,1898,28,1109
Stage 1,Gradient Boosting,0.16,0.4676462277479514,0.37360406091370557,0.9709762532981531,0.5395894428152492,0.8207086296453336,551,1851,33,1104
Stage 1,Gradient Boosting,0.17,0.48149194687764907,0.3793222683264177,0.9648197009674582,0.5445519980143956,0.8207086296453336,607,1795,40,1097
Stage 1,Gradient Boosting,0.18,0.49279457473862676,0.38407329105003524,0.9586631486367634,0.5484276729559748,0.8207086296453336,654,1748,47,1090
Stage 1,Gradient Boosting,0.19,0.5083356880474711,0.3910372244307915,0.951627088830255,0.5543032786885246,0.8207086296453336,717,1685,55,1082
Stage 1,Gradient Boosting,0.2,0.5258547612319865,0.39947974730583424,0.9454705364995603,0.5616509926854755,0.8207086296453336,786,1616,62,1075
Stage 1,Gradient Boosting,0.21,0.5411133088443063,0.4070965280427318,0.9384344766930519,0.5678552421500799,0.8207086296453336,848,1554,70,1067
Stage 1,Gradient Boosting,0.22,0.5563718564566261,0.4151313210505684,0.9313984168865436,0.574295010845987,0.8207086296453336,910,1492,78,1059
Stage 1,Gradient Boosting,0.23,0.5651313930488838,0.41972843450479236,0.9243623570800352,0.5773139247459489,0.8207086296453336,949,1453,86,1051
Stage 1,Gradient Boosting,0.24,0.5772817179994348,0.4265848670756646,0.9173262972735268,0.5823562255723059,0.8207086296453336,1000,1402,94,1043
Stage 1,Gradient Boosting,0.25,0.5905623057360836,0.43445378151260505,0.909410729991205,0.5880011373329542,0.8207086296453336,1056,1346,103,1034
Stage 1,Gradient Boosting,0.26,0.6063859847414523,0.444636678200692,0.9041336851363236,0.5961148158886633,0.8207086296453336,1118,1284,109,1028
Stage 1,Gradient Boosting,0.27,0.6216445323537723,0.45499108734402854,0.8979771328056289,0.6039633244602188,0.8207086296453336,1179,1223,116,1021
Stage 1,Gradient Boosting,0.28,0.6320994631251766,0.4621038125861277,0.8847845206684257,0.6071213035606517,0.8207086296453336,1231,1171,131,1006
Stage 1,Gradient Boosting,0.29,0.6434020909861543,0.4704212020823474,0.8742304309586632,0.6116923076923076,0.8207086296453336,1283,1119,143,994
Stage 1,Gradient Boosting,0.3,0.6504662333992653,0.4757751937984496,0.8636763412489006,0.6135582630427991,0.8207086296453336,1320,1082,155,982
Stage 1,Gradient Boosting,0.31,0.6569652444193275,0.4808171400099651,0.8487247141600703,0.6138676844783715,0.8207086296453336,1360,1042,172,965
Stage 1,Gradient Boosting,0.32,0.6651596496185364,0.4877425944841675,0.8399296394019349,0.617124394184168,0.8207086296453336,1399,1003,182,955
Stage 1,Gradient Boosting,0.33,0.6742017519073185,0.49582463465553234,0.8355321020228672,0.6223386832623649,0.8207086296453336,1436,966,187,950
Stage 1,Gradient Boosting,0.34,0.6787228030517095,0.5,0.8232189973614775,0.6221335992023929,0.8207086296453336,1466,936,201,936
Stage 1,Gradient Boosting,0.35,0.6880474710370161,0.5090709180868609,0.8144239226033422,0.6265223274695535,0.8207086296453336,1509,893,211,926
Stage 1,Gradient Boosting,0.36,0.6931336535744561,0.5143500281373101,0.8038698328935796,0.6273164035689773,0.8207086296453336,1539,863,223,914
Stage 1,Gradient Boosting,0.37,0.6985024018084205,0.5201612903225806,0.7941952506596306,0.6286112077967282,0.8207086296453336,1569,833,234,903
Stage 1,Gradient Boosting,0.38,0.7044362814354337,0.5269071555292726,0.783641160949868,0.6301272984441302,0.8207086296453336,1602,800,246,891
Stage 1,Gradient Boosting,0.39,0.7137609494207403,0.5377588306942753,0.7766051011433597,0.6354803886290032,0.8207086296453336,1643,759,254,883
Stage 1,Gradient Boosting,0.4,0.7185645662616559,0.5438160348042262,0.7695690413368513,0.6372906045156591,0.8207086296453336,1668,734,262,875
Stage 1,Gradient Boosting,0.41,0.7219553546199491,0.5488817891373802,0.7554969217238346,0.6358253145817913,0.8207086296453336,1696,706,278,859
Stage 1,Gradient Boosting,0.42,0.7259112743712913,0.5543973941368078,0.7484608619173263,0.6369760479041916,0.8207086296453336,1718,684,286,851
Stage 1,Gradient Boosting,0.43,0.732692851087878,0.5640509725016767,0.7396657871591908,0.6400304414003044,0.8207086296453336,1752,650,296,841
Stage 1,Gradient Boosting,0.44,0.7363662051426957,0.5698630136986301,0.731750219876869,0.640739314593762,0.8207086296453336,1774,628,305,832
Stage 1,Gradient Boosting,0.45,0.7403221248940378,0.576437587657784,0.7229551451187335,0.6414358174014826,0.8207086296453336,1798,604,315,822
Stage 1,Gradient Boosting,0.46,0.742300084769709,0.5802997858672377,0.7150395778364116,0.640661938534279,0.8207086296453336,1814,588,324,813
Stage 1,Gradient Boosting,0.47,0.7468211359141,0.5890613451589062,0.7009674582233949,0.6401606425702812,0.8207086296453336,1846,556,340,797
Stage 1,Gradient Boosting,0.48,0.7530375812376378,0.6001523229246002,0.693051890941073,0.643265306122449,0.8207086296453336,1877,525,349,788
Stage 1,Gradient Boosting,0.49,0.7561458038994067,0.6066978193146417,0.6851363236587511,0.6435357290375878,0.8207086296453336,1897,505,358,779
Stage 1,Gradient Boosting,0.5,0.7575586323820288,0.6109785202863962,0.6754617414248021,0.6416040100250626,0.8207086296453336,1913,489,369,768
Stage 1,Gradient Boosting,0.51,0.7637750777055665,0.6232596232596233,0.6693051890941073,0.6454622561492791,0.8207086296453336,1942,460,376,761
Stage 1,Gradient Boosting,0.52,0.7660356032777621,0.6301600673967986,0.6578715919085312,0.6437177280550774,0.8207086296453336,1963,439,389,748
Stage 1,Gradient Boosting,0.53,0.7728171799943487,0.6444058976582827,0.6534740545294635,0.6489082969432315,0.8207086296453336,1992,410,394,743
Stage 1,Gradient Boosting,0.54,0.7742300084769709,0.6514336917562724,0.6394019349164468,0.6453617399023525,0.8207086296453336,2013,389,410,727
Stage 1,Gradient Boosting,0.55,0.7759254026561175,0.6589648798521257,0.6270888302550571,0.6426318161333934,0.8207086296453336,2033,369,424,713
Stage 1,Gradient Boosting,0.56,0.7759254026561175,0.6631878557874763,0.6147757255936676,0.6380648105887723,0.8207086296453336,2047,355,438,699
Stage 1,Gradient Boosting,0.57,0.7764905340491665,0.6673114119922631,0.6068601583113457,0.6356517733763243,0.8207086296453336,2058,344,447,690
Stage 1,Gradient Boosting,0.58,0.7779033625317886,0.674975074775673,0.5954265611257695,0.6327102803738318,0.8207086296453336,2076,326,460,677
Stage 1,Gradient Boosting,0.59,0.7773382311387398,0.6793422404933196,0.5813544415127528,0.6265402843601896,0.8207086296453336,2090,312,476,661
Stage 1,Gradient Boosting,0.6,0.7810115851935575,0.6917372881355932,0.5743183817062445,0.6275828928399808,0.8207086296453336,2111,291,484,653
Stage 1,Gradient Boosting,0.61,0.7829895450692286,0.7016393442622951,0.5646437994722955,0.6257309941520468,0.8207086296453336,2129,273,495,642
Stage 1,Gradient Boosting,0.62,0.7844023735518508,0.7115384615384616,0.5532102022867195,0.6224641266699653,0.8207086296453336,2147,255,508,629
Stage 1,Gradient Boosting,0.63,0.7866628991240463,0.7231308411214953,0.544415127528584,0.6211741093828399,0.8207086296453336,2165,237,518,619
Stage 1,Gradient Boosting,0.64,0.7889234246962419,0.7389705882352942,0.5303430079155673,0.6175115207373272,0.8207086296453336,2189,213,534,603
Stage 1,Gradient Boosting,0.65,0.7886408589997175,0.7440401505646174,0.5215479331574319,0.6132368148914168,0.8207086296453336,2198,204,544,593
Stage 1,Gradient Boosting,0.66,0.788358293303193,0.7519480519480519,0.5092348284960422,0.6072364971158888,0.8207086296453336,2211,191,558,579
Stage 1,Gradient Boosting,0.67,0.7903362531788641,0.765814266487214,0.5004397537379067,0.6053191489361702,0.8207086296453336,2228,174,568,569
Stage 1,Gradient Boosting,0.68,0.7914665159649619,0.7774687065368567,0.4916446789797713,0.6023706896551724,0.8207086296453336,2242,160,578,559
Stage 1,Gradient Boosting,0.69,0.7906188188753885,0.7853025936599424,0.4793315743183817,0.5953031130529766,0.8207086296453336,2253,149,592,545
Stage 1,Gradient Boosting,0.7,0.7886408589997175,0.7916041979010495,0.46437994722955145,0.5853658536585366,0.8207086296453336,2263,139,609,528
Stage 1,Gradient Boosting,0.71,0.7869454648205708,0.7950693374422187,0.45382585751978893,0.5778275475923852,0.8207086296453336,2269,133,621,516
Stage 1,Gradient Boosting,0.72,0.7892059903927663,0.8148148148148148,0.4450307827616535,0.5756541524459613,0.8207086296453336,2287,115,631,506
Stage 1,Gradient Boosting,0.73,0.7886408589997175,0.8257956448911222,0.4335971855760774,0.5686274509803921,0.8207086296453336,2298,104,644,493
Stage 1,Gradient Boosting,0.74,0.7880757276066686,0.8341968911917098,0.42480211081794195,0.5629370629370629,0.8207086296453336,2306,96,654,483
Stage 1,Gradient Boosting,0.75,0.7841198078553263,0.836036036036036,0.4080914687774846,0.5484633569739953,0.8207086296453336,2311,91,673,464
Stage 1,Gradient Boosting,0.76,0.7844023735518508,0.8450184501845018,0.40281442392260336,0.5455628350208458,0.8207086296453336,2318,84,679,458
Stage 1,Gradient Boosting,0.77,0.7838372421588019,0.8522727272727273,0.39577836411609496,0.5405405405405406,0.8207086296453336,2324,78,687,450
Stage 1,Gradient Boosting,0.78,0.7827069793727042,0.8636363636363636,0.3843447669305189,0.5319537431527693,0.8207086296453336,2333,69,700,437
Stage 1,Gradient Boosting,0.79,0.7790336253178864,0.864476386036961,0.3702726473175022,0.5184729064039408,0.8207086296453336,2336,66,716,421
Stage 1,Gradient Boosting,0.8,0.7784684939248375,0.871578947368421,0.3641160949868074,0.5136476426799007,0.8207086296453336,2341,61,723,414
Stage 1,Gradient Boosting,0.81,0.7770556654422153,0.8799126637554585,0.3544415127528584,0.5053291536050156,0.8207086296453336,2347,55,734,403
Stage 1,Gradient Boosting,0.82,0.7747951398700198,0.8828828828828829,0.3447669305189094,0.4958886780518659,0.8207086296453336,2350,52,745,392
Stage 1,Gradient Boosting,0.83,0.7736648770839221,0.8835616438356164,0.3403693931398417,0.49142857142857144,0.8207086296453336,2351,51,750,387
Stage 1,Gradient Boosting,0.84,0.7728171799943487,0.8917647058823529,0.3333333333333333,0.4852752880921895,0.8207086296453336,2356,46,758,379
Stage 1,Gradient Boosting,0.85,0.7697089573325798,0.8985148514851485,0.31926121372031663,0.47112264763140815,0.8207086296453336,2361,41,774,363
Stage 1,Gradient Boosting,0.86,0.7680135631534332,0.9051282051282051,0.31046613896218117,0.4623444662737394,0.8207086296453336,2365,37,784,353
Stage 1,Gradient Boosting,0.87,0.7654704718847132,0.9115281501340483,0.2990325417766051,0.4503311258278146,0.8207086296453336,2369,33,797,340
Stage 1,Gradient Boosting,0.88,0.7629273806159932,0.9162011173184358,0.2884784520668426,0.4387959866220736,0.8207086296453336,2372,30,809,328
Stage 1,Gradient Boosting,0.89,0.7606668550437977,0.9264705882352942,0.2770448548812665,0.4265402843601896,0.8207086296453336,2377,25,822,315
Stage 1,Gradient Boosting,0.9,0.7575586323820288,0.9318885448916409,0.2647317502198769,0.4123287671232877,0.8207086296453336,2380,22,836,301
Stage 1,Gradient Boosting,0.91,0.7533201469341622,0.9342105263157895,0.2497801231310466,0.3941707147814018,0.8207086296453336,2382,20,853,284
Stage 1,Gradient Boosting,0.92,0.7465385702175756,0.9347826086956522,0.22691292875989447,0.3651804670912951,0.8207086296453336,2384,18,879,258
Stage 1,Gradient Boosting,0.93,0.7403221248940378,0.9291338582677166,0.2075637642919965,0.33932422717469446,0.8207086296453336,2384,18,901,236
Stage 1,Gradient Boosting,0.94,0.7318451539983046,0.9392523364485982,0.17678100263852242,0.2975573649148779,0.8207086296453336,2389,13,936,201
Stage 1,Gradient Boosting,0.95,0.7264764057643402,0.9617486338797814,0.1547933157431838,0.26666666666666666,0.8207086296453336,2395,7,961,176
Stage 2,Logistic Regression,0.05,0.41791466515964965,0.3543704638687283,0.9876868953386104,0.5215977705527172,0.9020414679353251,356,2046,14,1123
Stage 2,Logistic Regression,0.06,0.4473014975981916,0.3662201894805619,0.9859278803869833,0.5340638399237733,0.9020414679353251,462,1940,16,1121
Stage 2,Logistic Regression,0.07,0.47612319864368463,0.3785980358956993,0.9832893579595426,0.5466992665036675,0.9020414679353251,567,1835,19,1118
Stage 2,Logistic Regression,0.08,0.5029669398135066,0.39033850493653033,0.9736147757255936,0.5572615152277876,0.9020414679353251,673,1729,30,1107
Stage 2,Logistic Regression,0.09,0.5283978525007064,0.40263543191800877,0.9674582233948988,0.5686223830447144,0.9020414679353251,770,1632,37,1100
Stage 2,Logistic Regression,0.1,0.5532636337948573,0.4155893536121673,0.961301671064204,0.5803026280860101,0.9020414679353251,865,1537,44,1093
Stage 2,Logistic Regression,0.11,0.5744560610341904,0.4275618374558304,0.9577836411609498,0.5912052117263844,0.9020414679353251,944,1458,48,1089
Stage 2,Logistic Regression,0.12,0.5902797400395592,0.4367165386170643,0.9498680738786279,0.5983379501385041,0.9020414679353251,1009,1393,57,1080
Stage 2,Logistic Regression,0.13,0.6109070358858435,0.4497907949790795,0.9454705364995603,0.6095832151970513,0.9020414679353251,1087,1315,62,1075
Stage 2,Logistic Regression,0.14,0.6295563718564566,0.4624676445211389,0.9428320140721196,0.6205499276410998,0.9020414679353251,1156,1246,65,1072
Stage 2,Logistic Regression,0.15,0.6436846566826787,0.47254207263064657,0.9384344766930519,0.6285714285714286,0.9020414679353251,1211,1191,70,1067
Stage 2,Logistic Regression,0.16,0.6600734670810964,0.48495897903372837,0.9357959542656112,0.6388471930351246,0.9020414679353251,1272,1130,73,1064
Stage 2,Logistic Regression,0.17,0.6725063577281718,0.49487418452935694,0.9340369393139841,0.6469692354553762,0.9020414679353251,1318,1084,75,1062
Stage 2,Logistic Regression,0.18,0.6832438541961006,0.5038058991436727,0.9313984168865436,0.6539055263970361,0.9020414679353251,1359,1043,78,1059
Stage 2,Logistic Regression,0.19,0.6914382593953095,0.5109064469219583,0.9270008795074758,0.65875,0.9020414679353251,1393,1009,83,1054
Stage 2,Logistic Regression,0.2,0.7027408872562871,0.521050024764735,0.9252418645558487,0.6666666666666666,0.9020414679353251,1435,967,85,1052
Stage 2,Logistic Regression,0.21,0.7143260808137892,0.5320773930753564,0.9190853122251539,0.673976136730087,0.9020414679353251,1483,919,92,1045
Stage 2,Logistic Regression,0.22,0.7222379203164736,0.5398963730569948,0.9164467897977133,0.6794913596348223,0.9020414679353251,1514,888,95,1042
Stage 2,Logistic Regression,0.23,0.7309974569087313,0.5488642366613841,0.9138082673702727,0.6858085808580858,0.9020414679353251,1548,854,98,1039
Stage 2,Logistic Regression,0.24,0.7377790336253179,0.5560321715817694,0.9120492524186455,0.6908727514990006,0.9020414679353251,1574,828,100,1037
Stage 2,Logistic Regression,0.25,0.7451257417349534,0.5641025641025641,0.909410729991205,0.6962962962962963,0.9020414679353251,1603,799,103,1034
Stage 2,Logistic Regression,0.26,0.7530375812376378,0.5732590529247911,0.9050131926121372,0.7019099590723056,0.9020414679353251,1636,766,108,1029
Stage 2,Logistic Regression,0.27,0.7586888951681265,0.5803520726859739,0.8988566402814424,0.7053140096618358,0.9020414679353251,1663,739,115,1022
Stage 2,Logistic Regression,0.28,0.7666007346708109,0.5898324667822068,0.8979771328056289,0.7119944211994421,0.9020414679353251,1692,710,116,1021
Stage 2,Logistic Regression,0.29,0.7733823113873975,0.5988200589970502,0.8927000879507476,0.7168079096045198,0.9020414679353251,1722,680,122,1015
Stage 2,Logistic Regression,0.3,0.7776207968352642,0.6047904191616766,0.8883025505716798,0.7196294976843606,0.9020414679353251,1742,660,127,1010
Stage 2,Logistic Regression,0.31,0.7846849392483752,0.6142595978062158,0.8865435356200527,0.7257019438444925,0.9020414679353251,1769,633,129,1008
Stage 2,Logistic Regression,0.32,0.7889234246962419,0.6211180124223602,0.8795074758135444,0.728066982162359,0.9020414679353251,1792,610,137,1000
Stage 2,Logistic Regression,0.33,0.7945747386267307,0.629746835443038,0.8751099384344767,0.7324254692675746,0.9020414679353251,1817,585,142,995
Stage 2,Logistic Regression,0.34,0.7993783554676462,0.6374758531873793,0.8707124010554089,0.7360594795539034,0.9020414679353251,1839,563,147,990
Stage 2,Logistic Regression,0.35,0.8022040124328906,0.6423452768729642,0.8671943711521548,0.7380239520958084,0.9020414679353251,1853,549,151,986
Stage 2,Logistic Regression,0.36,0.8084204577564283,0.6518861681005956,0.8663148636763413,0.7439577039274925,0.9020414679353251,1876,526,152,985
Stage 2,Logistic Regression,0.37,0.8118112461147217,0.6585858585858586,0.8601583113456465,0.7459954233409611,0.9020414679353251,1895,507,159,978
Stage 2,Logistic Regression,0.38,0.8157671658660639,0.6657552973342447,0.8566402814423922,0.7492307692307693,0.9020414679353251,1913,489,163,974
Stage 2,Logistic Regression,0.39,0.8188753885278327,0.6722222222222223,0.851363236587511,0.7512611563833915,0.9020414679353251,1930,472,169,968
Stage 2,Logistic Regression,0.4,0.8217010454930771,0.6776685393258427,0.8487247141600703,0.7536118703631394,0.9020414679353251,1943,459,172,965
Stage 2,Logistic Regression,0.41,0.8233964396722238,0.6828571428571428,0.8408091468777484,0.7536460386283012,0.9020414679353251,1958,444,181,956
Stage 2,Logistic Regression,0.42,0.827352359423566,0.6914119359534207,0.8355321020228672,0.7566706491437675,0.9020414679353251,1978,424,187,950
Stage 2,Logistic Regression,0.43,0.8279174908166148,0.6938325991189427,0.8311345646437994,0.7563025210084033,0.9020414679353251,1985,417,192,945
Stage 2,Logistic Regression,0.44,0.8315908448714326,0.702621722846442,0.8249780123131046,0.7588996763754046,0.9020414679353251,2005,397,199,938
Stage 2,Logistic Regression,0.45,0.8330036733540548,0.7061933534743202,0.8223394898856641,0.7598537180008127,0.9020414679353251,2013,389,202,935
Stage 2,Logistic Regression,0.46,0.8346990675332014,0.7113323124042878,0.8170624450307827,0.7605403192795743,0.9020414679353251,2025,377,208,929
Stage 2,Logistic Regression,0.47,0.8366770274088725,0.7181889149102264,0.8091468777484608,0.76095947063689,0.9020414679353251,2041,361,217,920
Stage 2,Logistic Regression,0.48,0.8366770274088725,0.7209486166007905,0.8021108179419525,0.7593671940049959,0.9020414679353251,2049,353,225,912
Stage 2,Logistic Regression,0.49,0.8397852500706414,0.7287319422150883,0.7985927880386984,0.7620646244229963,0.9020414679353251,2064,338,229,908
Stage 2,Logistic Regression,0.5,0.8411980785532637,0.7331711273317113,0.7950747581354441,0.7628691983122363,0.9020414679353251,2073,329,233,904
Stage 2,Logistic Regression,0.51,0.8428934727324103,0.7387017255546425,0.7906772207563765,0.7638062871707731,0.9020414679353251,2084,318,238,899
Stage 2,Logistic Regression,0.52,0.8440237355185081,0.7447698744769874,0.7827616534740546,0.7632933104631218,0.9020414679353251,2097,305,247,890
Stage 2,Logistic Regression,0.53,0.8471319581802769,0.7534013605442177,0.7792436235708003,0.7661046260268051,0.9020414679353251,2112,290,251,886
Stage 2,Logistic Regression,0.54,0.8471319581802769,0.7582322357019065,0.7695690413368513,0.7638585770405937,0.9020414679353251,2123,279,262,875
Stage 2,Logistic Regression,0.55,0.8488273523594235,0.7631118881118881,0.7678100263852242,0.7654537483559842,0.9020414679353251,2131,271,264,873
Stage 2,Logistic Regression,0.56,0.8505227465385702,0.7699822380106572,0.762532981530343,0.7662395050817499,0.9020414679353251,2143,259,270,867
Stage 2,Logistic Regression,0.57,0.8499576151455214,0.7734657039711191,0.7537379067722075,0.7634743875278397,0.9020414679353251,2151,251,280,857
Stage 2,Logistic Regression,0.58,0.8499576151455214,0.7774725274725275,0.7467018469656992,0.7617765814266487,0.9020414679353251,2159,243,288,849
Stage 2,Logistic Regression,0.59,0.8505227465385702,0.7820037105751392,0.741424802110818,0.7611738148984198,0.9020414679353251,2167,235,294,843
Stage 2,Logistic Regression,0.6,0.8522181407177168,0.7885338345864662,0.7379067722075637,0.7623807360290777,0.9020414679353251,2177,225,298,839
Stage 2,Logistic Regression,0.61,0.8547612319864368,0.7986577181208053,0.7326297273526825,0.7642201834862385,0.9020414679353251,2192,210,304,833
Stage 2,Logistic Regression,0.62,0.8541961005933879,0.8011639185257032,0.7264731750219877,0.7619926199261993,0.9020414679353251,2197,205,311,826
Stage 2,Logistic Regression,0.63,0.8564566261655835,0.8104639684106614,0.7220756376429199,0.7637209302325582,0.9020414679353251,2210,192,316,821
Stage 2,Logistic Regression,0.64,0.8558914947725346,0.8125623130608175,0.7167985927880387,0.7616822429906542,0.9020414679353251,2214,188,322,815
Stage 2,Logistic Regression,0.65,0.8561740604690591,0.814629258517034,0.7150395778364116,0.761592505854801,0.9020414679353251,2217,185,324,813
Stage 2,Logistic Regression,0.66,0.8556089290760102,0.8168016194331984,0.7097625329815304,0.7595294117647059,0.9020414679353251,2221,181,330,807
Stage 2,Logistic Regression,0.67,0.8558914947725346,0.8195718654434251,0.7071240105540897,0.7592067988668555,0.9020414679353251,2225,177,333,804
Stage 2,Logistic Regression,0.68,0.8573043232551568,0.8271221532091098,0.702726473175022,0.7598668568711364,0.9020414679353251,2235,167,338,799
Stage 2,Logistic Regression,0.69,0.8575868889516812,0.832807570977918,0.6965699208443272,0.7586206896551724,0.9020414679353251,2243,159,345,792
Stage 2,Logistic Regression,0.7,0.8589997174343035,0.842274678111588,0.6904133685136323,0.7588206863218946,0.9020414679353251,2255,147,352,785
Stage 2,Logistic Regression,0.71,0.8581520203447301,0.8432432432432433,0.6860158311345647,0.7565470417070805,0.9020414679353251,2257,145,357,780
Stage 2,Logistic Regression,0.72,0.8584345860412546,0.8509933774834437,0.6781002638522428,0.7547723935389133,0.9020414679353251,2267,135,366,771
Stage 2,Logistic Regression,0.73,0.8587171517377791,0.8582677165354331,0.6710642040457344,0.7532082922013821,0.9020414679353251,2276,126,374,763
Stage 2,Logistic Regression,0.74,0.8584345860412546,0.8605442176870748,0.6675461741424802,0.7518573551263001,0.9020414679353251,2279,123,378,759
Stage 2,Logistic Regression,0.75,0.8578694546482057,0.8660508083140878,0.6596306068601583,0.7488766849725412,0.9020414679353251,2286,116,387,750
Stage 2,Logistic Regression,0.76,0.8564566261655835,0.8686987104337632,0.6517150395778364,0.7447236180904523,0.9020414679353251,2290,112,396,741
Stage 2,Logistic Regression,0.77,0.8553263633794858,0.8733572281959379,0.6429199648197009,0.7406281661600811,0.9020414679353251,2296,106,406,731
Stage 2,Logistic Regression,0.78,0.8553263633794858,0.8778718258766627,0.6385224274406333,0.7393075356415478,0.9020414679353251,2301,101,411,726
Stage 2,Logistic Regression,0.79,0.8533484035038147,0.8805418719211823,0.6288478452066842,0.7337095946639303,0.9020414679353251,2305,97,422,715
Stage 2,Logistic Regression,0.8,0.8493924837524724,0.8842239185750637,0.6112576956904133,0.7228289131565263,0.9020414679353251,2311,91,442,695
Stage 2,Logistic Regression,0.81,0.8485447866628991,0.8897535667963683,0.6033421284080914,0.7190775681341719,0.9020414679353251,2317,85,451,686
Stage 2,Logistic Regression,0.82,0.8482622209663747,0.8978779840848806,0.5954265611257695,0.71602326811211,0.9020414679353251,2325,77,460,677
Stage 2,Logistic Regression,0.83,0.8454365640011302,0.8997289972899729,0.5839929639401935,0.7082666666666667,0.9020414679353251,2328,74,473,664
Stage 2,Logistic Regression,0.84,0.846566826787228,0.9113573407202216,0.5787159190853123,0.7079074771382464,0.9020414679353251,2338,64,479,658
Stage 2,Logistic Regression,0.85,0.8426109070358858,0.9131054131054132,0.5637642919964819,0.6971179989124524,0.9020414679353251,2341,61,496,641
Stage 2,Logistic Regression,0.86,0.8426109070358858,0.9190751445086706,0.5593667546174143,0.6954620010934938,0.9020414679353251,2346,56,501,636
Stage 2,Logistic Regression,0.87,0.8403503814636903,0.9230769230769231,0.5488126649076517,0.6883618312189741,0.9020414679353251,2350,52,513,624
Stage 2,Logistic Regression,0.88,0.8352641989262504,0.9261538461538461,0.5294635004397538,0.6737548964745383,0.9020414679353251,2354,48,535,602
Stage 2,Logistic Regression,0.89,0.8310257134783837,0.9270998415213946,0.5145118733509235,0.6617647058823529,0.9020414679353251,2356,46,552,585
Stage 2,Logistic Regression,0.9,0.8287651879061881,0.933115823817292,0.5030782761653474,0.6537142857142857,0.9020414679353251,2361,41,565,572
Stage 2,Logistic Regression,0.91,0.8242441367617971,0.9371816638370118,0.48548812664907653,0.6396292004634995,0.9020414679353251,2365,37,585,552
Stage 2,Logistic Regression,0.92,0.8188753885278327,0.9366197183098591,0.4678979771328056,0.6240469208211143,0.9020414679353251,2366,36,605,532
Stage 2,Logistic Regression,0.93,0.8137892059903927,0.9442379182156134,0.4467897977132806,0.6065671641791045,0.9020414679353251,2372,30,629,508
Stage 2,Logistic Regression,0.94,0.8081378920599039,0.9543650793650794,0.4230430958663149,0.5862279098110909,0.9020414679353251,2379,23,656,481
Stage 2,Logistic Regression,0.95,0.8002260525572196,0.9653679653679653,0.3922603342128408,0.557848655409631,0.9020414679353251,2386,16,691,446
Stage 2,Random Forest,0.05,0.35433738344165017,0.3319672131147541,0.9973614775725593,0.49813309905556774,0.8938093585161002,120,2282,3,1134
Stage 2,Random Forest,0.06,0.36818310257134784,0.3364096457278952,0.9938434476693052,0.5026690391459074,0.8938093585161002,173,2229,7,1130
Stage 2,Random Forest,0.07,0.3873975699350099,0.3430745814307458,0.9912049252418645,0.5097241067390321,0.8938093585161002,244,2158,10,1127
Stage 2,Random Forest,0.08,0.4023735518508053,0.3484190948543087,0.9885664028144239,0.5152418060967224,0.8938093585161002,300,2102,13,1124
Stage 2,Random Forest,0.09,0.42017519073184517,0.35480799746112346,0.9832893579595426,0.5214552238805971,0.8938093585161002,369,2033,19,1118
Stage 2,Random Forest,0.1,0.4399547894885561,0.3623330074942978,0.9780123131046614,0.5287684260580123,0.8938093585161002,445,1957,25,1112
Stage 2,Random Forest,0.11,0.462277479513987,0.37173476222371066,0.9762532981530343,0.538442881397041,0.8938093585161002,526,1876,27,1110
Stage 2,Random Forest,0.12,0.49025148346990677,0.38432188692334374,0.9744942832014072,0.5512437810945273,0.8938093585161002,627,1775,29,1108
Stage 2,Random Forest,0.13,0.5131393048883865,0.3950573065902579,0.9700967458223395,0.5614660218885212,0.8938093585161002,713,1689,34,1103
Stage 2,Random Forest,0.14,0.5334840350381463,0.40495562130177515,0.9630606860158312,0.5701640197865139,0.8938093585161002,793,1609,42,1095
Stage 2,Random Forest,0.15,0.556936987849675,0.4174645729605515,0.9586631486367634,0.5816435432230523,0.8938093585161002,881,1521,47,1090
Stage 2,Random Forest,0.16,0.5775642836959594,0.42941640378548895,0.9577836411609498,0.592975769126055,0.8938093585161002,955,1447,48,1089
Stage 2,Random Forest,0.17,0.5979090138457192,0.44177524429967424,0.9542656112576957,0.6039521291399944,0.8938093585161002,1031,1371,52,1085
Stage 2,Random Forest,0.18,0.6145803899406612,0.45241090146750523,0.9489885664028144,0.6127200454287337,0.8938093585161002,1096,1306,58,1079
Stage 2,Random Forest,0.19,0.63294716021475,0.4649350649350649,0.9445910290237467,0.6231505657093125,0.8938093585161002,1166,1236,63,1074
Stage 2,Random Forest,0.2,0.6493359706131676,0.4767649687220733,0.9384344766930519,0.6322962962962962,0.8938093585161002,1231,1171,70,1067
Stage 2,Random Forest,0.21,0.6623339926532918,0.486745886654479,0.9366754617414248,0.6406015037593985,0.8938093585161002,1279,1123,72,1065
Stage 2,Random Forest,0.22,0.6767448431760384,0.4983575786015955,0.9340369393139841,0.6499388004895961,0.8938093585161002,1333,1069,75,1062
Stage 2,Random Forest,0.23,0.6849392483752472,0.5052732502396932,0.9270008795074758,0.6540490226497052,0.8938093585161002,1370,1032,83,1054
Stage 2,Random Forest,0.24,0.6976547047188472,0.5164457535591557,0.9252418645558487,0.6628859483301828,0.8938093585161002,1417,985,85,1052
Stage 2,Random Forest,0.25,0.710370161062447,0.52834008097166,0.9182058047493403,0.670735624799229,0.8938093585161002,1470,932,93,1044
Stage 2,Random Forest,0.26,0.7205425261373269,0.5383419689119171,0.9138082673702727,0.677535050537985,0.8938093585161002,1511,891,98,1039
Stage 2,Random Forest,0.27,0.7307148912122068,0.5488841657810839,0.9085312225153914,0.6843325604504803,0.8938093585161002,1553,849,104,1033
Stage 2,Random Forest,0.28,0.742300084769709,0.5614418350628072,0.9041336851363236,0.692722371967655,0.8938093585161002,1599,803,109,1028
Stage 2,Random Forest,0.29,0.7530375812376378,0.5737521031968592,0.899736147757256,0.7006849315068493,0.8938093585161002,1642,760,114,1023
Stage 2,Random Forest,0.3,0.7623622492229444,0.5857473928157589,0.8891820580474934,0.7062521830247992,0.8938093585161002,1687,715,126,1011
Stage 2,Random Forest,0.31,0.7688612602430065,0.594883997620464,0.8795074758135444,0.7097232079489,0.8938093585161002,1721,681,137,1000
Stage 2,Random Forest,0.32,0.7736648770839221,0.6019417475728155,0.872471416007036,0.7123877917414722,0.8938093585161002,1746,656,145,992
Stage 2,Random Forest,0.33,0.7812941508900819,0.6130841121495327,0.8654353562005277,0.7177242888402626,0.8938093585161002,1781,621,153,984
Stage 2,Random Forest,0.34,0.7875105962136196,0.6231605886116443,0.8566402814423922,0.7214814814814815,0.8938093585161002,1813,589,163,974
Stage 2,Random Forest,0.35,0.790901384571913,0.6296538210320052,0.8478452066842568,0.7226386806596702,0.8938093585161002,1835,567,173,964
Stage 2,Random Forest,0.36,0.7999434868606952,0.6448345712356516,0.8399296394019349,0.7295645530939648,0.8938093585161002,1876,526,182,955
Stage 2,Random Forest,0.37,0.8064424978807573,0.6567267683772539,0.8328935795954265,0.7343931756494766,0.8938093585161002,1907,495,190,947
Stage 2,Random Forest,0.38,0.8123763775077706,0.668088130774698,0.8267370272647317,0.7389937106918238,0.8938093585161002,1935,467,197,940
Stage 2,Random Forest,0.39,0.817745125741735,0.6790393013100436,0.820580474934037,0.7431302270011948,0.8938093585161002,1961,441,204,933
Stage 2,Random Forest,0.4,0.8228313082791749,0.6905829596412556,0.8126649076517151,0.7466666666666667,0.8938093585161002,1988,414,213,924
Stage 2,Random Forest,0.41,0.8279174908166148,0.7015267175572519,0.8082673702726473,0.7511238250919493,0.8938093585161002,2011,391,218,919
Stage 2,Random Forest,0.42,0.8284826222096637,0.7073552425665102,0.7950747581354441,0.7486542443064182,0.8938093585161002,2028,374,233,904
Stage 2,Random Forest,0.43,0.834416501836677,0.7205764611689351,0.7915567282321899,0.7544006705783739,0.8938093585161002,2053,349,237,900
Stage 2,Random Forest,0.44,0.8366770274088725,0.7308009909165979,0.7783641160949868,0.7538330494037478,0.8938093585161002,2076,326,252,885
Stage 2,Random Forest,0.45,0.8386549872845437,0.7382154882154882,0.7713280562884784,0.7544086021505376,0.8938093585161002,2091,311,260,877
Stage 2,Random Forest,0.46,0.8406329471602147,0.7463456577815993,0.7634124890061565,0.7547826086956522,0.8938093585161002,2107,295,269,868
Stage 2,Random Forest,0.47,0.842045775642837,0.7544014084507042,0.7537379067722075,0.7540695116586009,0.8938093585161002,2123,279,280,857
Stage 2,Random Forest,0.48,0.8411980785532637,0.757847533632287,0.7431838170624451,0.7504440497335702,0.8938093585161002,2132,270,292,845
Stage 2,Random Forest,0.49,0.8448714326080814,0.7687385740402194,0.7396657871591908,0.7539220080681309,0.8938093585161002,2149,253,296,841
Stage 2,Random Forest,0.5,0.8454365640011302,0.776735459662289,0.7282321899736148,0.7517022242396731,0.8938093585161002,2164,238,309,828
Stage 2,Random Forest,0.51,0.8474145238768014,0.7878495660559306,0.7185576077396658,0.7516099356025759,0.8938093585161002,2182,220,320,817
Stage 2,Random Forest,0.52,0.8471319581802769,0.7950495049504951,0.7062445030782761,0.7480204937121565,0.8938093585161002,2195,207,334,803
Stage 2,Random Forest,0.53,0.8474145238768014,0.8036622583926755,0.6948109058927001,0.7452830188679245,0.8938093585161002,2209,193,347,790
Stage 2,Random Forest,0.54,0.8451539983046058,0.8077324973876698,0.6798592788038699,0.7382999044890163,0.8938093585161002,2218,184,364,773
Stage 2,Random Forest,0.55,0.8457191296976547,0.8153681963713981,0.671943711521548,0.7367405978784957,0.8938093585161002,2229,173,373,764
Stage 2,Random Forest,0.56,0.8462842610907035,0.8226332970620239,0.6649076517150396,0.7354085603112841,0.8938093585161002,2239,163,381,756
Stage 2,Random Forest,0.57,0.8451539983046058,0.8268590455049944,0.6552330694810906,0.7311089303238469,0.8938093585161002,2246,156,392,745
Stage 2,Random Forest,0.58,0.8448714326080814,0.8340909090909091,0.6455584872471416,0.7278135845314824,0.8938093585161002,2256,146,403,734
Stage 2,Random Forest,0.59,0.8443063012150325,0.8391203703703703,0.6376429199648197,0.7246376811594203,0.8938093585161002,2263,139,412,725
Stage 2,Random Forest,0.6,0.8440237355185081,0.8445229681978799,0.6306068601583114,0.7220543806646526,0.8938093585161002,2270,132,420,717
Stage 2,Random Forest,0.61,0.8437411698219837,0.8518072289156626,0.6218117854001759,0.7188612099644128,0.8938093585161002,2279,123,430,707
Stage 2,Random Forest,0.62,0.8417632099463125,0.8557336621454994,0.6103781882145998,0.7125256673511293,0.8938093585161002,2285,117,443,694
Stage 2,Random Forest,0.63,0.8428934727324103,0.8654088050314466,0.6051011433597185,0.7122153209109731,0.8938093585161002,2295,107,449,688
Stage 2,Random Forest,0.64,0.8423283413393614,0.8687898089171975,0.5998240985048373,0.7096774193548387,0.8938093585161002,2299,103,455,682
Stage 2,Random Forest,0.65,0.8378072901949704,0.8699080157687253,0.5822339489885664,0.6975763962065332,0.8938093585161002,2303,99,475,662
Stage 2,Random Forest,0.66,0.8352641989262504,0.8743243243243243,0.5690413368513633,0.6893979754928077,0.8938093585161002,2309,93,490,647
Stage 2,Random Forest,0.67,0.8358293303192993,0.8871866295264624,0.5602462620932278,0.6867924528301886,0.8938093585161002,2321,81,500,637
Stage 2,Random Forest,0.68,0.8341339361401526,0.8951149425287356,0.5479331574318381,0.6797599563557011,0.8938093585161002,2329,73,514,623
Stage 2,Random Forest,0.69,0.8321559762644815,0.9034175334323923,0.534740545294635,0.6718232044198895,0.8938093585161002,2337,65,529,608
Stage 2,Random Forest,0.7,0.8310257134783837,0.9139784946236559,0.523306948109059,0.6655480984340044,0.8938093585161002,2346,56,542,595
Stage 2,Random Forest,0.71,0.8279174908166148,0.9177215189873418,0.5101143359718557,0.6557377049180327,0.8938093585161002,2350,52,557,580
Stage 2,Random Forest,0.72,0.8242441367617971,0.9200652528548124,0.49604221635883905,0.6445714285714286,0.8938093585161002,2353,49,573,564
Stage 2,Random Forest,0.73,0.820288217010455,0.9296740994854202,0.4766930518909411,0.6302325581395349,0.8938093585161002,2361,41,595,542
Stage 2,Random Forest,0.74,0.815202034473015,0.933572710951526,0.4573438874230431,0.6139315230224321,0.8938093585161002,2365,37,617,520
Stage 2,Random Forest,0.75,0.8112461147216727,0.9383177570093458,0.4415127528583993,0.6004784688995215,0.8938093585161002,2369,33,635,502
Stage 2,Random Forest,0.76,0.8064424978807573,0.9431372549019608,0.4230430958663149,0.5840922890103218,0.8938093585161002,2373,29,656,481
Stage 2,Random Forest,0.77,0.8002260525572196,0.9479166666666666,0.4001759014951627,0.5627705627705628,0.8938093585161002,2377,25,682,455
Stage 2,Random Forest,0.78,0.7962701328058773,0.9502164502164502,0.386103781882146,0.5490931832395247,0.8938093585161002,2379,23,698,439
Stage 2,Random Forest,0.79,0.7934444758406329,0.953125,0.3755496921723835,0.538801261829653,0.8938093585161002,2381,21,710,427
Stage 2,Random Forest,0.8,0.7897711217858152,0.958041958041958,0.36147757255936674,0.524904214559387,0.8938093585161002,2384,18,726,411
Stage 2,Random Forest,0.81,0.7841198078553263,0.9627791563275434,0.3412489006156552,0.5038961038961038,0.8938093585161002,2387,15,749,388
Stage 2,Random Forest,0.82,0.7804464538005086,0.966321243523316,0.3280562884784521,0.489822718319107,0.8938093585161002,2389,13,764,373
Stage 2,Random Forest,0.83,0.7745125741734953,0.9695290858725761,0.30782761653474056,0.4672897196261682,0.8938093585161002,2391,11,787,350
Stage 2,Random Forest,0.84,0.7666007346708109,0.9669669669669669,0.2832014072119613,0.4380952380952381,0.8938093585161002,2391,11,815,322
Stage 2,Random Forest,0.85,0.7606668550437977,0.9738562091503268,0.2620932277924362,0.41302841302841303,0.8938093585161002,2394,8,839,298
Stage 2,Random Forest,0.86,0.7533201469341622,0.9714285714285714,0.23922603342128407,0.38390966831333806,0.8938093585161002,2394,8,865,272
Stage 2,Random Forest,0.87,0.7482339643967222,0.9730769230769231,0.22251539138082674,0.36220472440944884,0.8938093585161002,2395,7,884,253
Stage 2,Random Forest,0.88,0.742300084769709,0.9828326180257511,0.20140721196130168,0.3343065693430657,0.8938093585161002,2398,4,908,229
Stage 2,Random Forest,0.89,0.7341056795705001,0.9851485148514851,0.17502198768689534,0.2972367438386856,0.8938093585161002,2399,3,938,199
Stage 2,Random Forest,0.9,0.7270415371573891,0.9885714285714285,0.1521547933157432,0.26371951219512196,0.8938093585161002,2400,2,964,173
Stage 2,Random Forest,0.91,0.7188471319581803,0.9863013698630136,0.1266490765171504,0.2244738893219018,0.8938093585161002,2400,2,993,144
Stage 2,Random Forest,0.92,0.7123481209381182,0.9917355371900827,0.10554089709762533,0.1907790143084261,0.8938093585161002,2401,1,1017,120
Stage 2,Random Forest,0.93,0.705283978525007,0.9895833333333334,0.08355321020228672,0.154095701540957,0.8938093585161002,2401,1,1042,95
Stage 2,Random Forest,0.94,0.6996326645945182,0.9868421052631579,0.06596306068601583,0.1236603462489695,0.8938093585161002,2401,1,1062,75
Stage 2,Random Forest,0.95,0.6917208250918339,0.9791666666666666,0.04133685136323659,0.07932489451476793,0.8938093585161002,2401,1,1090,47
Stage 2,Gradient Boosting,0.05,0.33060186493359706,0.32410051399200457,0.9982409850483729,0.48932959689588273,0.897387438055505,35,2367,2,1135
Stage 2,Gradient Boosting,0.06,0.34586041254591693,0.32917633410672853,0.9982409850483729,0.495092693565976,0.897387438055505,89,2313,2,1135
Stage 2,Gradient Boosting,0.07,0.36564001130262785,0.33570581257413995,0.9956024626209323,0.5021068973164782,0.897387438055505,162,2240,5,1132
Stage 2,Gradient Boosting,0.08,0.4012432890647075,0.3483631871525633,0.9920844327176781,0.5156571428571428,0.897387438055505,292,2110,9,1128
Stage 2,Gradient Boosting,0.09,0.43232551568239613,0.3600770218228498,0.9868073878627969,0.5276275570185751,0.897387438055505,408,1994,15,1122
Stage 2,Gradient Boosting,0.1,0.47075445040972025,0.37567567567567567,0.9780123131046614,0.5428362216255797,0.897387438055505,554,1848,25,1112
Stage 2,Gradient Boosting,0.11,0.5038146369030799,0.3902092940759134,0.9674582233948988,0.5561172901921132,0.897387438055505,683,1719,37,1100
Stage 2,Gradient Boosting,0.12,0.5354619949138174,0.40600667408231367,0.9630606860158312,0.5712050078247262,0.897387438055505,800,1602,42,1095
Stage 2,Gradient Boosting,0.13,0.564566261655835,0.4218266253869969,0.9586631486367634,0.5858640150497179,0.897387438055505,908,1494,47,1090
Stage 2,Gradient Boosting,0.14,0.5908448714326081,0.4374245472837022,0.9560246262093228,0.6002208724461623,0.897387438055505,1004,1398,50,1087
Stage 2,Gradient Boosting,0.15,0.6103419044927946,0.44954128440366975,0.9481090589270009,0.6099009900990099,0.897387438055505,1082,1320,59,1078
Stage 2,Gradient Boosting,0.16,0.6315343317321277,0.463868455214193,0.9428320140721196,0.6218097447795824,0.897387438055505,1163,1239,65,1072
Stage 2,Gradient Boosting,0.17,0.6490534049166431,0.4766562916851934,0.9428320140721196,0.6331955109273479,0.897387438055505,1225,1177,65,1072
Stage 2,Gradient Boosting,0.18,0.6654422153150608,0.48918545789231477,0.9349164467897977,0.6422960725075528,0.897387438055505,1292,1110,74,1063
Stage 2,Gradient Boosting,0.19,0.6775925402656118,0.4990566037735849,0.93051890941073,0.6496776174393614,0.897387438055505,1340,1062,79,1058
Stage 2,Gradient Boosting,0.2,0.6905905623057361,0.5101941747572816,0.9243623570800352,0.6574913981857992,0.897387438055505,1393,1009,86,1051
Stage 2,Gradient Boosting,0.21,0.7001977959875672,0.5188679245283019,0.9190853122251539,0.6632814979371628,0.897387438055505,1433,969,92,1045
Stage 2,Gradient Boosting,0.22,0.7126306866346426,0.5305498981670062,0.9164467897977133,0.672041277007417,0.897387438055505,1480,922,95,1042
Stage 2,Gradient Boosting,0.23,0.7211076575303759,0.5390625,0.9102902374670184,0.677134445534838,0.897387438055505,1517,885,102,1035
Stage 2,Gradient Boosting,0.24,0.735235942356598,0.5535905680600214,0.9085312225153914,0.687978687978688,0.897387438055505,1569,833,104,1033
Stage 2,Gradient Boosting,0.25,0.7439954789488556,0.5634964266080263,0.9014951627088831,0.6935047361299053,0.897387438055505,1608,794,112,1025
Stage 2,Gradient Boosting,0.26,0.7510596213619667,0.5719910011248593,0.8944591029023746,0.697770154373928,0.897387438055505,1641,761,120,1017
Stage 2,Gradient Boosting,0.27,0.7561458038994067,0.5784650630011455,0.8883025505716798,0.7006590357266737,0.897387438055505,1666,736,127,1010
Stage 2,Gradient Boosting,0.28,0.761514552133371,0.5849275362318841,0.8874230430958663,0.7051013277428372,0.897387438055505,1686,716,128,1009
Stage 2,Gradient Boosting,0.29,0.7674484317603842,0.5926800472255017,0.8830255057167986,0.7092900035323207,0.897387438055505,1712,690,133,1004
Stage 2,Gradient Boosting,0.3,0.7728171799943487,0.599640933572711,0.8812664907651715,0.7136752136752137,0.897387438055505,1733,669,135,1002
Stage 2,Gradient Boosting,0.31,0.7807290194970331,0.6103975535168196,0.8777484608619174,0.7200577200577201,0.897387438055505,1765,637,139,998
Stage 2,Gradient Boosting,0.32,0.7855326363379486,0.6175373134328358,0.8733509234828496,0.7234972677595628,0.897387438055505,1787,615,144,993
Stage 2,Gradient Boosting,0.33,0.7911839502684375,0.6264294790343075,0.8671943711521548,0.7274068609369236,0.897387438055505,1814,588,151,986
Stage 2,Gradient Boosting,0.34,0.7948573043232552,0.6328377504848093,0.86103781882146,0.7295081967213115,0.897387438055505,1834,568,158,979
Stage 2,Gradient Boosting,0.35,0.7974003955919752,0.6379763469119579,0.8540017590149517,0.7303497555471982,0.897387438055505,1851,551,166,971
Stage 2,Gradient Boosting,0.36,0.8036168409155129,0.6477272727272727,0.8522427440633246,0.7360425370300038,0.897387438055505,1875,527,168,969
Stage 2,Gradient Boosting,0.37,0.8061599321842329,0.6526743398781314,0.8478452066842568,0.7375669472073451,0.897387438055505,1889,513,173,964
Stage 2,Gradient Boosting,0.38,0.8078553263633795,0.6570446735395189,0.8408091468777484,0.7376543209876543,0.897387438055505,1903,499,181,956
Stage 2,Gradient Boosting,0.39,0.8120938118112461,0.664804469273743,0.8372911169744943,0.7411444141689373,0.897387438055505,1922,480,185,952
Stage 2,Gradient Boosting,0.4,0.8140717716869172,0.6692579505300353,0.8328935795954265,0.7421630094043887,0.897387438055505,1934,468,190,947
Stage 2,Gradient Boosting,0.41,0.8168974286521616,0.6752688172043011,0.8284960422163589,0.7440758293838863,0.897387438055505,1949,453,195,942
Stage 2,Gradient Boosting,0.42,0.819723085617406,0.6811909949164852,0.8249780123131046,0.7462211614956245,0.897387438055505,1963,439,199,938
Stage 2,Gradient Boosting,0.43,0.8225487425826504,0.6878228782287823,0.8197009674582234,0.7479935794542536,0.897387438055505,1979,423,205,932
Stage 2,Gradient Boosting,0.44,0.8239615710652727,0.6926536731634183,0.8126649076517151,0.7478753541076487,0.897387438055505,1992,410,213,924
Stage 2,Gradient Boosting,0.45,0.8270697937270416,0.6990144048521607,0.810905892700088,0.750814332247557,0.897387438055505,2005,397,215,922
Stage 2,Gradient Boosting,0.46,0.8307431477818593,0.7072419106317411,0.8073878627968337,0.7540041067761807,0.897387438055505,2022,380,219,918
Stage 2,Gradient Boosting,0.47,0.8313082791749081,0.7109375,0.8003518029903254,0.7529995862639636,0.897387438055505,2032,370,227,910
Stage 2,Gradient Boosting,0.48,0.8327211076575304,0.7157561361836896,0.7950747581354441,0.7533333333333333,0.897387438055505,2043,359,233,904
Stage 2,Gradient Boosting,0.49,0.8346990675332014,0.7215088282504013,0.7906772207563765,0.7545111204364247,0.897387438055505,2055,347,238,899
Stage 2,Gradient Boosting,0.5,0.8366770274088725,0.7281632653061224,0.7845206684256816,0.7552921253175275,0.897387438055505,2069,333,245,892
Stage 2,Gradient Boosting,0.51,0.8378072901949704,0.7332228666114333,0.7783641160949868,0.7551194539249146,0.897387438055505,2080,322,252,885
Stage 2,Gradient Boosting,0.52,0.8389375529810681,0.7400508044030483,0.7686895338610378,0.7540983606557377,0.897387438055505,2095,307,263,874
Stage 2,Gradient Boosting,0.53,0.8411980785532637,0.7459366980325064,0.7669305189094108,0.7562879444926279,0.897387438055505,2105,297,265,872
Stage 2,Gradient Boosting,0.54,0.8423283413393614,0.751084128360798,0.7616534740545294,0.7563318777292577,0.897387438055505,2115,287,271,866
Stage 2,Gradient Boosting,0.55,0.8440237355185081,0.7563540753724802,0.7590149516270889,0.7576821773485514,0.897387438055505,2124,278,274,863
Stage 2,Gradient Boosting,0.56,0.8448714326080814,0.7606382978723404,0.7546174142480211,0.7576158940397351,0.897387438055505,2132,270,279,858
Stage 2,Gradient Boosting,0.57,0.8474145238768014,0.7696476964769647,0.7493403693931399,0.7593582887700535,0.897387438055505,2147,255,285,852
Stage 2,Gradient Boosting,0.58,0.8493924837524724,0.7785977859778598,0.7423043095866315,0.760018009905448,0.897387438055505,2162,240,293,844
Stage 2,Gradient Boosting,0.59,0.8499576151455214,0.7831775700934579,0.7370272647317502,0.7594019030357952,0.897387438055505,2170,232,299,838
Stage 2,Gradient Boosting,0.6,0.851653009324668,0.7914285714285715,0.7308707124010554,0.7599451303155007,0.897387438055505,2183,219,306,831
Stage 2,Gradient Boosting,0.61,0.8541961005933879,0.8017492711370262,0.7255936675461742,0.7617728531855956,0.897387438055505,2198,204,312,825
Stage 2,Gradient Boosting,0.62,0.8533484035038147,0.8053359683794467,0.7167985927880387,0.7584923220102373,0.897387438055505,2205,197,322,815
Stage 2,Gradient Boosting,0.63,0.8539135348968635,0.81,0.712401055408971,0.7580720636406177,0.897387438055505,2212,190,327,810
Stage 2,Gradient Boosting,0.64,0.8539135348968635,0.8131313131313131,0.7080035180299032,0.7569346497414199,0.897387438055505,2217,185,332,805
Stage 2,Gradient Boosting,0.65,0.8539135348968635,0.8163265306122449,0.7036059806508356,0.7557864903164856,0.897387438055505,2222,180,337,800
Stage 2,Gradient Boosting,0.66,0.8539135348968635,0.8202479338842975,0.6983289357959542,0.754394299287411,0.897387438055505,2228,174,343,794
Stage 2,Gradient Boosting,0.67,0.8530658378072902,0.8250790305584826,0.6886543535620053,0.75071907957814,0.897387438055505,2236,166,354,783
Stage 2,Gradient Boosting,0.68,0.8530658378072902,0.8278427205100957,0.6851363236587511,0.7497593840230992,0.897387438055505,2240,162,358,779
Stage 2,Gradient Boosting,0.69,0.8525007064142414,0.8295819935691319,0.6807387862796834,0.7478260869565218,0.897387438055505,2243,159,363,774
Stage 2,Gradient Boosting,0.7,0.8525007064142414,0.8390297684674752,0.6693051890941073,0.7446183953033269,0.897387438055505,2256,146,376,761
Stage 2,Gradient Boosting,0.71,0.8522181407177168,0.843400447427293,0.6631486367634125,0.7424913835548991,0.897387438055505,2262,140,383,754
Stage 2,Gradient Boosting,0.72,0.851653009324668,0.845372460496614,0.6587510993843447,0.740484429065744,0.897387438055505,2265,137,388,749
Stage 2,Gradient Boosting,0.73,0.8519355750211924,0.8510882016036655,0.6534740545294635,0.7393034825870647,0.897387438055505,2272,130,394,743
Stage 2,Gradient Boosting,0.74,0.8527832721107658,0.8589743589743589,0.6481970096745823,0.7388471177944862,0.897387438055505,2281,121,400,737
Stage 2,Gradient Boosting,0.75,0.8530658378072902,0.8685782556750299,0.6394019349164468,0.7365754812563323,0.897387438055505,2292,110,410,727
Stage 2,Gradient Boosting,0.76,0.8547612319864368,0.8831488314883149,0.6314863676341249,0.7364102564102564,0.897387438055505,2307,95,419,718
Stage 2,Gradient Boosting,0.77,0.8530658378072902,0.8870765370138017,0.6218117854001759,0.7311271975180972,0.897387438055505,2312,90,430,707
Stage 2,Gradient Boosting,0.78,0.8510878779316191,0.8910256410256411,0.6112576956904133,0.7250912884715701,0.897387438055505,2317,85,442,695
Stage 2,Gradient Boosting,0.79,0.8482622209663747,0.8947368421052632,0.5980650835532102,0.716921454928835,0.897387438055505,2322,80,457,680
Stage 2,Gradient Boosting,0.8,0.8462842610907035,0.9001349527665317,0.5866314863676341,0.7103301384451545,0.897387438055505,2328,74,470,667
Stage 2,Gradient Boosting,0.81,0.8437411698219837,0.9066852367688022,0.5725593667546174,0.7018867924528301,0.897387438055505,2335,67,486,651
Stage 2,Gradient Boosting,0.82,0.842045775642837,0.9128571428571428,0.5620052770448549,0.6956995100707676,0.897387438055505,2341,61,498,639
Stage 2,Gradient Boosting,0.83,0.8411980785532637,0.9234167893961709,0.5514511873350924,0.6905286343612335,0.897387438055505,2350,52,510,627
Stage 2,Gradient Boosting,0.84,0.8389375529810681,0.9288956127080181,0.5400175901495162,0.6829810901001112,0.897387438055505,2355,47,523,614
Stage 2,Gradient Boosting,0.85,0.8346990675332014,0.932601880877743,0.523306948109059,0.6704225352112676,0.897387438055505,2359,43,542,595
Stage 2,Gradient Boosting,0.86,0.8293303192992371,0.9347471451876019,0.503957783641161,0.6548571428571428,0.897387438055505,2362,40,564,573
Stage 2,Gradient Boosting,0.87,0.8236790053687483,0.9354838709677419,0.484608619173263,0.6384704519119351,0.897387438055505,2364,38,586,551
Stage 2,Gradient Boosting,0.88,0.8185928228313083,0.9411764705882353,0.46437994722955145,0.6219081272084805,0.897387438055505,2369,33,609,528
Stage 2,Gradient Boosting,0.89,0.8140717716869172,0.949343339587242,0.4450307827616535,0.6059880239520958,0.897387438055505,2375,27,631,506
Stage 2,Gradient Boosting,0.9,0.8064424978807573,0.952,0.41864555848724716,0.5815516188149054,0.897387438055505,2378,24,661,476
Stage 2,Gradient Boosting,0.91,0.7951398700197796,0.9537444933920705,0.3808267370272647,0.5443117536140792,0.897387438055505,2381,21,704,433
Stage 2,Gradient Boosting,0.92,0.7824244136761798,0.9576059850374065,0.33773087071240104,0.49934980494148246,0.897387438055505,2385,17,753,384
Stage 2,Gradient Boosting,0.93,0.7722520486012998,0.9661971830985916,0.3016710642040457,0.4597855227882037,0.897387438055505,2390,12,794,343
Stage 2,Gradient Boosting,0.94,0.7586888951681265,0.966996699669967,0.25769569041336854,0.40694444444444444,0.897387438055505,2392,10,844,293
Stage 2,Gradient Boosting,0.95,0.7482339643967222,0.9730769230769231,0.22251539138082674,0.36220472440944884,0.897387438055505,2395,7,884,253
Stage 3,Logistic Regression,0.05,0.3907883582933032,0.3450896929157799,0.9982409850483729,0.5128784455490285,0.9186682601789625,248,2154,2,1135
Stage 3,Logistic Regression,0.06,0.41537157389092966,0.35401002506265666,0.9938434476693052,0.5220605220605221,0.9186682601789625,340,2062,7,1130
Stage 3,Logistic Regression,0.07,0.4467363662051427,0.36624307592049526,0.9885664028144239,0.5344745601521635,0.9186682601789625,457,1945,13,1124
Stage 3,Logistic Regression,0.08,0.4764057643402091,0.37889039242219213,0.9850483729111698,0.5472758367945273,0.9186682601789625,566,1836,17,1120
Stage 3,Logistic Regression,0.09,0.5137044362814355,0.3961593172119488,0.9797713280562885,0.5641934667004305,0.9186682601789625,704,1698,23,1114
Stage 3,Logistic Regression,0.1,0.5439389658095507,0.4113053179620677,0.9727352682497801,0.5781495033978045,0.9186682601789625,819,1583,31,1106
Stage 3,Logistic Regression,0.11,0.5753037581237638,0.4286827747466875,0.9674582233948988,0.594112881447475,0.9186682601789625,936,1466,37,1100
Stage 3,Logistic Regression,0.12,0.6029951963831591,0.4455727051177904,0.9648197009674582,0.6096137816060017,0.9186682601789625,1037,1365,40,1097
Stage 3,Logistic Regression,0.13,0.6287086747668833,0.4624841034336583,0.9595426561125769,0.6241418764302059,0.9186682601789625,1134,1268,46,1091
Stage 3,Logistic Regression,0.14,0.6459451822548743,0.4746281714785652,0.9542656112576957,0.6339468302658486,0.9186682601789625,1201,1201,52,1085
Stage 3,Logistic Regression,0.15,0.6606385984741452,0.4856373429084381,0.951627088830255,0.6430906389301635,0.9186682601789625,1256,1146,55,1082
Stage 3,Logistic Regression,0.16,0.676462277479514,0.49815157116451014,0.9481090589270009,0.6531354135110573,0.9186682601789625,1316,1086,59,1078
Stage 3,Logistic Regression,0.17,0.6880474710370161,0.5077866918357716,0.9463500439753738,0.6609336609336609,0.9186682601789625,1359,1043,61,1076
Stage 3,Logistic Regression,0.18,0.6999152302910426,0.5181246979217013,0.9428320140721196,0.6687461010605116,0.9186682601789625,1405,997,65,1072
Stage 3,Logistic Regression,0.19,0.7146086465103136,0.5315136476426799,0.941952506596306,0.6795685279187818,0.9186682601789625,1458,944,66,1071
Stage 3,Logistic Regression,0.2,0.7228030517095224,0.5394337714863499,0.9384344766930519,0.6850722311396469,0.9186682601789625,1491,911,70,1067
Stage 3,Logistic Regression,0.21,0.7332579824809268,0.550025920165889,0.9331574318381706,0.6921069797782127,0.9186682601789625,1534,868,76,1061
Stage 3,Logistic Regression,0.22,0.7414523876801357,0.5587301587301587,0.9287598944591029,0.6977205153617443,0.9186682601789625,1568,834,81,1056
Stage 3,Logistic Regression,0.23,0.7496467928793444,0.5675821217016693,0.9270008795074758,0.7040748162992652,0.9186682601789625,1599,803,83,1054
Stage 3,Logistic Regression,0.24,0.7581237637750777,0.5771554091158704,0.9243623570800352,0.7106152805949966,0.9186682601789625,1632,770,86,1051
Stage 3,Logistic Regression,0.25,0.7651879061881888,0.5854748603351956,0.9217238346525946,0.7160915613255894,0.9186682601789625,1660,742,89,1048
Stage 3,Logistic Regression,0.26,0.7733823113873975,0.595224559408755,0.920844327176781,0.7230662983425414,0.9186682601789625,1690,712,90,1047
Stage 3,Logistic Regression,0.27,0.7798813224074598,0.6035879629629629,0.9173262972735268,0.7280977312390925,0.9186682601789625,1717,685,94,1043
Stage 3,Logistic Regression,0.28,0.7894885560892908,0.6159763313609468,0.9155672823218998,0.7364697559250089,0.9186682601789625,1753,649,96,1041
Stage 3,Logistic Regression,0.29,0.7940096072336819,0.6230398069963812,0.9085312225153914,0.7391771019677996,0.9186682601789625,1777,625,104,1033
Stage 3,Logistic Regression,0.3,0.7971178298954507,0.6281345565749236,0.9032541776605101,0.740981240981241,0.9186682601789625,1794,608,110,1027
Stage 3,Logistic Regression,0.31,0.800508618253744,0.6342679127725857,0.8953386103781882,0.7425237053245806,0.9186682601789625,1815,587,119,1018
Stage 3,Logistic Regression,0.32,0.8058773664877084,0.6431297709923665,0.8891820580474934,0.7464008859357697,0.9186682601789625,1841,561,126,1011
Stage 3,Logistic Regression,0.33,0.8087030234529529,0.6489637305699482,0.8812664907651715,0.7474822827303245,0.9186682601789625,1860,542,135,1002
Stage 3,Logistic Regression,0.34,0.815202034473015,0.6591957811470006,0.8795074758135444,0.7535795026375283,0.9186682601789625,1885,517,137,1000
Stage 3,Logistic Regression,0.35,0.8191579542243571,0.666443402545211,0.8751099384344767,0.7566539923954373,0.9186682601789625,1904,498,142,995
Stage 3,Logistic Regression,0.36,0.824809268154846,0.6757307953772943,0.8742304309586632,0.7622699386503068,0.9186682601789625,1925,477,143,994
Stage 3,Logistic Regression,0.37,0.8284826222096637,0.6832641770401107,0.8689533861037819,0.7650019357336431,0.9186682601789625,1944,458,149,988
Stage 3,Logistic Regression,0.38,0.8290477536027127,0.686013986013986,0.862796833773087,0.7643163225555123,0.9186682601789625,1953,449,156,981
Stage 3,Logistic Regression,0.39,0.8313082791749081,0.690677966101695,0.8601583113456465,0.7661574618096357,0.9186682601789625,1964,438,159,978
Stage 3,Logistic Regression,0.4,0.8335688047471037,0.6968390804597702,0.8531222515391381,0.7671016211941479,0.9186682601789625,1980,422,167,970
Stage 3,Logistic Regression,0.41,0.8380898558914948,0.7055393586005831,0.851363236587511,0.7716221602231965,0.9186682601789625,1998,404,169,968
Stage 3,Logistic Regression,0.42,0.842045775642837,0.7143916913946587,0.8469656992084432,0.7750503018108652,0.9186682601789625,2017,385,174,963
Stage 3,Logistic Regression,0.43,0.8431760384289347,0.7181409295352323,0.8425681618293756,0.7753945770942938,0.9186682601789625,2026,376,179,958
Stage 3,Logistic Regression,0.44,0.8460016953941791,0.7249240121580547,0.8390501319261213,0.7778230737871994,0.9186682601789625,2040,362,183,954
Stage 3,Logistic Regression,0.45,0.8513704436281435,0.7359073359073359,0.8381706244503079,0.7837171052631579,0.9186682601789625,2060,342,184,953
Stage 3,Logistic Regression,0.46,0.8533484035038147,0.7433070866141732,0.830255057167986,0.7843788948899044,0.9186682601789625,2076,326,193,944
Stage 3,Logistic Regression,0.47,0.8561740604690591,0.7516025641025641,0.8249780123131046,0.7865828092243187,0.9186682601789625,2092,310,199,938
Stage 3,Logistic Regression,0.48,0.8584345860412546,0.7576985413290114,0.8223394898856641,0.788696752425137,0.9186682601789625,2103,299,202,935
Stage 3,Logistic Regression,0.49,0.8595648488273524,0.7631578947368421,0.8161829375549692,0.7887802804929877,0.9186682601789625,2114,288,209,928
Stage 3,Logistic Regression,0.5,0.8618253743995479,0.7709030100334449,0.810905892700088,0.7903986283754822,0.9186682601789625,2128,274,215,922
Stage 3,Logistic Regression,0.51,0.8652161627578412,0.7801358234295416,0.8082673702726473,0.7939524838012959,0.9186682601789625,2143,259,218,919
Stage 3,Logistic Regression,0.52,0.8666289912404634,0.7849185946872322,0.8056288478452067,0.7951388888888888,0.9186682601789625,2151,251,221,916
Stage 3,Logistic Regression,0.53,0.8680418197230856,0.7907986111111112,0.8012313104661389,0.7959807776321538,0.9186682601789625,2161,241,226,911
Stage 3,Logistic Regression,0.54,0.8683243854196101,0.7940403155127082,0.7968337730870713,0.7954345917471466,0.9186682601789625,2167,235,231,906
Stage 3,Logistic Regression,0.55,0.8697372139022322,0.8012477718360071,0.7906772207563765,0.7959274015050908,0.9186682601789625,2179,223,238,899
Stage 3,Logistic Regression,0.56,0.8708674766883301,0.8063063063063063,0.7871591908531222,0.796617712505563,0.9186682601789625,2187,215,242,895
Stage 3,Logistic Regression,0.57,0.8725628708674766,0.8135283363802559,0.7827616534740546,0.7978484984311968,0.9186682601789625,2198,204,247,890
Stage 3,Logistic Regression,0.58,0.8722803051709522,0.8162511542012927,0.7774846086191732,0.7963963963963964,0.9186682601789625,2203,199,253,884
Stage 3,Logistic Regression,0.59,0.8731280022605256,0.8227016885553471,0.7713280562884784,0.796187017703132,0.9186682601789625,2213,189,260,877
Stage 3,Logistic Regression,0.6,0.8728454365640012,0.8293384467881112,0.7607739665787159,0.7935779816513762,0.9186682601789625,2224,178,272,865
Stage 3,Logistic Regression,0.61,0.8731280022605256,0.8333333333333334,0.7563764291996482,0.792992162286768,0.9186682601789625,2230,172,277,860
Stage 3,Logistic Regression,0.62,0.8745408307431478,0.8393731635651323,0.7537379067722075,0.794253938832252,0.9186682601789625,2238,164,280,857
Stage 3,Logistic Regression,0.63,0.87595365922577,0.8476095617529881,0.7484608619173263,0.7949556282111163,0.9186682601789625,2249,153,286,851
Stage 3,Logistic Regression,0.64,0.8751059621361966,0.8520770010131712,0.7396657871591908,0.7919020715630886,0.9186682601789625,2256,146,296,841
Stage 3,Logistic Regression,0.65,0.8722803051709522,0.8512820512820513,0.7299912049252418,0.7859848484848485,0.9186682601789625,2257,145,307,830
Stage 3,Logistic Regression,0.66,0.8725628708674766,0.8565488565488566,0.7247141600703606,0.7851357789423535,0.9186682601789625,2264,138,313,824
Stage 3,Logistic Regression,0.67,0.8742582650466233,0.8649789029535865,0.7211961301671064,0.7865707434052758,0.9186682601789625,2274,128,317,820
Stage 3,Logistic Regression,0.68,0.8736931336535745,0.8670212765957447,0.7167985927880387,0.784785748675975,0.9186682601789625,2277,125,322,815
Stage 3,Logistic Regression,0.69,0.8748233964396722,0.8763557483731019,0.7106420404573439,0.7848470131131617,0.9186682601789625,2288,114,329,808
Stage 3,Logistic Regression,0.7,0.8739756993500989,0.8800880088008801,0.7036059806508356,0.7820136852394917,0.9186682601789625,2293,109,337,800
Stage 3,Logistic Regression,0.71,0.8739756993500989,0.8843159065628476,0.6992084432717678,0.7809430255402751,0.9186682601789625,2298,104,342,795
Stage 3,Logistic Regression,0.72,0.8742582650466233,0.8896396396396397,0.6948109058927001,0.7802469135802469,0.9186682601789625,2304,98,347,790
Stage 3,Logistic Regression,0.73,0.8731280022605256,0.8944954128440367,0.6860158311345647,0.7765057242409159,0.9186682601789625,2310,92,357,780
Stage 3,Logistic Regression,0.74,0.8714326080813789,0.8946759259259259,0.6798592788038699,0.7726136931534233,0.9186682601789625,2311,91,364,773
Stage 3,Logistic Regression,0.75,0.8691720825091834,0.8964705882352941,0.6701846965699209,0.7669854051333669,0.9186682601789625,2314,88,375,762
Stage 3,Logistic Regression,0.76,0.8671941226335123,0.9003601440576231,0.6596306068601583,0.7614213197969543,0.9186682601789625,2319,83,387,750
Stage 3,Logistic Regression,0.77,0.8680418197230856,0.9085365853658537,0.6552330694810906,0.7613694430250383,0.9186682601789625,2327,75,392,745
Stage 3,Logistic Regression,0.78,0.8663464255439389,0.9119106699751861,0.6464379947229552,0.7565620174987133,0.9186682601789625,2331,71,402,735
Stage 3,Logistic Regression,0.79,0.8657812941508901,0.91375,0.6429199648197009,0.7547754259163655,0.9186682601789625,2333,69,406,731
Stage 3,Logistic Regression,0.8,0.8652161627578412,0.9166666666666666,0.6385224274406333,0.7527216174183515,0.9186682601789625,2336,66,411,726
Stage 3,Logistic Regression,0.81,0.8618253743995479,0.916452442159383,0.6270888302550571,0.7446475195822454,0.9186682601789625,2337,65,424,713
Stage 3,Logistic Regression,0.82,0.8592822831308279,0.9198423127463863,0.6156552330694811,0.7376185458377239,0.9186682601789625,2341,61,437,700
Stage 3,Logistic Regression,0.83,0.8558914947725346,0.9208053691275168,0.6033421284080914,0.7290116896918172,0.9186682601789625,2343,59,451,686
Stage 3,Logistic Regression,0.84,0.8525007064142414,0.920656634746922,0.5919085312225154,0.7205567451820128,0.9186682601789625,2344,58,464,673
Stage 3,Logistic Regression,0.85,0.8502401808420458,0.9256661991584852,0.5804749340369393,0.7135135135135136,0.9186682601789625,2349,53,477,660
Stage 3,Logistic Regression,0.86,0.8474145238768014,0.9294964028776979,0.5681618293755497,0.7052401746724891,0.9186682601789625,2353,49,491,646
Stage 3,Logistic Regression,0.87,0.8431760384289347,0.9317507418397626,0.5523306948109059,0.6935394809497515,0.9186682601789625,2356,46,509,628
Stage 3,Logistic Regression,0.88,0.8400678157671658,0.9372128637059725,0.5382585751978892,0.6837988826815642,0.9186682601789625,2361,41,525,612
Stage 3,Logistic Regression,0.89,0.834416501836677,0.936608557844691,0.5197889182058048,0.668552036199095,0.9186682601789625,2362,40,546,591
Stage 3,Logistic Regression,0.9,0.8301780163888104,0.9393442622950819,0.503957783641161,0.6559816828849456,0.9186682601789625,2365,37,564,573
Stage 3,Logistic Regression,0.91,0.8259395309409437,0.93929173693086,0.48988566402814426,0.6439306358381502,0.9186682601789625,2366,36,580,557
Stage 3,Logistic Regression,0.92,0.822266176886126,0.9440559440559441,0.47493403693931396,0.6319485078993563,0.9186682601789625,2370,32,597,540
Stage 3,Logistic Regression,0.93,0.8160497315625883,0.9516728624535316,0.45030782761653476,0.6113432835820896,0.9186682601789625,2376,26,625,512
Stage 3,Logistic Regression,0.94,0.8081378920599039,0.9561752988047809,0.42216358839050133,0.5857230018303844,0.9186682601789625,2380,22,657,480
Stage 3,Logistic Regression,0.95,0.7988132240745973,0.9629629629629629,0.3887423043095866,0.5538847117794486,0.9186682601789625,2385,17,695,442
Stage 3,Random Forest,0.05,0.38937552981068096,0.3439975624619135,0.9929639401934917,0.5109753337859244,0.9144058344812334,249,2153,8,1129
Stage 3,Random Forest,0.06,0.4150890081944052,0.35371589840075257,0.9920844327176781,0.521497919556172,0.9144058344812334,341,2061,9,1128
Stage 3,Random Forest,0.07,0.44419327493642274,0.3649967469095641,0.9868073878627969,0.5328900498693897,0.9144058344812334,450,1952,15,1122
Stage 3,Random Forest,0.08,0.4687764905340492,0.37537739013753774,0.9841688654353562,0.5434677027683341,0.9144058344812334,540,1862,18,1119
Stage 3,Random Forest,0.09,0.4950551003108223,0.38730929264909847,0.9824098504837291,0.5555831882616264,0.9144058344812334,635,1767,20,1117
Stage 3,Random Forest,0.1,0.5261373269285109,0.4024566473988439,0.9797713280562885,0.570550576184379,0.9144058344812334,748,1654,23,1114
Stage 3,Random Forest,0.11,0.5490251483469907,0.4143337066069429,0.9762532981530343,0.5817610062893082,0.9144058344812334,833,1569,27,1110
Stage 3,Random Forest,0.12,0.5730432325515682,0.42751937984496124,0.9700967458223395,0.5934893731503901,0.9144058344812334,925,1477,34,1103
Stage 3,Random Forest,0.13,0.5905623057360836,0.43789808917197454,0.9674582233948988,0.6029049054535489,0.9144058344812334,990,1412,37,1100
Stage 3,Random Forest,0.14,0.608081378920599,0.4487704918032787,0.9630606860158312,0.6122448979591837,0.9144058344812334,1057,1345,42,1095
Stage 3,Random Forest,0.15,0.6281435433738344,0.46212441811256877,0.9604221635883905,0.624,0.9144058344812334,1131,1271,45,1092
Stage 3,Random Forest,0.16,0.6515964961853631,0.4788546255506608,0.9560246262093228,0.6380980334605224,0.9144058344812334,1219,1183,50,1087
Stage 3,Random Forest,0.17,0.6645945182254874,0.48872858431018934,0.9533861037818822,0.6461997019374068,0.9144058344812334,1268,1134,53,1084
Stage 3,Random Forest,0.18,0.6832438541961006,0.503731343283582,0.9498680738786279,0.6583358732093874,0.9144058344812334,1338,1064,57,1080
Stage 3,Random Forest,0.19,0.6914382593953095,0.5107091861018562,0.9437115215479331,0.6627547869054973,0.9144058344812334,1374,1028,64,1073
Stage 3,Random Forest,0.2,0.7050014128284826,0.5227383863080685,0.940193491644679,0.671904462602137,0.9144058344812334,1426,976,68,1069
Stage 3,Random Forest,0.21,0.7157389092964114,0.532865027596588,0.9340369393139841,0.678594249201278,0.9144058344812334,1471,931,75,1062
Stage 3,Random Forest,0.22,0.7284543656400113,0.5452674897119342,0.9322779243623571,0.6880882830249919,0.9144058344812334,1518,884,77,1060
Stage 3,Random Forest,0.23,0.7383441650183667,0.5554971067859021,0.9287598944591029,0.695194206714944,0.9144058344812334,1557,845,81,1056
Stage 3,Random Forest,0.24,0.7490816614862955,0.5671159029649596,0.9252418645558487,0.7032085561497327,0.9144058344812334,1599,803,85,1052
Stage 3,Random Forest,0.25,0.7578411980785532,0.5772626931567328,0.9199648197009674,0.709393014581214,0.9144058344812334,1636,766,91,1046
Stage 3,Random Forest,0.26,0.7668833003673354,0.5883352208380521,0.9138082673702727,0.7158112297623148,0.9144058344812334,1675,727,98,1039
Stage 3,Random Forest,0.27,0.7733823113873975,0.5969889982628837,0.9067722075637643,0.7199720670391061,0.9144058344812334,1706,696,106,1031
Stage 3,Random Forest,0.28,0.7812941508900819,0.6081000595592615,0.8979771328056289,0.7251420454545454,0.9144058344812334,1744,658,116,1021
Stage 3,Random Forest,0.29,0.7886408589997175,0.6180935033394049,0.8953386103781882,0.7313218390804598,0.9144058344812334,1773,629,119,1018
Stage 3,Random Forest,0.3,0.797965526985024,0.6320400500625782,0.8883025505716798,0.7385740402193784,0.9144058344812334,1814,588,127,1010
Stage 3,Random Forest,0.31,0.8058773664877084,0.6442307692307693,0.8839050131926122,0.7452725250278087,0.9144058344812334,1847,555,132,1005
Stage 3,Random Forest,0.32,0.812658943204295,0.6551047120418848,0.8803869832893579,0.751219512195122,0.9144058344812334,1875,527,136,1001
Stage 3,Random Forest,0.33,0.8180276914382594,0.6646626586506346,0.8751099384344767,0.7555049354593774,0.9144058344812334,1900,502,142,995
Stage 3,Random Forest,0.34,0.8236790053687483,0.6750853242320819,0.8698328935795955,0.760184473481937,0.9144058344812334,1926,476,148,989
Stage 3,Random Forest,0.35,0.8287651879061881,0.6852756454989533,0.8636763412489006,0.7642023346303501,0.9144058344812334,1951,451,155,982
Stage 3,Random Forest,0.36,0.8321559762644815,0.6932384341637011,0.8566402814423922,0.7663257277734068,0.9144058344812334,1971,431,163,974
Stage 3,Random Forest,0.37,0.8372421588019214,0.704,0.851363236587511,0.7707006369426752,0.9144058344812334,1995,407,169,968
Stage 3,Random Forest,0.38,0.8403503814636903,0.7115384615384616,0.8460861917326298,0.7730012053033347,0.9144058344812334,2012,390,175,962
Stage 3,Random Forest,0.39,0.8457191296976547,0.7230188679245283,0.8425681618293756,0.7782290820471162,0.9144058344812334,2035,367,179,958
Stage 3,Random Forest,0.4,0.8448714326080814,0.7254601226993865,0.832014072119613,0.7750921753379763,0.9144058344812334,2044,358,191,946
Stage 3,Random Forest,0.41,0.8462842610907035,0.7310989867498051,0.8249780123131046,0.775206611570248,0.9144058344812334,2057,345,199,938
Stage 3,Random Forest,0.42,0.849109918055948,0.7421686746987952,0.8126649076517151,0.7758186397984886,0.9144058344812334,2081,321,213,924
Stage 3,Random Forest,0.43,0.8485447866628991,0.7457072771872445,0.8021108179419525,0.7728813559322034,0.9144058344812334,2091,311,225,912
Stage 3,Random Forest,0.44,0.8508053122350947,0.7548117154811715,0.793315743183817,0.7735849056603774,0.9144058344812334,2109,293,235,902
Stage 3,Random Forest,0.45,0.8541961005933879,0.7647058823529411,0.7889182058047494,0.7766233766233767,0.9144058344812334,2126,276,240,897
Stage 3,Random Forest,0.46,0.8575868889516812,0.773552290406223,0.7871591908531222,0.7802964254577158,0.9144058344812334,2140,262,242,895
Stage 3,Random Forest,0.47,0.8587171517377791,0.7791411042944786,0.781882145998241,0.7805092186128183,0.9144058344812334,2150,252,248,889
Stage 3,Random Forest,0.48,0.8589997174343035,0.7838078291814946,0.7748460861917327,0.7793011941618753,0.9144058344812334,2159,243,256,881
Stage 3,Random Forest,0.49,0.8612602430064991,0.7931034482758621,0.7686895338610378,0.7807056721750781,0.9144058344812334,2174,228,263,874
Stage 3,Random Forest,0.5,0.8629556371856456,0.8024118738404453,0.7607739665787159,0.781038374717833,0.9144058344812334,2189,213,272,865
Stage 3,Random Forest,0.51,0.8660638598474145,0.8112676056338028,0.7598944591029023,0.784741144414169,0.9144058344812334,2201,201,273,864
Stage 3,Random Forest,0.52,0.8677592540265612,0.8188751191611058,0.7554969217238346,0.7859103385178408,0.9144058344812334,2212,190,278,859
Stage 3,Random Forest,0.53,0.8686069511161345,0.828125,0.7458223394898856,0.7848218417399352,0.9144058344812334,2226,176,289,848
Stage 3,Random Forest,0.54,0.8688895168126589,0.8341608738828202,0.7387862796833773,0.7835820895522388,0.9144058344812334,2235,167,297,840
Stage 3,Random Forest,0.55,0.8683243854196101,0.8406091370558376,0.7282321899736148,0.7803958529688972,0.9144058344812334,2245,157,309,828
Stage 3,Random Forest,0.56,0.8669115569369878,0.8454356846473029,0.7167985927880387,0.7758210376011423,0.9144058344812334,2253,149,322,815
Stage 3,Random Forest,0.57,0.8660638598474145,0.8500527983104541,0.7080035180299032,0.772552783109405,0.9144058344812334,2260,142,332,805
Stage 3,Random Forest,0.58,0.8657812941508901,0.857451403887689,0.6983289357959542,0.7697527872031023,0.9144058344812334,2270,132,343,794
Stage 3,Random Forest,0.59,0.8677592540265612,0.8663745892661555,0.6956904133685137,0.7717073170731708,0.9144058344812334,2280,122,346,791
Stage 3,Random Forest,0.6,0.8683243854196101,0.8765432098765432,0.6868953386103782,0.7702169625246549,0.9144058344812334,2292,110,356,781
Stage 3,Random Forest,0.61,0.8674766883300368,0.8804100227790432,0.6798592788038699,0.7672456575682383,0.9144058344812334,2297,105,364,773
Stage 3,Random Forest,0.62,0.8660638598474145,0.884125144843569,0.6710642040457344,0.763,0.9144058344812334,2302,100,374,763
Stage 3,Random Forest,0.63,0.8643684656682679,0.8887573964497042,0.6605101143359718,0.7578203834510595,0.9144058344812334,2308,94,386,751
Stage 3,Random Forest,0.64,0.8623905057925968,0.892512077294686,0.6499560246262093,0.7521628498727735,0.9144058344812334,2313,89,398,739
Stage 3,Random Forest,0.65,0.8612602430064991,0.8977832512315271,0.6411609498680739,0.7480759363776296,0.9144058344812334,2319,83,408,729
Stage 3,Random Forest,0.66,0.8595648488273524,0.9040404040404041,0.6297273526824978,0.7423535510627268,0.9144058344812334,2326,76,421,716
Stage 3,Random Forest,0.67,0.8595648488273524,0.9092071611253197,0.6253298153034301,0.7410109431995832,0.9144058344812334,2331,71,426,711
Stage 3,Random Forest,0.68,0.8573043232551568,0.9157894736842105,0.6121372031662269,0.7337901950448076,0.9144058344812334,2338,64,441,696
Stage 3,Random Forest,0.69,0.8536309692003391,0.9165545087483177,0.5989445910290238,0.7244680851063829,0.9144058344812334,2340,62,456,681
Stage 3,Random Forest,0.7,0.8510878779316191,0.9212707182320442,0.5866314863676341,0.7168189145620634,0.9144058344812334,2345,57,470,667
Stage 3,Random Forest,0.71,0.8482622209663747,0.9261363636363636,0.5734388742304309,0.708310700706138,0.9144058344812334,2350,52,485,652
Stage 3,Random Forest,0.72,0.8440237355185081,0.925764192139738,0.5593667546174143,0.6973684210526315,0.9144058344812334,2351,51,501,636
Stage 3,Random Forest,0.73,0.8397852500706414,0.9279279279279279,0.5435356200527705,0.6855241264559068,0.9144058344812334,2354,48,519,618
Stage 3,Random Forest,0.74,0.8361118960158237,0.9304482225656878,0.5294635004397538,0.6748878923766816,0.9144058344812334,2357,45,535,602
Stage 3,Random Forest,0.75,0.8341339361401526,0.9337539432176656,0.5206684256816183,0.668548842461886,0.9144058344812334,2360,42,545,592
Stage 3,Random Forest,0.76,0.8304605820853348,0.9351701782820098,0.5074758135444152,0.6579247434435576,0.9144058344812334,2362,40,560,577
Stage 3,Random Forest,0.77,0.8276349251200904,0.9413735343383585,0.49428320140721194,0.6482122260668973,0.9144058344812334,2367,35,575,562
Stage 3,Random Forest,0.78,0.8239615710652727,0.9431034482758621,0.4810905892700088,0.6371578334304019,0.9144058344812334,2369,33,590,547
Stage 3,Random Forest,0.79,0.8208533484035038,0.9420035149384886,0.4714160070360598,0.6283704572098476,0.9144058344812334,2369,33,601,536
Stage 3,Random Forest,0.8,0.817179994348686,0.9422382671480144,0.45910290237467016,0.6173861620342992,0.9144058344812334,2370,32,615,522
Stage 3,Random Forest,0.81,0.8120938118112461,0.9452830188679245,0.44063324538258575,0.6010797840431914,0.9144058344812334,2373,29,636,501
Stage 3,Random Forest,0.82,0.807572760666855,0.9470588235294117,0.42480211081794195,0.5865209471766849,0.9144058344812334,2375,27,654,483
Stage 3,Random Forest,0.83,0.8044645380050862,0.9531568228105907,0.41160949868073876,0.5749385749385749,0.9144058344812334,2379,23,669,468
Stage 3,Random Forest,0.84,0.8007911839502685,0.9537815126050421,0.3992963940193492,0.5629262244265344,0.9144058344812334,2380,22,683,454
Stage 3,Random Forest,0.85,0.7971178298954507,0.9564270152505446,0.386103781882146,0.550125313283208,0.9144058344812334,2382,20,698,439
Stage 3,Random Forest,0.86,0.7940096072336819,0.9573991031390134,0.3755496921723835,0.5394819962097284,0.9144058344812334,2383,19,710,427
Stage 3,Random Forest,0.87,0.7880757276066686,0.9640287769784173,0.35356200527704484,0.5173745173745173,0.9144058344812334,2387,15,735,402
Stage 3,Random Forest,0.88,0.7818592822831308,0.9643765903307888,0.3333333333333333,0.4954248366013072,0.9144058344812334,2388,14,758,379
Stage 3,Random Forest,0.89,0.7756428369595931,0.9698630136986301,0.3113456464379947,0.47137150466045274,0.9144058344812334,2391,11,783,354
Stage 3,Random Forest,0.9,0.7694263916360554,0.9706744868035191,0.2911169744942832,0.4479025710419486,0.9144058344812334,2392,10,806,331
Stage 3,Random Forest,0.91,0.7609494207403221,0.9739413680781759,0.26297273526824977,0.41412742382271467,0.9144058344812334,2394,8,838,299
Stage 3,Random Forest,0.92,0.7513421870584911,0.9776951672862454,0.23131046613896217,0.3741109530583215,0.9144058344812334,2396,6,874,263
Stage 3,Random Forest,0.93,0.7456908731280023,0.991701244813278,0.2102022867194371,0.3468795355587808,0.9144058344812334,2400,2,898,239
Stage 3,Random Forest,0.94,0.7386267307148913,0.9907407407407407,0.1882145998240985,0.3163340724316334,0.9144058344812334,2400,2,923,214
Stage 3,Random Forest,0.95,0.7244984458886691,0.9879518072289156,0.1442392260334213,0.25172678434382195,0.9144058344812334,2400,2,973,164
Stage 3,Gradient Boosting,0.05,0.33540548177451257,0.3257814740464583,0.9991204925241864,0.4913494809688581,0.9135867427978883,51,2351,1,1136
Stage 3,Gradient Boosting,0.06,0.3560327776207968,0.33264947245017584,0.9982409850483729,0.49901077159815344,0.9135867427978883,125,2277,2,1135
Stage 3,Gradient Boosting,0.07,0.39587454083074314,0.3468013468013468,0.9964819700967458,0.5145322434150772,0.9135867427978883,268,2134,4,1133
Stage 3,Gradient Boosting,0.08,0.44645380050861827,0.3656862745098039,0.9841688654353562,0.5332380271622588,0.9135867427978883,461,1941,18,1119
Stage 3,Gradient Boosting,0.09,0.4910991805594801,0.38472222222222224,0.9744942832014072,0.5516554642768235,0.9135867427978883,630,1772,29,1108
Stage 3,Gradient Boosting,0.1,0.542808703023453,0.4106280193236715,0.9718557607739666,0.577324973876698,0.9135867427978883,816,1586,32,1105
Stage 3,Gradient Boosting,0.11,0.5829330319299237,0.43318880567599527,0.9665787159190853,0.5982580293957539,0.9135867427978883,964,1438,38,1099
Stage 3,Gradient Boosting,0.12,0.6111896015823679,0.4507216494845361,0.961301671064204,0.613700168444694,0.9135867427978883,1070,1332,44,1093
Stage 3,Gradient Boosting,0.13,0.6337948573043233,0.46592370338619804,0.9560246262093228,0.6265129682997118,0.9135867427978883,1156,1246,50,1087
Stage 3,Gradient Boosting,0.14,0.654704718847132,0.4810521622826572,0.9489885664028144,0.6384615384615384,0.9135867427978883,1238,1164,58,1079
Stage 3,Gradient Boosting,0.15,0.6736366205142695,0.4958410351201479,0.9437115215479331,0.6501060284762193,0.9135867427978883,1311,1091,64,1073
Stage 3,Gradient Boosting,0.16,0.6911556936987849,0.5105062082139447,0.940193491644679,0.6617146394305169,0.9135867427978883,1377,1025,68,1069
Stage 3,Gradient Boosting,0.17,0.7021757558632382,0.5203730976926854,0.9322779243623571,0.6679269061121613,0.9135867427978883,1425,977,77,1060
Stage 3,Gradient Boosting,0.18,0.7194122633512292,0.5365111561866126,0.93051890941073,0.680604696043744,0.9135867427978883,1488,914,79,1058
Stage 3,Gradient Boosting,0.19,0.7309974569087313,0.548051948051948,0.9278803869832893,0.6890920966688439,0.9135867427978883,1532,870,82,1055
Stage 3,Gradient Boosting,0.2,0.7408872562870867,0.5582627118644068,0.9270008795074758,0.6968595041322314,0.9135867427978883,1568,834,83,1054
Stage 3,Gradient Boosting,0.21,0.7527550155411133,0.5711183496199783,0.9252418645558487,0.706277274253105,0.9135867427978883,1612,790,85,1052
Stage 3,Gradient Boosting,0.22,0.7601017236507488,0.5798226164079823,0.9199648197009674,0.7113226793607617,0.9135867427978883,1644,758,91,1046
Stage 3,Gradient Boosting,0.23,0.7660356032777621,0.5872388481084133,0.9146877748460862,0.7152682255845942,0.9135867427978883,1671,731,97,1040
Stage 3,Gradient Boosting,0.24,0.7747951398700198,0.5983796296296297,0.909410729991205,0.7218150087260035,0.9135867427978883,1708,694,103,1034
Stage 3,Gradient Boosting,0.25,0.7812941508900819,0.6073329390892963,0.9032541776605101,0.7263083451202264,0.9135867427978883,1738,664,110,1027
Stage 3,Gradient Boosting,0.26,0.788358293303193,0.6168674698795181,0.9006156552330695,0.732213085448695,0.9135867427978883,1766,636,113,1024
Stage 3,Gradient Boosting,0.27,0.7934444758406329,0.6242350061199511,0.8970976253298153,0.7361963190184049,0.9135867427978883,1788,614,117,1020
Stage 3,Gradient Boosting,0.28,0.7965526985024018,0.6294227188081937,0.8918205804749341,0.7379912663755459,0.9135867427978883,1805,597,123,1014
Stage 3,Gradient Boosting,0.29,0.8013563153433173,0.6369949494949495,0.8874230430958663,0.7416391032708562,0.9135867427978883,1827,575,128,1009
Stage 3,Gradient Boosting,0.3,0.8047471037016106,0.6436855670103093,0.8786279683377308,0.7430271476385273,0.9135867427978883,1849,553,138,999
Stage 3,Gradient Boosting,0.31,0.8087030234529529,0.650523560209424,0.8742304309586632,0.7459662288930582,0.9135867427978883,1868,534,143,994
Stage 3,Gradient Boosting,0.32,0.812658943204295,0.6573705179282868,0.8707124010554089,0.7491486946651532,0.9135867427978883,1886,516,147,990
Stage 3,Gradient Boosting,0.33,0.8163322972591127,0.6637525218560861,0.8680738786279684,0.7522865853658537,0.9135867427978883,1902,500,150,987
Stage 3,Gradient Boosting,0.34,0.817745125741735,0.6678035470668485,0.86103781882146,0.752208989627353,0.9135867427978883,1915,487,158,979
Stage 3,Gradient Boosting,0.35,0.8214184797965527,0.6747404844290658,0.8575197889182058,0.7552285050348567,0.9135867427978883,1932,470,162,975
Stage 3,Gradient Boosting,0.36,0.8242441367617971,0.6801959412176347,0.8548812664907651,0.7575993764614185,0.9135867427978883,1945,457,165,972
Stage 3,Gradient Boosting,0.37,0.8279174908166148,0.6872340425531915,0.8522427440633246,0.7608951707891637,0.9135867427978883,1961,441,168,969
Stage 3,Gradient Boosting,0.38,0.829895450692286,0.6917562724014337,0.8487247141600703,0.7622432859399684,0.9135867427978883,1972,430,172,965
Stage 3,Gradient Boosting,0.39,0.831873410567957,0.6969476744186046,0.8434476693051891,0.7632311977715878,0.9135867427978883,1985,417,178,959
Stage 3,Gradient Boosting,0.4,0.8352641989262504,0.7042772861356932,0.8399296394019349,0.7661452065784196,0.9135867427978883,2001,401,182,955
Stage 3,Gradient Boosting,0.41,0.8363944617123481,0.7085201793721974,0.8337730870712401,0.7660606060606061,0.9135867427978883,2012,390,189,948
Stage 3,Gradient Boosting,0.42,0.839502684374117,0.7160212604403948,0.8293755496921724,0.7685411572942136,0.9135867427978883,2028,374,194,943
Stage 3,Gradient Boosting,0.43,0.8423283413393614,0.7221795855717574,0.8276165347405453,0.771311475409836,0.9135867427978883,2040,362,196,941
Stage 3,Gradient Boosting,0.44,0.8440237355185081,0.7279812938425565,0.8214599824098505,0.771900826446281,0.9135867427978883,2053,349,203,934
Stage 3,Gradient Boosting,0.45,0.8448714326080814,0.7322274881516587,0.8153034300791556,0.7715355805243446,0.9135867427978883,2063,339,210,927
Stage 3,Gradient Boosting,0.46,0.8479796552698502,0.7397918334667735,0.8126649076517151,0.7745180217937971,0.9135867427978883,2077,325,213,924
Stage 3,Gradient Boosting,0.47,0.8525007064142414,0.7502034174125305,0.810905892700088,0.779374471682164,0.9135867427978883,2095,307,215,922
Stage 3,Gradient Boosting,0.48,0.8539135348968635,0.7549342105263158,0.8073878627968337,0.7802804929876753,0.9135867427978883,2104,298,219,918
Stage 3,Gradient Boosting,0.49,0.8564566261655835,0.7627401837928154,0.802990325417766,0.7823479005998286,0.9135867427978883,2118,284,224,913
Stage 3,Gradient Boosting,0.5,0.8592822831308279,0.7705334462320068,0.8003518029903254,0.7851596203623814,0.9135867427978883,2131,271,227,910
Stage 3,Gradient Boosting,0.51,0.8626730714891212,0.7789203084832905,0.7994722955145118,0.7890625,0.9135867427978883,2144,258,228,909
Stage 3,Gradient Boosting,0.52,0.8629556371856456,0.7815198618307426,0.7959542656112577,0.7886710239651417,0.9135867427978883,2149,253,232,905
Stage 3,Gradient Boosting,0.53,0.8638033342752189,0.7850304612706701,0.793315743183817,0.7891513560804899,0.9135867427978883,2155,247,235,902
Stage 3,Gradient Boosting,0.54,0.8654987284543656,0.7917034421888791,0.7889182058047494,0.7903083700440529,0.9135867427978883,2166,236,240,897
Stage 3,Gradient Boosting,0.55,0.8666289912404634,0.7971403038427167,0.7845206684256816,0.7907801418439716,0.9135867427978883,2175,227,245,892
Stage 3,Gradient Boosting,0.56,0.8674766883300368,0.8014440433212996,0.7810026385224275,0.7910913140311804,0.9135867427978883,2182,220,249,888
Stage 3,Gradient Boosting,0.57,0.8674766883300368,0.8041894353369763,0.7766051011433597,0.7901565995525727,0.9135867427978883,2187,215,254,883
Stage 3,Gradient Boosting,0.58,0.8686069511161345,0.8134328358208955,0.7669305189094108,0.7894975101856043,0.9135867427978883,2202,200,265,872
Stage 3,Gradient Boosting,0.59,0.8691720825091834,0.8179245283018868,0.762532981530343,0.7892580791989076,0.9135867427978883,2209,193,270,867
Stage 3,Gradient Boosting,0.6,0.8694546482057078,0.8223495702005731,0.7572559366754618,0.7884615384615384,0.9135867427978883,2216,186,276,861
Stage 3,Gradient Boosting,0.61,0.8719977394744278,0.8313953488372093,0.7546174142480211,0.7911479944674965,0.9135867427978883,2228,174,279,858
Stage 3,Gradient Boosting,0.62,0.8731280022605256,0.8372549019607843,0.751099384344767,0.7918405192396848,0.9135867427978883,2236,166,283,854
Stage 3,Gradient Boosting,0.63,0.8708674766883301,0.8386454183266933,0.7405452946350044,0.7865483418963102,0.9135867427978883,2240,162,295,842
Stage 3,Gradient Boosting,0.64,0.8703023452952812,0.8403614457831325,0.7361477572559367,0.7848101265822784,0.9135867427978883,2243,159,300,837
Stage 3,Gradient Boosting,0.65,0.8697372139022322,0.84560327198364,0.7273526824978013,0.782033096926714,0.9135867427978883,2251,151,310,827
Stage 3,Gradient Boosting,0.66,0.8703023452952812,0.8523908523908524,0.7211961301671064,0.7813244402096237,0.9135867427978883,2260,142,317,820
Stage 3,Gradient Boosting,0.67,0.8697372139022322,0.8535564853556485,0.7176781002638523,0.7797419971333015,0.9135867427978883,2262,140,321,816
Stage 3,Gradient Boosting,0.68,0.8703023452952812,0.8583509513742071,0.714160070360598,0.7796447431589054,0.9135867427978883,2268,134,325,812
Stage 3,Gradient Boosting,0.69,0.8722803051709522,0.8678839957035446,0.7106420404573439,0.781431334622824,0.9135867427978883,2279,123,329,808
Stage 3,Gradient Boosting,0.7,0.8722803051709522,0.8751369112814896,0.702726473175022,0.7795121951219512,0.9135867427978883,2288,114,338,799
Stage 3,Gradient Boosting,0.71,0.8719977394744278,0.8808463251670379,0.6956904133685137,0.7773955773955774,0.9135867427978883,2295,107,346,791
Stage 3,Gradient Boosting,0.72,0.8725628708674766,0.8862612612612613,0.6921723834652594,0.777283950617284,0.9135867427978883,2301,101,350,787
Stage 3,Gradient Boosting,0.73,0.8722803051709522,0.8896473265073948,0.6877748460861918,0.7757936507936508,0.9135867427978883,2305,97,355,782
Stage 3,Gradient Boosting,0.74,0.8719977394744278,0.8931034482758621,0.683377308707124,0.7742899850523169,0.9135867427978883,2309,93,360,777
Stage 3,Gradient Boosting,0.75,0.8705849109918056,0.8961493582263711,0.6754617414248021,0.7703109327983951,0.9135867427978883,2313,89,369,768
Stage 3,Gradient Boosting,0.76,0.8705849109918056,0.8998822143698468,0.671943711521548,0.7693856998992951,0.9135867427978883,2317,85,373,764
Stage 3,Gradient Boosting,0.77,0.8700197795987568,0.9034564958283671,0.6666666666666666,0.7672064777327935,0.9135867427978883,2321,81,379,758
Stage 3,Gradient Boosting,0.78,0.8691720825091834,0.9070048309178744,0.6605101143359718,0.7643765903307888,0.9135867427978883,2325,77,386,751
Stage 3,Gradient Boosting,0.79,0.8688895168126589,0.9138991389913899,0.6534740545294635,0.762051282051282,0.9135867427978883,2332,70,394,743
Stage 3,Gradient Boosting,0.8,0.8669115569369878,0.9152119700748129,0.6455584872471416,0.7570912841670965,0.9135867427978883,2334,68,403,734
Stage 3,Gradient Boosting,0.81,0.8666289912404634,0.917189460476788,0.6429199648197009,0.7559462254395036,0.9135867427978883,2336,66,406,731
Stage 3,Gradient Boosting,0.82,0.8640858999717435,0.9173027989821882,0.6341248900615655,0.749869994799792,0.9135867427978883,2337,65,416,721
Stage 3,Gradient Boosting,0.83,0.8623905057925968,0.9198966408268734,0.6262093227792436,0.7451596023024595,0.9135867427978883,2340,62,425,712
Stage 3,Gradient Boosting,0.84,0.8606951116134501,0.9236842105263158,0.6174142480211082,0.7401159725882973,0.9135867427978883,2344,58,435,702
Stage 3,Gradient Boosting,0.85,0.8584345860412546,0.9262734584450402,0.6077396657871592,0.733935209771641,0.9135867427978883,2347,55,446,691
Stage 3,Gradient Boosting,0.86,0.8536309692003391,0.926896551724138,0.5910290237467019,0.7218045112781954,0.9135867427978883,2349,53,465,672
Stage 3,Gradient Boosting,0.87,0.8499576151455214,0.9291784702549575,0.5769569041336852,0.7118827997829625,0.9135867427978883,2352,50,481,656
Stage 3,Gradient Boosting,0.88,0.8423283413393614,0.9327354260089686,0.5488126649076517,0.6910299003322259,0.9135867427978883,2357,45,513,624
Stage 3,Gradient Boosting,0.89,0.8363944617123481,0.9332298136645962,0.5285839929639402,0.6749017405951713,0.9135867427978883,2359,43,536,601
Stage 3,Gradient Boosting,0.9,0.8287651879061881,0.933115823817292,0.5030782761653474,0.6537142857142857,0.9135867427978883,2361,41,565,572
Stage 3,Gradient Boosting,0.91,0.8217010454930771,0.9362068965517242,0.47757255936675463,0.6324985439720443,0.9135867427978883,2365,37,594,543
Stage 3,Gradient Boosting,0.92,0.8132240745973439,0.9423791821561338,0.44591029023746703,0.6053731343283583,0.9135867427978883,2371,31,630,507
Stage 3,Gradient Boosting,0.93,0.8038994066120373,0.9548254620123203,0.40897097625329815,0.5726600985221675,0.9135867427978883,2380,22,672,465
Stage 3,Gradient Boosting,0.94,0.7869454648205708,0.9636803874092009,0.3500439753737907,0.5135483870967742,0.9135867427978883,2387,15,739,398
Stage 3,Gradient Boosting,0.95,0.7694263916360554,0.9734513274336283,0.29023746701846964,0.44715447154471544,0.9135867427978883,2393,9,807,330
