Student_Index,Model_A,Model_B,Shared_Top5_Features,Top5_Jaccard,Shared_Feature_Sign_Agreement
0,Logistic Regression,Random Forest,4,0.6666666666666666,1.0
0,Logistic Regression,Gradient Boosting,4,0.6666666666666666,1.0
0,Random Forest,Gradient Boosting,4,0.6666666666666666,1.0
3,Logistic Regression,Random Forest,2,0.25,1.0
3,Logistic Regression,Gradient Boosting,2,0.25,1.0
3,Random Forest,Gradient Boosting,4,0.6666666666666666,1.0
6,Logistic Regression,Random Forest,3,0.42857142857142855,1.0
6,Logistic Regression,Gradient Boosting,3,0.42857142857142855,1.0
6,Random Forest,Gradient Boosting,4,0.6666666666666666,1.0
17,Logistic Regression,Random Forest,2,0.25,1.0
17,Logistic Regression,Gradient Boosting,2,0.25,1.0
17,Random Forest,Gradient Boosting,4,0.6666666666666666,1.0
22,Logistic Regression,Random Forest,2,0.25,1.0
22,Logistic Regression,Gradient Boosting,2,0.25,1.0
22,Random Forest,Gradient Boosting,4,0.6666666666666666,1.0
25,Logistic Regression,Random Forest,2,0.25,1.0
25,Logistic Regression,Gradient Boosting,3,0.42857142857142855,1.0
25,Random Forest,Gradient Boosting,3,0.42857142857142855,1.0
27,Logistic Regression,Random Forest,1,0.1111111111111111,0.0
27,Logistic Regression,Gradient Boosting,2,0.25,0.5
27,Random Forest,Gradient Boosting,3,0.42857142857142855,1.0
35,Logistic Regression,Random Forest,3,0.42857142857142855,1.0
35,Logistic Regression,Gradient Boosting,4,0.6666666666666666,1.0
35,Random Forest,Gradient Boosting,3,0.42857142857142855,1.0
47,Logistic Regression,Random Forest,3,0.42857142857142855,1.0
47,Logistic Regression,Gradient Boosting,3,0.42857142857142855,1.0
47,Random Forest,Gradient Boosting,4,0.6666666666666666,1.0
48,Logistic Regression,Random Forest,3,0.42857142857142855,1.0
48,Logistic Regression,Gradient Boosting,3,0.42857142857142855,1.0
48,Random Forest,Gradient Boosting,4,0.6666666666666666,1.0
49,Logistic Regression,Random Forest,2,0.25,1.0
49,Logistic Regression,Gradient Boosting,3,0.42857142857142855,1.0
49,Random Forest,Gradient Boosting,4,0.6666666666666666,1.0
51,Logistic Regression,Random Forest,3,0.42857142857142855,1.0
51,Logistic Regression,Gradient Boosting,4,0.6666666666666666,1.0
51,Random Forest,Gradient Boosting,4,0.6666666666666666,1.0
62,Logistic Regression,Random Forest,4,0.6666666666666666,1.0
62,Logistic Regression,Gradient Boosting,4,0.6666666666666666,1.0
62,Random Forest,Gradient Boosting,4,0.6666666666666666,1.0
67,Logistic Regression,Random Forest,2,0.25,1.0
67,Logistic Regression,Gradient Boosting,2,0.25,1.0
67,Random Forest,Gradient Boosting,4,0.6666666666666666,1.0
72,Logistic Regression,Random Forest,4,0.6666666666666666,1.0
72,Logistic Regression,Gradient Boosting,4,0.6666666666666666,1.0
72,Random Forest,Gradient Boosting,4,0.6666666666666666,1.0
80,Logistic Regression,Random Forest,2,0.25,1.0
80,Logistic Regression,Gradient Boosting,2,0.25,1.0
80,Random Forest,Gradient Boosting,3,0.42857142857142855,1.0
89,Logistic Regression,Random Forest,4,0.6666666666666666,1.0
89,Logistic Regression,Gradient Boosting,4,0.6666666666666666,1.0
89,Random Forest,Gradient Boosting,4,0.6666666666666666,1.0
90,Logistic Regression,Random Forest,5,1.0,0.8
90,Logistic Regression,Gradient Boosting,3,0.42857142857142855,1.0
90,Random Forest,Gradient Boosting,3,0.42857142857142855,1.0
110,Logistic Regression,Random Forest,3,0.42857142857142855,1.0
110,Logistic Regression,Gradient Boosting,4,0.6666666666666666,1.0
110,Random Forest,Gradient Boosting,4,0.6666666666666666,1.0
128,Logistic Regression,Random Forest,3,0.42857142857142855,1.0
128,Logistic Regression,Gradient Boosting,4,0.6666666666666666,1.0
128,Random Forest,Gradient Boosting,4,0.6666666666666666,1.0
129,Logistic Regression,Random Forest,2,0.25,1.0
129,Logistic Regression,Gradient Boosting,2,0.25,1.0
129,Random Forest,Gradient Boosting,4,0.6666666666666666,1.0
133,Logistic Regression,Random Forest,2,0.25,1.0
133,Logistic Regression,Gradient Boosting,2,0.25,1.0
133,Random Forest,Gradient Boosting,4,0.6666666666666666,1.0
137,Logistic Regression,Random Forest,3,0.42857142857142855,1.0
137,Logistic Regression,Gradient Boosting,3,0.42857142857142855,1.0
137,Random Forest,Gradient Boosting,3,0.42857142857142855,1.0
140,Logistic Regression,Random Forest,2,0.25,1.0
140,Logistic Regression,Gradient Boosting,2,0.25,1.0
140,Random Forest,Gradient Boosting,3,0.42857142857142855,1.0
145,Logistic Regression,Random Forest,3,0.42857142857142855,1.0
145,Logistic Regression,Gradient Boosting,4,0.6666666666666666,1.0
145,Random Forest,Gradient Boosting,3,0.42857142857142855,1.0
161,Logistic Regression,Random Forest,3,0.42857142857142855,1.0
161,Logistic Regression,Gradient Boosting,3,0.42857142857142855,1.0
161,Random Forest,Gradient Boosting,4,0.6666666666666666,1.0
164,Logistic Regression,Random Forest,1,0.1111111111111111,1.0
164,Logistic Regression,Gradient Boosting,2,0.25,1.0
164,Random Forest,Gradient Boosting,3,0.42857142857142855,1.0
167,Logistic Regression,Random Forest,3,0.42857142857142855,0.6666666666666666
167,Logistic Regression,Gradient Boosting,3,0.42857142857142855,0.6666666666666666
167,Random Forest,Gradient Boosting,5,1.0,1.0
169,Logistic Regression,Random Forest,2,0.25,1.0
169,Logistic Regression,Gradient Boosting,3,0.42857142857142855,1.0
169,Random Forest,Gradient Boosting,4,0.6666666666666666,1.0
171,Logistic Regression,Random Forest,2,0.25,1.0
171,Logistic Regression,Gradient Boosting,2,0.25,1.0
171,Random Forest,Gradient Boosting,4,0.6666666666666666,1.0
180,Logistic Regression,Random Forest,2,0.25,1.0
180,Logistic Regression,Gradient Boosting,3,0.42857142857142855,1.0
180,Random Forest,Gradient Boosting,3,0.42857142857142855,1.0
187,Logistic Regression,Random Forest,2,0.25,1.0
187,Logistic Regression,Gradient Boosting,3,0.42857142857142855,1.0
187,Random Forest,Gradient Boosting,3,0.42857142857142855,1.0
191,Logistic Regression,Random Forest,2,0.25,1.0
191,Logistic Regression,Gradient Boosting,3,0.42857142857142855,1.0
191,Random Forest,Gradient Boosting,3,0.42857142857142855,1.0
192,Logistic Regression,Random Forest,3,0.42857142857142855,1.0
192,Logistic Regression,Gradient Boosting,3,0.42857142857142855,1.0
192,Random Forest,Gradient Boosting,3,0.42857142857142855,1.0
205,Logistic Regression,Random Forest,4,0.6666666666666666,1.0
205,Logistic Regression,Gradient Boosting,3,0.42857142857142855,1.0
205,Random Forest,Gradient Boosting,4,0.6666666666666666,1.0
208,Logistic Regression,Random Forest,3,0.42857142857142855,1.0
208,Logistic Regression,Gradient Boosting,3,0.42857142857142855,1.0
208,Random Forest,Gradient Boosting,4,0.6666666666666666,1.0
220,Logistic Regression,Random Forest,1,0.1111111111111111,1.0
220,Logistic Regression,Gradient Boosting,2,0.25,1.0
220,Random Forest,Gradient Boosting,3,0.42857142857142855,1.0
221,Logistic Regression,Random Forest,3,0.42857142857142855,1.0
221,Logistic Regression,Gradient Boosting,3,0.42857142857142855,1.0
221,Random Forest,Gradient Boosting,3,0.42857142857142855,1.0
222,Logistic Regression,Random Forest,2,0.25,1.0
222,Logistic Regression,Gradient Boosting,3,0.42857142857142855,1.0
222,Random Forest,Gradient Boosting,4,0.6666666666666666,1.0
229,Logistic Regression,Random Forest,3,0.42857142857142855,1.0
229,Logistic Regression,Gradient Boosting,3,0.42857142857142855,1.0
229,Random Forest,Gradient Boosting,4,0.6666666666666666,1.0
230,Logistic Regression,Random Forest,2,0.25,1.0
230,Logistic Regression,Gradient Boosting,3,0.42857142857142855,1.0
230,Random Forest,Gradient Boosting,4,0.6666666666666666,1.0
239,Logistic Regression,Random Forest,4,0.6666666666666666,1.0
239,Logistic Regression,Gradient Boosting,4,0.6666666666666666,1.0
239,Random Forest,Gradient Boosting,4,0.6666666666666666,1.0
246,Logistic Regression,Random Forest,3,0.42857142857142855,1.0
246,Logistic Regression,Gradient Boosting,3,0.42857142857142855,1.0
246,Random Forest,Gradient Boosting,3,0.42857142857142855,1.0
247,Logistic Regression,Random Forest,4,0.6666666666666666,1.0
247,Logistic Regression,Gradient Boosting,4,0.6666666666666666,1.0
247,Random Forest,Gradient Boosting,5,1.0,1.0
251,Logistic Regression,Random Forest,2,0.25,1.0
251,Logistic Regression,Gradient Boosting,3,0.42857142857142855,1.0
251,Random Forest,Gradient Boosting,4,0.6666666666666666,1.0
255,Logistic Regression,Random Forest,4,0.6666666666666666,1.0
255,Logistic Regression,Gradient Boosting,4,0.6666666666666666,1.0
255,Random Forest,Gradient Boosting,5,1.0,1.0
257,Logistic Regression,Random Forest,2,0.25,1.0
257,Logistic Regression,Gradient Boosting,2,0.25,1.0
257,Random Forest,Gradient Boosting,4,0.6666666666666666,1.0
266,Logistic Regression,Random Forest,3,0.42857142857142855,1.0
266,Logistic Regression,Gradient Boosting,4,0.6666666666666666,1.0
266,Random Forest,Gradient Boosting,3,0.42857142857142855,1.0
269,Logistic Regression,Random Forest,3,0.42857142857142855,1.0
269,Logistic Regression,Gradient Boosting,3,0.42857142857142855,1.0
269,Random Forest,Gradient Boosting,4,0.6666666666666666,1.0
270,Logistic Regression,Random Forest,2,0.25,1.0
270,Logistic Regression,Gradient Boosting,3,0.42857142857142855,1.0
270,Random Forest,Gradient Boosting,4,0.6666666666666666,1.0
277,Logistic Regression,Random Forest,3,0.42857142857142855,1.0
277,Logistic Regression,Gradient Boosting,4,0.6666666666666666,1.0
277,Random Forest,Gradient Boosting,3,0.42857142857142855,1.0
280,Logistic Regression,Random Forest,2,0.25,0.5
280,Logistic Regression,Gradient Boosting,3,0.42857142857142855,0.6666666666666666
280,Random Forest,Gradient Boosting,4,0.6666666666666666,1.0
283,Logistic Regression,Random Forest,2,0.25,1.0
283,Logistic Regression,Gradient Boosting,2,0.25,1.0
283,Random Forest,Gradient Boosting,3,0.42857142857142855,1.0
284,Logistic Regression,Random Forest,2,0.25,1.0
284,Logistic Regression,Gradient Boosting,3,0.42857142857142855,1.0
284,Random Forest,Gradient Boosting,3,0.42857142857142855,1.0
285,Logistic Regression,Random Forest,2,0.25,1.0
285,Logistic Regression,Gradient Boosting,2,0.25,1.0
285,Random Forest,Gradient Boosting,4,0.6666666666666666,1.0
289,Logistic Regression,Random Forest,3,0.42857142857142855,1.0
289,Logistic Regression,Gradient Boosting,2,0.25,1.0
289,Random Forest,Gradient Boosting,3,0.42857142857142855,1.0
300,Logistic Regression,Random Forest,2,0.25,1.0
300,Logistic Regression,Gradient Boosting,2,0.25,1.0
300,Random Forest,Gradient Boosting,4,0.6666666666666666,1.0
311,Logistic Regression,Random Forest,4,0.6666666666666666,1.0
311,Logistic Regression,Gradient Boosting,3,0.42857142857142855,1.0
311,Random Forest,Gradient Boosting,3,0.42857142857142855,1.0
315,Logistic Regression,Random Forest,2,0.25,1.0
315,Logistic Regression,Gradient Boosting,4,0.6666666666666666,1.0
315,Random Forest,Gradient Boosting,2,0.25,1.0
325,Logistic Regression,Random Forest,2,0.25,1.0
325,Logistic Regression,Gradient Boosting,2,0.25,1.0
325,Random Forest,Gradient Boosting,4,0.6666666666666666,1.0
333,Logistic Regression,Random Forest,3,0.42857142857142855,1.0
333,Logistic Regression,Gradient Boosting,3,0.42857142857142855,1.0
333,Random Forest,Gradient Boosting,4,0.6666666666666666,1.0
337,Logistic Regression,Random Forest,3,0.42857142857142855,1.0
337,Logistic Regression,Gradient Boosting,3,0.42857142857142855,1.0
337,Random Forest,Gradient Boosting,4,0.6666666666666666,1.0
341,Logistic Regression,Random Forest,4,0.6666666666666666,1.0
341,Logistic Regression,Gradient Boosting,3,0.42857142857142855,1.0
341,Random Forest,Gradient Boosting,4,0.6666666666666666,1.0
346,Logistic Regression,Random Forest,2,0.25,1.0
346,Logistic Regression,Gradient Boosting,3,0.42857142857142855,1.0
346,Random Forest,Gradient Boosting,3,0.42857142857142855,1.0
360,Logistic Regression,Random Forest,3,0.42857142857142855,1.0
360,Logistic Regression,Gradient Boosting,3,0.42857142857142855,1.0
360,Random Forest,Gradient Boosting,5,1.0,1.0
363,Logistic Regression,Random Forest,2,0.25,1.0
363,Logistic Regression,Gradient Boosting,3,0.42857142857142855,1.0
363,Random Forest,Gradient Boosting,4,0.6666666666666666,1.0
367,Logistic Regression,Random Forest,2,0.25,1.0
367,Logistic Regression,Gradient Boosting,3,0.42857142857142855,1.0
367,Random Forest,Gradient Boosting,4,0.6666666666666666,1.0
380,Logistic Regression,Random Forest,2,0.25,1.0
380,Logistic Regression,Gradient Boosting,2,0.25,1.0
380,Random Forest,Gradient Boosting,4,0.6666666666666666,1.0
387,Logistic Regression,Random Forest,2,0.25,1.0
387,Logistic Regression,Gradient Boosting,3,0.42857142857142855,1.0
387,Random Forest,Gradient Boosting,3,0.42857142857142855,1.0
393,Logistic Regression,Random Forest,3,0.42857142857142855,1.0
393,Logistic Regression,Gradient Boosting,3,0.42857142857142855,1.0
393,Random Forest,Gradient Boosting,5,1.0,1.0
400,Logistic Regression,Random Forest,1,0.1111111111111111,1.0
400,Logistic Regression,Gradient Boosting,2,0.25,0.5
400,Random Forest,Gradient Boosting,3,0.42857142857142855,1.0
408,Logistic Regression,Random Forest,3,0.42857142857142855,1.0
408,Logistic Regression,Gradient Boosting,4,0.6666666666666666,1.0
408,Random Forest,Gradient Boosting,3,0.42857142857142855,1.0
417,Logistic Regression,Random Forest,2,0.25,1.0
417,Logistic Regression,Gradient Boosting,3,0.42857142857142855,1.0
417,Random Forest,Gradient Boosting,4,0.6666666666666666,1.0
429,Logistic Regression,Random Forest,2,0.25,0.5
429,Logistic Regression,Gradient Boosting,2,0.25,0.5
429,Random Forest,Gradient Boosting,5,1.0,1.0
444,Logistic Regression,Random Forest,1,0.1111111111111111,0.0
444,Logistic Regression,Gradient Boosting,3,0.42857142857142855,0.6666666666666666
444,Random Forest,Gradient Boosting,3,0.42857142857142855,1.0
450,Logistic Regression,Random Forest,2,0.25,1.0
450,Logistic Regression,Gradient Boosting,2,0.25,1.0
450,Random Forest,Gradient Boosting,4,0.6666666666666666,1.0
452,Logistic Regression,Random Forest,2,0.25,1.0
452,Logistic Regression,Gradient Boosting,2,0.25,1.0
452,Random Forest,Gradient Boosting,4,0.6666666666666666,1.0
477,Logistic Regression,Random Forest,2,0.25,1.0
477,Logistic Regression,Gradient Boosting,4,0.6666666666666666,1.0
477,Random Forest,Gradient Boosting,3,0.42857142857142855,1.0
478,Logistic Regression,Random Forest,3,0.42857142857142855,1.0
478,Logistic Regression,Gradient Boosting,3,0.42857142857142855,1.0
478,Random Forest,Gradient Boosting,4,0.6666666666666666,1.0
486,Logistic Regression,Random Forest,3,0.42857142857142855,0.6666666666666666
486,Logistic Regression,Gradient Boosting,3,0.42857142857142855,0.6666666666666666
486,Random Forest,Gradient Boosting,5,1.0,1.0
487,Logistic Regression,Random Forest,2,0.25,1.0
487,Logistic Regression,Gradient Boosting,2,0.25,0.5
487,Random Forest,Gradient Boosting,4,0.6666666666666666,1.0
494,Logistic Regression,Random Forest,2,0.25,1.0
494,Logistic Regression,Gradient Boosting,3,0.42857142857142855,1.0
494,Random Forest,Gradient Boosting,3,0.42857142857142855,1.0
495,Logistic Regression,Random Forest,4,0.6666666666666666,1.0
495,Logistic Regression,Gradient Boosting,4,0.6666666666666666,1.0
495,Random Forest,Gradient Boosting,5,1.0,1.0
496,Logistic Regression,Random Forest,3,0.42857142857142855,1.0
496,Logistic Regression,Gradient Boosting,3,0.42857142857142855,1.0
496,Random Forest,Gradient Boosting,4,0.6666666666666666,1.0
506,Logistic Regression,Random Forest,2,0.25,1.0
506,Logistic Regression,Gradient Boosting,2,0.25,1.0
506,Random Forest,Gradient Boosting,4,0.6666666666666666,1.0
507,Logistic Regression,Random Forest,3,0.42857142857142855,1.0
507,Logistic Regression,Gradient Boosting,3,0.42857142857142855,1.0
507,Random Forest,Gradient Boosting,4,0.6666666666666666,1.0
513,Logistic Regression,Random Forest,4,0.6666666666666666,1.0
513,Logistic Regression,Gradient Boosting,4,0.6666666666666666,1.0
513,Random Forest,Gradient Boosting,4,0.6666666666666666,1.0
531,Logistic Regression,Random Forest,4,0.6666666666666666,0.75
531,Logistic Regression,Gradient Boosting,3,0.42857142857142855,1.0
531,Random Forest,Gradient Boosting,3,0.42857142857142855,1.0
534,Logistic Regression,Random Forest,4,0.6666666666666666,1.0
534,Logistic Regression,Gradient Boosting,2,0.25,1.0
534,Random Forest,Gradient Boosting,3,0.42857142857142855,1.0
535,Logistic Regression,Random Forest,2,0.25,1.0
535,Logistic Regression,Gradient Boosting,3,0.42857142857142855,1.0
535,Random Forest,Gradient Boosting,4,0.6666666666666666,1.0
540,Logistic Regression,Random Forest,2,0.25,1.0
540,Logistic Regression,Gradient Boosting,2,0.25,1.0
540,Random Forest,Gradient Boosting,4,0.6666666666666666,1.0
541,Logistic Regression,Random Forest,1,0.1111111111111111,1.0
541,Logistic Regression,Gradient Boosting,1,0.1111111111111111,1.0
541,Random Forest,Gradient Boosting,3,0.42857142857142855,1.0
542,Logistic Regression,Random Forest,3,0.42857142857142855,1.0
542,Logistic Regression,Gradient Boosting,3,0.42857142857142855,1.0
542,Random Forest,Gradient Boosting,4,0.6666666666666666,1.0
544,Logistic Regression,Random Forest,2,0.25,1.0
544,Logistic Regression,Gradient Boosting,2,0.25,1.0
544,Random Forest,Gradient Boosting,3,0.42857142857142855,1.0
545,Logistic Regression,Random Forest,0,0.0,
545,Logistic Regression,Gradient Boosting,2,0.25,1.0
545,Random Forest,Gradient Boosting,2,0.25,1.0
548,Logistic Regression,Random Forest,2,0.25,1.0
548,Logistic Regression,Gradient Boosting,2,0.25,1.0
548,Random Forest,Gradient Boosting,3,0.42857142857142855,1.0
564,Logistic Regression,Random Forest,2,0.25,1.0
564,Logistic Regression,Gradient Boosting,2,0.25,1.0
564,Random Forest,Gradient Boosting,4,0.6666666666666666,1.0
567,Logistic Regression,Random Forest,4,0.6666666666666666,1.0
567,Logistic Regression,Gradient Boosting,3,0.42857142857142855,1.0
567,Random Forest,Gradient Boosting,3,0.42857142857142855,1.0
573,Logistic Regression,Random Forest,2,0.25,1.0
573,Logistic Regression,Gradient Boosting,3,0.42857142857142855,1.0
573,Random Forest,Gradient Boosting,4,0.6666666666666666,1.0
574,Logistic Regression,Random Forest,4,0.6666666666666666,1.0
574,Logistic Regression,Gradient Boosting,4,0.6666666666666666,1.0
574,Random Forest,Gradient Boosting,5,1.0,1.0
618,Logistic Regression,Random Forest,3,0.42857142857142855,1.0
618,Logistic Regression,Gradient Boosting,3,0.42857142857142855,1.0
618,Random Forest,Gradient Boosting,4,0.6666666666666666,1.0
623,Logistic Regression,Random Forest,3,0.42857142857142855,1.0
623,Logistic Regression,Gradient Boosting,3,0.42857142857142855,1.0
623,Random Forest,Gradient Boosting,4,0.6666666666666666,1.0
625,Logistic Regression,Random Forest,3,0.42857142857142855,1.0
625,Logistic Regression,Gradient Boosting,3,0.42857142857142855,1.0
625,Random Forest,Gradient Boosting,3,0.42857142857142855,1.0
629,Logistic Regression,Random Forest,2,0.25,1.0
629,Logistic Regression,Gradient Boosting,2,0.25,1.0
629,Random Forest,Gradient Boosting,4,0.6666666666666666,1.0
636,Logistic Regression,Random Forest,3,0.42857142857142855,1.0
636,Logistic Regression,Gradient Boosting,3,0.42857142857142855,1.0
636,Random Forest,Gradient Boosting,4,0.6666666666666666,1.0
641,Logistic Regression,Random Forest,2,0.25,1.0
641,Logistic Regression,Gradient Boosting,3,0.42857142857142855,1.0
641,Random Forest,Gradient Boosting,4,0.6666666666666666,1.0
644,Logistic Regression,Random Forest,4,0.6666666666666666,1.0
644,Logistic Regression,Gradient Boosting,5,1.0,1.0
644,Random Forest,Gradient Boosting,4,0.6666666666666666,1.0
647,Logistic Regression,Random Forest,1,0.1111111111111111,1.0
647,Logistic Regression,Gradient Boosting,2,0.25,1.0
647,Random Forest,Gradient Boosting,4,0.6666666666666666,1.0
659,Logistic Regression,Random Forest,4,0.6666666666666666,0.75
659,Logistic Regression,Gradient Boosting,3,0.42857142857142855,1.0
659,Random Forest,Gradient Boosting,3,0.42857142857142855,1.0
661,Logistic Regression,Random Forest,1,0.1111111111111111,1.0
661,Logistic Regression,Gradient Boosting,2,0.25,1.0
661,Random Forest,Gradient Boosting,3,0.42857142857142855,1.0
662,Logistic Regression,Random Forest,2,0.25,1.0
662,Logistic Regression,Gradient Boosting,2,0.25,1.0
662,Random Forest,Gradient Boosting,4,0.6666666666666666,1.0
667,Logistic Regression,Random Forest,2,0.25,1.0
667,Logistic Regression,Gradient Boosting,3,0.42857142857142855,1.0
667,Random Forest,Gradient Boosting,3,0.42857142857142855,1.0
673,Logistic Regression,Random Forest,4,0.6666666666666666,1.0
673,Logistic Regression,Gradient Boosting,3,0.42857142857142855,1.0
673,Random Forest,Gradient Boosting,4,0.6666666666666666,1.0
677,Logistic Regression,Random Forest,2,0.25,1.0
677,Logistic Regression,Gradient Boosting,3,0.42857142857142855,0.6666666666666666
677,Random Forest,Gradient Boosting,3,0.42857142857142855,1.0
678,Logistic Regression,Random Forest,3,0.42857142857142855,1.0
678,Logistic Regression,Gradient Boosting,3,0.42857142857142855,1.0
678,Random Forest,Gradient Boosting,3,0.42857142857142855,1.0
681,Logistic Regression,Random Forest,4,0.6666666666666666,1.0
681,Logistic Regression,Gradient Boosting,4,0.6666666666666666,1.0
681,Random Forest,Gradient Boosting,3,0.42857142857142855,1.0
685,Logistic Regression,Random Forest,3,0.42857142857142855,1.0
685,Logistic Regression,Gradient Boosting,4,0.6666666666666666,1.0
685,Random Forest,Gradient Boosting,3,0.42857142857142855,1.0
689,Logistic Regression,Random Forest,3,0.42857142857142855,1.0
689,Logistic Regression,Gradient Boosting,4,0.6666666666666666,1.0
689,Random Forest,Gradient Boosting,4,0.6666666666666666,1.0
696,Logistic Regression,Random Forest,3,0.42857142857142855,1.0
696,Logistic Regression,Gradient Boosting,4,0.6666666666666666,1.0
696,Random Forest,Gradient Boosting,3,0.42857142857142855,1.0
698,Logistic Regression,Random Forest,2,0.25,1.0
698,Logistic Regression,Gradient Boosting,3,0.42857142857142855,1.0
698,Random Forest,Gradient Boosting,3,0.42857142857142855,1.0
706,Logistic Regression,Random Forest,2,0.25,1.0
706,Logistic Regression,Gradient Boosting,4,0.6666666666666666,1.0
706,Random Forest,Gradient Boosting,3,0.42857142857142855,1.0
711,Logistic Regression,Random Forest,3,0.42857142857142855,1.0
711,Logistic Regression,Gradient Boosting,3,0.42857142857142855,1.0
711,Random Forest,Gradient Boosting,3,0.42857142857142855,1.0
716,Logistic Regression,Random Forest,2,0.25,1.0
716,Logistic Regression,Gradient Boosting,3,0.42857142857142855,1.0
716,Random Forest,Gradient Boosting,2,0.25,1.0
721,Logistic Regression,Random Forest,2,0.25,1.0
721,Logistic Regression,Gradient Boosting,2,0.25,1.0
721,Random Forest,Gradient Boosting,3,0.42857142857142855,1.0
730,Logistic Regression,Random Forest,4,0.6666666666666666,1.0
730,Logistic Regression,Gradient Boosting,4,0.6666666666666666,1.0
730,Random Forest,Gradient Boosting,4,0.6666666666666666,1.0
734,Logistic Regression,Random Forest,3,0.42857142857142855,1.0
734,Logistic Regression,Gradient Boosting,4,0.6666666666666666,1.0
734,Random Forest,Gradient Boosting,4,0.6666666666666666,1.0
744,Logistic Regression,Random Forest,2,0.25,1.0
744,Logistic Regression,Gradient Boosting,2,0.25,1.0
744,Random Forest,Gradient Boosting,3,0.42857142857142855,1.0
748,Logistic Regression,Random Forest,3,0.42857142857142855,1.0
748,Logistic Regression,Gradient Boosting,3,0.42857142857142855,1.0
748,Random Forest,Gradient Boosting,4,0.6666666666666666,1.0
750,Logistic Regression,Random Forest,1,0.1111111111111111,1.0
750,Logistic Regression,Gradient Boosting,2,0.25,1.0
750,Random Forest,Gradient Boosting,2,0.25,1.0
757,Logistic Regression,Random Forest,3,0.42857142857142855,1.0
757,Logistic Regression,Gradient Boosting,4,0.6666666666666666,1.0
757,Random Forest,Gradient Boosting,3,0.42857142857142855,1.0
760,Logistic Regression,Random Forest,2,0.25,1.0
760,Logistic Regression,Gradient Boosting,3,0.42857142857142855,1.0
760,Random Forest,Gradient Boosting,3,0.42857142857142855,1.0
764,Logistic Regression,Random Forest,2,0.25,1.0
764,Logistic Regression,Gradient Boosting,3,0.42857142857142855,1.0
764,Random Forest,Gradient Boosting,4,0.6666666666666666,1.0
774,Logistic Regression,Random Forest,3,0.42857142857142855,0.6666666666666666
774,Logistic Regression,Gradient Boosting,3,0.42857142857142855,0.6666666666666666
774,Random Forest,Gradient Boosting,5,1.0,1.0
779,Logistic Regression,Random Forest,3,0.42857142857142855,1.0
779,Logistic Regression,Gradient Boosting,3,0.42857142857142855,1.0
779,Random Forest,Gradient Boosting,4,0.6666666666666666,1.0
780,Logistic Regression,Random Forest,4,0.6666666666666666,1.0
780,Logistic Regression,Gradient Boosting,4,0.6666666666666666,1.0
780,Random Forest,Gradient Boosting,4,0.6666666666666666,1.0
787,Logistic Regression,Random Forest,3,0.42857142857142855,1.0
787,Logistic Regression,Gradient Boosting,3,0.42857142857142855,1.0
787,Random Forest,Gradient Boosting,3,0.42857142857142855,1.0
794,Logistic Regression,Random Forest,2,0.25,1.0
794,Logistic Regression,Gradient Boosting,3,0.42857142857142855,1.0
794,Random Forest,Gradient Boosting,4,0.6666666666666666,1.0
800,Logistic Regression,Random Forest,4,0.6666666666666666,0.75
800,Logistic Regression,Gradient Boosting,3,0.42857142857142855,1.0
800,Random Forest,Gradient Boosting,4,0.6666666666666666,1.0
807,Logistic Regression,Random Forest,4,0.6666666666666666,1.0
807,Logistic Regression,Gradient Boosting,3,0.42857142857142855,1.0
807,Random Forest,Gradient Boosting,4,0.6666666666666666,1.0
808,Logistic Regression,Random Forest,4,0.6666666666666666,0.75
808,Logistic Regression,Gradient Boosting,3,0.42857142857142855,1.0
808,Random Forest,Gradient Boosting,3,0.42857142857142855,1.0
810,Logistic Regression,Random Forest,4,0.6666666666666666,1.0
810,Logistic Regression,Gradient Boosting,4,0.6666666666666666,1.0
810,Random Forest,Gradient Boosting,4,0.6666666666666666,1.0
818,Logistic Regression,Random Forest,4,0.6666666666666666,1.0
818,Logistic Regression,Gradient Boosting,3,0.42857142857142855,1.0
818,Random Forest,Gradient Boosting,4,0.6666666666666666,1.0
823,Logistic Regression,Random Forest,3,0.42857142857142855,1.0
823,Logistic Regression,Gradient Boosting,4,0.6666666666666666,1.0
823,Random Forest,Gradient Boosting,4,0.6666666666666666,1.0
835,Logistic Regression,Random Forest,1,0.1111111111111111,1.0
835,Logistic Regression,Gradient Boosting,2,0.25,1.0
835,Random Forest,Gradient Boosting,3,0.42857142857142855,1.0
839,Logistic Regression,Random Forest,1,0.1111111111111111,1.0
839,Logistic Regression,Gradient Boosting,1,0.1111111111111111,1.0
839,Random Forest,Gradient Boosting,3,0.42857142857142855,1.0
840,Logistic Regression,Random Forest,4,0.6666666666666666,1.0
840,Logistic Regression,Gradient Boosting,5,1.0,1.0
840,Random Forest,Gradient Boosting,4,0.6666666666666666,1.0
842,Logistic Regression,Random Forest,3,0.42857142857142855,1.0
842,Logistic Regression,Gradient Boosting,3,0.42857142857142855,1.0
842,Random Forest,Gradient Boosting,3,0.42857142857142855,1.0
850,Logistic Regression,Random Forest,2,0.25,1.0
850,Logistic Regression,Gradient Boosting,2,0.25,1.0
850,Random Forest,Gradient Boosting,3,0.42857142857142855,1.0
855,Logistic Regression,Random Forest,2,0.25,1.0
855,Logistic Regression,Gradient Boosting,2,0.25,1.0
855,Random Forest,Gradient Boosting,4,0.6666666666666666,1.0
866,Logistic Regression,Random Forest,3,0.42857142857142855,1.0
866,Logistic Regression,Gradient Boosting,3,0.42857142857142855,1.0
866,Random Forest,Gradient Boosting,4,0.6666666666666666,1.0
869,Logistic Regression,Random Forest,4,0.6666666666666666,1.0
869,Logistic Regression,Gradient Boosting,3,0.42857142857142855,1.0
869,Random Forest,Gradient Boosting,3,0.42857142857142855,1.0
872,Logistic Regression,Random Forest,2,0.25,1.0
872,Logistic Regression,Gradient Boosting,3,0.42857142857142855,1.0
872,Random Forest,Gradient Boosting,4,0.6666666666666666,1.0
874,Logistic Regression,Random Forest,2,0.25,1.0
874,Logistic Regression,Gradient Boosting,2,0.25,0.5
874,Random Forest,Gradient Boosting,2,0.25,1.0
885,Logistic Regression,Random Forest,3,0.42857142857142855,1.0
885,Logistic Regression,Gradient Boosting,4,0.6666666666666666,1.0
885,Random Forest,Gradient Boosting,4,0.6666666666666666,1.0
887,Logistic Regression,Random Forest,4,0.6666666666666666,1.0
887,Logistic Regression,Gradient Boosting,4,0.6666666666666666,1.0
887,Random Forest,Gradient Boosting,4,0.6666666666666666,1.0
892,Logistic Regression,Random Forest,3,0.42857142857142855,1.0
892,Logistic Regression,Gradient Boosting,3,0.42857142857142855,1.0
892,Random Forest,Gradient Boosting,4,0.6666666666666666,1.0
894,Logistic Regression,Random Forest,2,0.25,1.0
894,Logistic Regression,Gradient Boosting,3,0.42857142857142855,1.0
894,Random Forest,Gradient Boosting,3,0.42857142857142855,1.0
896,Logistic Regression,Random Forest,2,0.25,1.0
896,Logistic Regression,Gradient Boosting,2,0.25,1.0
896,Random Forest,Gradient Boosting,4,0.6666666666666666,1.0
902,Logistic Regression,Random Forest,2,0.25,1.0
902,Logistic Regression,Gradient Boosting,2,0.25,1.0
902,Random Forest,Gradient Boosting,5,1.0,1.0
905,Logistic Regression,Random Forest,2,0.25,1.0
905,Logistic Regression,Gradient Boosting,3,0.42857142857142855,1.0
905,Random Forest,Gradient Boosting,4,0.6666666666666666,1.0
906,Logistic Regression,Random Forest,4,0.6666666666666666,0.75
906,Logistic Regression,Gradient Boosting,3,0.42857142857142855,1.0
906,Random Forest,Gradient Boosting,3,0.42857142857142855,1.0
911,Logistic Regression,Random Forest,1,0.1111111111111111,1.0
911,Logistic Regression,Gradient Boosting,2,0.25,1.0
911,Random Forest,Gradient Boosting,4,0.6666666666666666,1.0
916,Logistic Regression,Random Forest,3,0.42857142857142855,1.0
916,Logistic Regression,Gradient Boosting,4,0.6666666666666666,1.0
916,Random Forest,Gradient Boosting,4,0.6666666666666666,1.0
919,Logistic Regression,Random Forest,3,0.42857142857142855,1.0
919,Logistic Regression,Gradient Boosting,3,0.42857142857142855,1.0
919,Random Forest,Gradient Boosting,4,0.6666666666666666,1.0
921,Logistic Regression,Random Forest,3,0.42857142857142855,1.0
921,Logistic Regression,Gradient Boosting,4,0.6666666666666666,1.0
921,Random Forest,Gradient Boosting,4,0.6666666666666666,1.0
923,Logistic Regression,Random Forest,4,0.6666666666666666,1.0
923,Logistic Regression,Gradient Boosting,4,0.6666666666666666,1.0
923,Random Forest,Gradient Boosting,4,0.6666666666666666,1.0
924,Logistic Regression,Random Forest,3,0.42857142857142855,1.0
924,Logistic Regression,Gradient Boosting,4,0.6666666666666666,1.0
924,Random Forest,Gradient Boosting,3,0.42857142857142855,1.0
930,Logistic Regression,Random Forest,2,0.25,1.0
930,Logistic Regression,Gradient Boosting,3,0.42857142857142855,1.0
930,Random Forest,Gradient Boosting,3,0.42857142857142855,1.0
933,Logistic Regression,Random Forest,2,0.25,1.0
933,Logistic Regression,Gradient Boosting,3,0.42857142857142855,1.0
933,Random Forest,Gradient Boosting,3,0.42857142857142855,1.0
939,Logistic Regression,Random Forest,2,0.25,1.0
939,Logistic Regression,Gradient Boosting,3,0.42857142857142855,1.0
939,Random Forest,Gradient Boosting,4,0.6666666666666666,1.0
946,Logistic Regression,Random Forest,2,0.25,1.0
946,Logistic Regression,Gradient Boosting,2,0.25,1.0
946,Random Forest,Gradient Boosting,3,0.42857142857142855,1.0
955,Logistic Regression,Random Forest,2,0.25,1.0
955,Logistic Regression,Gradient Boosting,2,0.25,1.0
955,Random Forest,Gradient Boosting,4,0.6666666666666666,1.0
958,Logistic Regression,Random Forest,1,0.1111111111111111,1.0
958,Logistic Regression,Gradient Boosting,3,0.42857142857142855,1.0
958,Random Forest,Gradient Boosting,3,0.42857142857142855,1.0
962,Logistic Regression,Random Forest,2,0.25,1.0
962,Logistic Regression,Gradient Boosting,3,0.42857142857142855,1.0
962,Random Forest,Gradient Boosting,3,0.42857142857142855,1.0
963,Logistic Regression,Random Forest,2,0.25,1.0
963,Logistic Regression,Gradient Boosting,3,0.42857142857142855,1.0
963,Random Forest,Gradient Boosting,3,0.42857142857142855,1.0
967,Logistic Regression,Random Forest,5,1.0,0.8
967,Logistic Regression,Gradient Boosting,4,0.6666666666666666,1.0
967,Random Forest,Gradient Boosting,4,0.6666666666666666,1.0
971,Logistic Regression,Random Forest,3,0.42857142857142855,1.0
971,Logistic Regression,Gradient Boosting,3,0.42857142857142855,1.0
971,Random Forest,Gradient Boosting,4,0.6666666666666666,1.0
972,Logistic Regression,Random Forest,4,0.6666666666666666,1.0
972,Logistic Regression,Gradient Boosting,4,0.6666666666666666,1.0
972,Random Forest,Gradient Boosting,4,0.6666666666666666,1.0
980,Logistic Regression,Random Forest,3,0.42857142857142855,1.0
980,Logistic Regression,Gradient Boosting,3,0.42857142857142855,1.0
980,Random Forest,Gradient Boosting,4,0.6666666666666666,1.0
985,Logistic Regression,Random Forest,2,0.25,1.0
985,Logistic Regression,Gradient Boosting,2,0.25,1.0
985,Random Forest,Gradient Boosting,3,0.42857142857142855,1.0
986,Logistic Regression,Random Forest,2,0.25,1.0
986,Logistic Regression,Gradient Boosting,3,0.42857142857142855,1.0
986,Random Forest,Gradient Boosting,4,0.6666666666666666,1.0
993,Logistic Regression,Random Forest,2,0.25,1.0
993,Logistic Regression,Gradient Boosting,3,0.42857142857142855,1.0
993,Random Forest,Gradient Boosting,3,0.42857142857142855,1.0
994,Logistic Regression,Random Forest,3,0.42857142857142855,1.0
994,Logistic Regression,Gradient Boosting,4,0.6666666666666666,1.0
994,Random Forest,Gradient Boosting,3,0.42857142857142855,1.0
1003,Logistic Regression,Random Forest,2,0.25,1.0
1003,Logistic Regression,Gradient Boosting,2,0.25,1.0
1003,Random Forest,Gradient Boosting,3,0.42857142857142855,1.0
1008,Logistic Regression,Random Forest,3,0.42857142857142855,1.0
1008,Logistic Regression,Gradient Boosting,3,0.42857142857142855,1.0
1008,Random Forest,Gradient Boosting,4,0.6666666666666666,1.0
1012,Logistic Regression,Random Forest,1,0.1111111111111111,1.0
1012,Logistic Regression,Gradient Boosting,3,0.42857142857142855,1.0
1012,Random Forest,Gradient Boosting,3,0.42857142857142855,1.0
1013,Logistic Regression,Random Forest,4,0.6666666666666666,0.75
1013,Logistic Regression,Gradient Boosting,3,0.42857142857142855,1.0
1013,Random Forest,Gradient Boosting,3,0.42857142857142855,1.0
1027,Logistic Regression,Random Forest,2,0.25,1.0
1027,Logistic Regression,Gradient Boosting,2,0.25,1.0
1027,Random Forest,Gradient Boosting,3,0.42857142857142855,1.0
1031,Logistic Regression,Random Forest,3,0.42857142857142855,0.6666666666666666
1031,Logistic Regression,Gradient Boosting,3,0.42857142857142855,0.6666666666666666
1031,Random Forest,Gradient Boosting,5,1.0,1.0
1041,Logistic Regression,Random Forest,3,0.42857142857142855,1.0
1041,Logistic Regression,Gradient Boosting,3,0.42857142857142855,1.0
1041,Random Forest,Gradient Boosting,4,0.6666666666666666,1.0
1050,Logistic Regression,Random Forest,4,0.6666666666666666,1.0
1050,Logistic Regression,Gradient Boosting,3,0.42857142857142855,1.0
1050,Random Forest,Gradient Boosting,4,0.6666666666666666,1.0
1054,Logistic Regression,Random Forest,4,0.6666666666666666,1.0
1054,Logistic Regression,Gradient Boosting,4,0.6666666666666666,1.0
1054,Random Forest,Gradient Boosting,4,0.6666666666666666,1.0
1056,Logistic Regression,Random Forest,3,0.42857142857142855,1.0
1056,Logistic Regression,Gradient Boosting,3,0.42857142857142855,1.0
1056,Random Forest,Gradient Boosting,4,0.6666666666666666,1.0
1059,Logistic Regression,Random Forest,2,0.25,1.0
1059,Logistic Regression,Gradient Boosting,2,0.25,1.0
1059,Random Forest,Gradient Boosting,4,0.6666666666666666,1.0
1072,Logistic Regression,Random Forest,2,0.25,1.0
1072,Logistic Regression,Gradient Boosting,3,0.42857142857142855,1.0
1072,Random Forest,Gradient Boosting,4,0.6666666666666666,1.0
1075,Logistic Regression,Random Forest,3,0.42857142857142855,1.0
1075,Logistic Regression,Gradient Boosting,3,0.42857142857142855,1.0
1075,Random Forest,Gradient Boosting,4,0.6666666666666666,1.0
1081,Logistic Regression,Random Forest,1,0.1111111111111111,1.0
1081,Logistic Regression,Gradient Boosting,2,0.25,1.0
1081,Random Forest,Gradient Boosting,4,0.6666666666666666,1.0
1086,Logistic Regression,Random Forest,3,0.42857142857142855,1.0
1086,Logistic Regression,Gradient Boosting,3,0.42857142857142855,1.0
1086,Random Forest,Gradient Boosting,4,0.6666666666666666,1.0
1088,Logistic Regression,Random Forest,2,0.25,1.0
1088,Logistic Regression,Gradient Boosting,3,0.42857142857142855,1.0
1088,Random Forest,Gradient Boosting,4,0.6666666666666666,1.0
1094,Logistic Regression,Random Forest,3,0.42857142857142855,1.0
1094,Logistic Regression,Gradient Boosting,3,0.42857142857142855,1.0
1094,Random Forest,Gradient Boosting,4,0.6666666666666666,1.0
1100,Logistic Regression,Random Forest,2,0.25,0.5
1100,Logistic Regression,Gradient Boosting,2,0.25,1.0
1100,Random Forest,Gradient Boosting,3,0.42857142857142855,1.0
1103,Logistic Regression,Random Forest,1,0.1111111111111111,1.0
1103,Logistic Regression,Gradient Boosting,2,0.25,1.0
1103,Random Forest,Gradient Boosting,4,0.6666666666666666,1.0
1105,Logistic Regression,Random Forest,4,0.6666666666666666,1.0
1105,Logistic Regression,Gradient Boosting,4,0.6666666666666666,1.0
1105,Random Forest,Gradient Boosting,3,0.42857142857142855,1.0
1113,Logistic Regression,Random Forest,2,0.25,1.0
1113,Logistic Regression,Gradient Boosting,3,0.42857142857142855,1.0
1113,Random Forest,Gradient Boosting,3,0.42857142857142855,1.0
1118,Logistic Regression,Random Forest,2,0.25,1.0
1118,Logistic Regression,Gradient Boosting,2,0.25,1.0
1118,Random Forest,Gradient Boosting,5,1.0,1.0
1120,Logistic Regression,Random Forest,2,0.25,1.0
1120,Logistic Regression,Gradient Boosting,2,0.25,1.0
1120,Random Forest,Gradient Boosting,3,0.42857142857142855,1.0
1127,Logistic Regression,Random Forest,4,0.6666666666666666,1.0
1127,Logistic Regression,Gradient Boosting,5,1.0,1.0
1127,Random Forest,Gradient Boosting,4,0.6666666666666666,1.0
1135,Logistic Regression,Random Forest,2,0.25,1.0
1135,Logistic Regression,Gradient Boosting,4,0.6666666666666666,1.0
1135,Random Forest,Gradient Boosting,3,0.42857142857142855,1.0
1141,Logistic Regression,Random Forest,2,0.25,1.0
1141,Logistic Regression,Gradient Boosting,2,0.25,1.0
1141,Random Forest,Gradient Boosting,2,0.25,1.0
1150,Logistic Regression,Random Forest,3,0.42857142857142855,1.0
1150,Logistic Regression,Gradient Boosting,3,0.42857142857142855,1.0
1150,Random Forest,Gradient Boosting,4,0.6666666666666666,1.0
1153,Logistic Regression,Random Forest,2,0.25,1.0
1153,Logistic Regression,Gradient Boosting,2,0.25,1.0
1153,Random Forest,Gradient Boosting,4,0.6666666666666666,1.0
1157,Logistic Regression,Random Forest,3,0.42857142857142855,1.0
1157,Logistic Regression,Gradient Boosting,3,0.42857142857142855,1.0
1157,Random Forest,Gradient Boosting,4,0.6666666666666666,1.0
1159,Logistic Regression,Random Forest,1,0.1111111111111111,1.0
1159,Logistic Regression,Gradient Boosting,3,0.42857142857142855,1.0
1159,Random Forest,Gradient Boosting,2,0.25,1.0
1162,Logistic Regression,Random Forest,3,0.42857142857142855,1.0
1162,Logistic Regression,Gradient Boosting,3,0.42857142857142855,1.0
1162,Random Forest,Gradient Boosting,4,0.6666666666666666,1.0
1165,Logistic Regression,Random Forest,2,0.25,1.0
1165,Logistic Regression,Gradient Boosting,3,0.42857142857142855,1.0
1165,Random Forest,Gradient Boosting,3,0.42857142857142855,1.0
1168,Logistic Regression,Random Forest,3,0.42857142857142855,1.0
1168,Logistic Regression,Gradient Boosting,3,0.42857142857142855,1.0
1168,Random Forest,Gradient Boosting,4,0.6666666666666666,1.0
1169,Logistic Regression,Random Forest,2,0.25,0.5
1169,Logistic Regression,Gradient Boosting,2,0.25,0.5
1169,Random Forest,Gradient Boosting,3,0.42857142857142855,1.0
1175,Logistic Regression,Random Forest,1,0.1111111111111111,1.0
1175,Logistic Regression,Gradient Boosting,2,0.25,1.0
1175,Random Forest,Gradient Boosting,3,0.42857142857142855,1.0
1188,Logistic Regression,Random Forest,3,0.42857142857142855,1.0
1188,Logistic Regression,Gradient Boosting,3,0.42857142857142855,0.6666666666666666
1188,Random Forest,Gradient Boosting,3,0.42857142857142855,1.0
1189,Logistic Regression,Random Forest,3,0.42857142857142855,1.0
1189,Logistic Regression,Gradient Boosting,3,0.42857142857142855,1.0
1189,Random Forest,Gradient Boosting,4,0.6666666666666666,1.0
1192,Logistic Regression,Random Forest,4,0.6666666666666666,1.0
1192,Logistic Regression,Gradient Boosting,3,0.42857142857142855,1.0
1192,Random Forest,Gradient Boosting,4,0.6666666666666666,1.0
1193,Logistic Regression,Random Forest,2,0.25,1.0
1193,Logistic Regression,Gradient Boosting,3,0.42857142857142855,1.0
1193,Random Forest,Gradient Boosting,3,0.42857142857142855,1.0
1197,Logistic Regression,Random Forest,3,0.42857142857142855,1.0
1197,Logistic Regression,Gradient Boosting,3,0.42857142857142855,1.0
1197,Random Forest,Gradient Boosting,3,0.42857142857142855,1.0
1201,Logistic Regression,Random Forest,1,0.1111111111111111,1.0
1201,Logistic Regression,Gradient Boosting,2,0.25,1.0
1201,Random Forest,Gradient Boosting,4,0.6666666666666666,1.0
1204,Logistic Regression,Random Forest,3,0.42857142857142855,1.0
1204,Logistic Regression,Gradient Boosting,4,0.6666666666666666,1.0
1204,Random Forest,Gradient Boosting,3,0.42857142857142855,1.0
1206,Logistic Regression,Random Forest,2,0.25,1.0
1206,Logistic Regression,Gradient Boosting,3,0.42857142857142855,1.0
1206,Random Forest,Gradient Boosting,3,0.42857142857142855,1.0
1216,Logistic Regression,Random Forest,1,0.1111111111111111,1.0
1216,Logistic Regression,Gradient Boosting,2,0.25,0.5
1216,Random Forest,Gradient Boosting,4,0.6666666666666666,1.0
1218,Logistic Regression,Random Forest,3,0.42857142857142855,1.0
1218,Logistic Regression,Gradient Boosting,3,0.42857142857142855,1.0
1218,Random Forest,Gradient Boosting,4,0.6666666666666666,1.0
1220,Logistic Regression,Random Forest,4,0.6666666666666666,1.0
1220,Logistic Regression,Gradient Boosting,3,0.42857142857142855,1.0
1220,Random Forest,Gradient Boosting,3,0.42857142857142855,1.0
1222,Logistic Regression,Random Forest,4,0.6666666666666666,1.0
1222,Logistic Regression,Gradient Boosting,4,0.6666666666666666,1.0
1222,Random Forest,Gradient Boosting,4,0.6666666666666666,1.0
1224,Logistic Regression,Random Forest,3,0.42857142857142855,1.0
1224,Logistic Regression,Gradient Boosting,3,0.42857142857142855,1.0
1224,Random Forest,Gradient Boosting,4,0.6666666666666666,1.0
1225,Logistic Regression,Random Forest,4,0.6666666666666666,1.0
1225,Logistic Regression,Gradient Boosting,4,0.6666666666666666,1.0
1225,Random Forest,Gradient Boosting,3,0.42857142857142855,1.0
1226,Logistic Regression,Random Forest,2,0.25,1.0
1226,Logistic Regression,Gradient Boosting,3,0.42857142857142855,1.0
1226,Random Forest,Gradient Boosting,4,0.6666666666666666,1.0
1228,Logistic Regression,Random Forest,2,0.25,1.0
1228,Logistic Regression,Gradient Boosting,2,0.25,1.0
1228,Random Forest,Gradient Boosting,4,0.6666666666666666,1.0
1232,Logistic Regression,Random Forest,2,0.25,1.0
1232,Logistic Regression,Gradient Boosting,2,0.25,1.0
1232,Random Forest,Gradient Boosting,3,0.42857142857142855,1.0
1251,Logistic Regression,Random Forest,2,0.25,1.0
1251,Logistic Regression,Gradient Boosting,2,0.25,1.0
1251,Random Forest,Gradient Boosting,5,1.0,1.0
1252,Logistic Regression,Random Forest,3,0.42857142857142855,1.0
1252,Logistic Regression,Gradient Boosting,3,0.42857142857142855,1.0
1252,Random Forest,Gradient Boosting,4,0.6666666666666666,1.0
1253,Logistic Regression,Random Forest,3,0.42857142857142855,1.0
1253,Logistic Regression,Gradient Boosting,4,0.6666666666666666,1.0
1253,Random Forest,Gradient Boosting,3,0.42857142857142855,1.0
1262,Logistic Regression,Random Forest,4,0.6666666666666666,0.75
1262,Logistic Regression,Gradient Boosting,3,0.42857142857142855,1.0
1262,Random Forest,Gradient Boosting,3,0.42857142857142855,1.0
1272,Logistic Regression,Random Forest,3,0.42857142857142855,0.6666666666666666
1272,Logistic Regression,Gradient Boosting,4,0.6666666666666666,0.75
1272,Random Forest,Gradient Boosting,3,0.42857142857142855,1.0
1273,Logistic Regression,Random Forest,3,0.42857142857142855,1.0
1273,Logistic Regression,Gradient Boosting,5,1.0,1.0
1273,Random Forest,Gradient Boosting,3,0.42857142857142855,1.0
1282,Logistic Regression,Random Forest,4,0.6666666666666666,1.0
1282,Logistic Regression,Gradient Boosting,4,0.6666666666666666,1.0
1282,Random Forest,Gradient Boosting,4,0.6666666666666666,1.0
1286,Logistic Regression,Random Forest,2,0.25,1.0
1286,Logistic Regression,Gradient Boosting,3,0.42857142857142855,1.0
1286,Random Forest,Gradient Boosting,4,0.6666666666666666,1.0
1295,Logistic Regression,Random Forest,3,0.42857142857142855,1.0
1295,Logistic Regression,Gradient Boosting,3,0.42857142857142855,1.0
1295,Random Forest,Gradient Boosting,3,0.42857142857142855,1.0
1299,Logistic Regression,Random Forest,1,0.1111111111111111,1.0
1299,Logistic Regression,Gradient Boosting,2,0.25,1.0
1299,Random Forest,Gradient Boosting,4,0.6666666666666666,1.0
1306,Logistic Regression,Random Forest,2,0.25,1.0
1306,Logistic Regression,Gradient Boosting,3,0.42857142857142855,1.0
1306,Random Forest,Gradient Boosting,3,0.42857142857142855,1.0
1317,Logistic Regression,Random Forest,4,0.6666666666666666,1.0
1317,Logistic Regression,Gradient Boosting,4,0.6666666666666666,1.0
1317,Random Forest,Gradient Boosting,4,0.6666666666666666,1.0
1330,Logistic Regression,Random Forest,3,0.42857142857142855,1.0
1330,Logistic Regression,Gradient Boosting,3,0.42857142857142855,1.0
1330,Random Forest,Gradient Boosting,4,0.6666666666666666,1.0
1331,Logistic Regression,Random Forest,3,0.42857142857142855,1.0
1331,Logistic Regression,Gradient Boosting,4,0.6666666666666666,1.0
1331,Random Forest,Gradient Boosting,3,0.42857142857142855,1.0
1333,Logistic Regression,Random Forest,2,0.25,0.5
1333,Logistic Regression,Gradient Boosting,3,0.42857142857142855,0.6666666666666666
1333,Random Forest,Gradient Boosting,3,0.42857142857142855,1.0
1334,Logistic Regression,Random Forest,2,0.25,1.0
1334,Logistic Regression,Gradient Boosting,2,0.25,1.0
1334,Random Forest,Gradient Boosting,4,0.6666666666666666,1.0
1335,Logistic Regression,Random Forest,2,0.25,1.0
1335,Logistic Regression,Gradient Boosting,3,0.42857142857142855,1.0
1335,Random Forest,Gradient Boosting,3,0.42857142857142855,1.0
1337,Logistic Regression,Random Forest,3,0.42857142857142855,1.0
1337,Logistic Regression,Gradient Boosting,4,0.6666666666666666,1.0
1337,Random Forest,Gradient Boosting,3,0.42857142857142855,1.0
1339,Logistic Regression,Random Forest,3,0.42857142857142855,1.0
1339,Logistic Regression,Gradient Boosting,3,0.42857142857142855,1.0
1339,Random Forest,Gradient Boosting,5,1.0,1.0
1351,Logistic Regression,Random Forest,3,0.42857142857142855,1.0
1351,Logistic Regression,Gradient Boosting,3,0.42857142857142855,1.0
1351,Random Forest,Gradient Boosting,4,0.6666666666666666,1.0
1352,Logistic Regression,Random Forest,4,0.6666666666666666,1.0
1352,Logistic Regression,Gradient Boosting,4,0.6666666666666666,1.0
1352,Random Forest,Gradient Boosting,5,1.0,1.0
1356,Logistic Regression,Random Forest,4,0.6666666666666666,1.0
1356,Logistic Regression,Gradient Boosting,4,0.6666666666666666,1.0
1356,Random Forest,Gradient Boosting,5,1.0,1.0
1361,Logistic Regression,Random Forest,3,0.42857142857142855,1.0
1361,Logistic Regression,Gradient Boosting,3,0.42857142857142855,1.0
1361,Random Forest,Gradient Boosting,4,0.6666666666666666,1.0
1362,Logistic Regression,Random Forest,4,0.6666666666666666,0.75
1362,Logistic Regression,Gradient Boosting,3,0.42857142857142855,1.0
1362,Random Forest,Gradient Boosting,4,0.6666666666666666,1.0
1364,Logistic Regression,Random Forest,2,0.25,1.0
1364,Logistic Regression,Gradient Boosting,2,0.25,1.0
1364,Random Forest,Gradient Boosting,3,0.42857142857142855,1.0
1370,Logistic Regression,Random Forest,2,0.25,1.0
1370,Logistic Regression,Gradient Boosting,2,0.25,1.0
1370,Random Forest,Gradient Boosting,5,1.0,1.0
1381,Logistic Regression,Random Forest,4,0.6666666666666666,1.0
1381,Logistic Regression,Gradient Boosting,4,0.6666666666666666,1.0
1381,Random Forest,Gradient Boosting,4,0.6666666666666666,1.0
1386,Logistic Regression,Random Forest,3,0.42857142857142855,1.0
1386,Logistic Regression,Gradient Boosting,4,0.6666666666666666,1.0
1386,Random Forest,Gradient Boosting,4,0.6666666666666666,1.0
1388,Logistic Regression,Random Forest,3,0.42857142857142855,1.0
1388,Logistic Regression,Gradient Boosting,3,0.42857142857142855,1.0
1388,Random Forest,Gradient Boosting,4,0.6666666666666666,1.0
1389,Logistic Regression,Random Forest,1,0.1111111111111111,1.0
1389,Logistic Regression,Gradient Boosting,2,0.25,1.0
1389,Random Forest,Gradient Boosting,2,0.25,1.0
1390,Logistic Regression,Random Forest,3,0.42857142857142855,1.0
1390,Logistic Regression,Gradient Boosting,2,0.25,1.0
1390,Random Forest,Gradient Boosting,4,0.6666666666666666,0.75
1394,Logistic Regression,Random Forest,3,0.42857142857142855,1.0
1394,Logistic Regression,Gradient Boosting,3,0.42857142857142855,1.0
1394,Random Forest,Gradient Boosting,5,1.0,1.0
1395,Logistic Regression,Random Forest,2,0.25,1.0
1395,Logistic Regression,Gradient Boosting,2,0.25,1.0
1395,Random Forest,Gradient Boosting,4,0.6666666666666666,1.0
1411,Logistic Regression,Random Forest,3,0.42857142857142855,1.0
1411,Logistic Regression,Gradient Boosting,3,0.42857142857142855,1.0
1411,Random Forest,Gradient Boosting,5,1.0,1.0
1415,Logistic Regression,Random Forest,1,0.1111111111111111,0.0
1415,Logistic Regression,Gradient Boosting,2,0.25,0.5
1415,Random Forest,Gradient Boosting,3,0.42857142857142855,1.0
1416,Logistic Regression,Random Forest,5,1.0,0.8
1416,Logistic Regression,Gradient Boosting,4,0.6666666666666666,1.0
1416,Random Forest,Gradient Boosting,4,0.6666666666666666,1.0
1420,Logistic Regression,Random Forest,2,0.25,1.0
1420,Logistic Regression,Gradient Boosting,2,0.25,1.0
1420,Random Forest,Gradient Boosting,3,0.42857142857142855,1.0
1421,Logistic Regression,Random Forest,1,0.1111111111111111,1.0
1421,Logistic Regression,Gradient Boosting,3,0.42857142857142855,1.0
1421,Random Forest,Gradient Boosting,3,0.42857142857142855,1.0
1422,Logistic Regression,Random Forest,3,0.42857142857142855,1.0
1422,Logistic Regression,Gradient Boosting,4,0.6666666666666666,1.0
1422,Random Forest,Gradient Boosting,4,0.6666666666666666,1.0
1426,Logistic Regression,Random Forest,1,0.1111111111111111,1.0
1426,Logistic Regression,Gradient Boosting,3,0.42857142857142855,1.0
1426,Random Forest,Gradient Boosting,3,0.42857142857142855,1.0
1427,Logistic Regression,Random Forest,3,0.42857142857142855,1.0
1427,Logistic Regression,Gradient Boosting,3,0.42857142857142855,1.0
1427,Random Forest,Gradient Boosting,4,0.6666666666666666,1.0
1436,Logistic Regression,Random Forest,3,0.42857142857142855,1.0
1436,Logistic Regression,Gradient Boosting,3,0.42857142857142855,1.0
1436,Random Forest,Gradient Boosting,3,0.42857142857142855,1.0
1447,Logistic Regression,Random Forest,2,0.25,1.0
1447,Logistic Regression,Gradient Boosting,2,0.25,1.0
1447,Random Forest,Gradient Boosting,4,0.6666666666666666,1.0
1453,Logistic Regression,Random Forest,3,0.42857142857142855,1.0
1453,Logistic Regression,Gradient Boosting,4,0.6666666666666666,1.0
1453,Random Forest,Gradient Boosting,4,0.6666666666666666,1.0
1463,Logistic Regression,Random Forest,2,0.25,1.0
1463,Logistic Regression,Gradient Boosting,2,0.25,1.0
1463,Random Forest,Gradient Boosting,4,0.6666666666666666,1.0
1464,Logistic Regression,Random Forest,2,0.25,1.0
1464,Logistic Regression,Gradient Boosting,2,0.25,1.0
1464,Random Forest,Gradient Boosting,5,1.0,1.0
1466,Logistic Regression,Random Forest,3,0.42857142857142855,1.0
1466,Logistic Regression,Gradient Boosting,3,0.42857142857142855,1.0
1466,Random Forest,Gradient Boosting,5,1.0,1.0
1471,Logistic Regression,Random Forest,2,0.25,1.0
1471,Logistic Regression,Gradient Boosting,2,0.25,1.0
1471,Random Forest,Gradient Boosting,5,1.0,1.0
1473,Logistic Regression,Random Forest,3,0.42857142857142855,1.0
1473,Logistic Regression,Gradient Boosting,4,0.6666666666666666,1.0
1473,Random Forest,Gradient Boosting,3,0.42857142857142855,1.0
1479,Logistic Regression,Random Forest,3,0.42857142857142855,1.0
1479,Logistic Regression,Gradient Boosting,4,0.6666666666666666,1.0
1479,Random Forest,Gradient Boosting,3,0.42857142857142855,1.0
1484,Logistic Regression,Random Forest,3,0.42857142857142855,1.0
1484,Logistic Regression,Gradient Boosting,3,0.42857142857142855,1.0
1484,Random Forest,Gradient Boosting,4,0.6666666666666666,1.0
1485,Logistic Regression,Random Forest,3,0.42857142857142855,1.0
1485,Logistic Regression,Gradient Boosting,4,0.6666666666666666,1.0
1485,Random Forest,Gradient Boosting,4,0.6666666666666666,1.0
1487,Logistic Regression,Random Forest,3,0.42857142857142855,1.0
1487,Logistic Regression,Gradient Boosting,3,0.42857142857142855,1.0
1487,Random Forest,Gradient Boosting,4,0.6666666666666666,1.0
1491,Logistic Regression,Random Forest,2,0.25,1.0
1491,Logistic Regression,Gradient Boosting,2,0.25,1.0
1491,Random Forest,Gradient Boosting,4,0.6666666666666666,1.0
1493,Logistic Regression,Random Forest,3,0.42857142857142855,1.0
1493,Logistic Regression,Gradient Boosting,3,0.42857142857142855,1.0
1493,Random Forest,Gradient Boosting,3,0.42857142857142855,1.0
1497,Logistic Regression,Random Forest,2,0.25,1.0
1497,Logistic Regression,Gradient Boosting,2,0.25,1.0
1497,Random Forest,Gradient Boosting,4,0.6666666666666666,1.0
1506,Logistic Regression,Random Forest,1,0.1111111111111111,1.0
1506,Logistic Regression,Gradient Boosting,2,0.25,1.0
1506,Random Forest,Gradient Boosting,4,0.6666666666666666,1.0
1507,Logistic Regression,Random Forest,4,0.6666666666666666,1.0
1507,Logistic Regression,Gradient Boosting,4,0.6666666666666666,1.0
1507,Random Forest,Gradient Boosting,4,0.6666666666666666,1.0
1509,Logistic Regression,Random Forest,3,0.42857142857142855,1.0
1509,Logistic Regression,Gradient Boosting,4,0.6666666666666666,1.0
1509,Random Forest,Gradient Boosting,3,0.42857142857142855,1.0
1510,Logistic Regression,Random Forest,4,0.6666666666666666,1.0
1510,Logistic Regression,Gradient Boosting,5,1.0,1.0
1510,Random Forest,Gradient Boosting,4,0.6666666666666666,1.0
1513,Logistic Regression,Random Forest,2,0.25,1.0
1513,Logistic Regression,Gradient Boosting,2,0.25,1.0
1513,Random Forest,Gradient Boosting,4,0.6666666666666666,1.0
1515,Logistic Regression,Random Forest,2,0.25,1.0
1515,Logistic Regression,Gradient Boosting,4,0.6666666666666666,1.0
1515,Random Forest,Gradient Boosting,3,0.42857142857142855,1.0
1523,Logistic Regression,Random Forest,1,0.1111111111111111,0.0
1523,Logistic Regression,Gradient Boosting,1,0.1111111111111111,0.0
1523,Random Forest,Gradient Boosting,4,0.6666666666666666,1.0
1529,Logistic Regression,Random Forest,4,0.6666666666666666,1.0
1529,Logistic Regression,Gradient Boosting,4,0.6666666666666666,1.0
1529,Random Forest,Gradient Boosting,4,0.6666666666666666,1.0
1532,Logistic Regression,Random Forest,2,0.25,1.0
1532,Logistic Regression,Gradient Boosting,3,0.42857142857142855,1.0
1532,Random Forest,Gradient Boosting,3,0.42857142857142855,1.0
1535,Logistic Regression,Random Forest,2,0.25,1.0
1535,Logistic Regression,Gradient Boosting,3,0.42857142857142855,1.0
1535,Random Forest,Gradient Boosting,4,0.6666666666666666,1.0
1536,Logistic Regression,Random Forest,4,0.6666666666666666,0.75
1536,Logistic Regression,Gradient Boosting,3,0.42857142857142855,1.0
1536,Random Forest,Gradient Boosting,4,0.6666666666666666,1.0
1539,Logistic Regression,Random Forest,4,0.6666666666666666,1.0
1539,Logistic Regression,Gradient Boosting,4,0.6666666666666666,1.0
1539,Random Forest,Gradient Boosting,4,0.6666666666666666,1.0
1541,Logistic Regression,Random Forest,3,0.42857142857142855,1.0
1541,Logistic Regression,Gradient Boosting,5,1.0,1.0
1541,Random Forest,Gradient Boosting,3,0.42857142857142855,1.0
1544,Logistic Regression,Random Forest,4,0.6666666666666666,1.0
1544,Logistic Regression,Gradient Boosting,2,0.25,1.0
1544,Random Forest,Gradient Boosting,2,0.25,1.0
1548,Logistic Regression,Random Forest,4,0.6666666666666666,1.0
1548,Logistic Regression,Gradient Boosting,4,0.6666666666666666,1.0
1548,Random Forest,Gradient Boosting,4,0.6666666666666666,1.0
1568,Logistic Regression,Random Forest,4,0.6666666666666666,0.75
1568,Logistic Regression,Gradient Boosting,4,0.6666666666666666,1.0
1568,Random Forest,Gradient Boosting,3,0.42857142857142855,1.0
1569,Logistic Regression,Random Forest,3,0.42857142857142855,1.0
1569,Logistic Regression,Gradient Boosting,4,0.6666666666666666,1.0
1569,Random Forest,Gradient Boosting,4,0.6666666666666666,1.0
1572,Logistic Regression,Random Forest,4,0.6666666666666666,1.0
1572,Logistic Regression,Gradient Boosting,5,1.0,1.0
1572,Random Forest,Gradient Boosting,4,0.6666666666666666,1.0
1577,Logistic Regression,Random Forest,2,0.25,0.5
1577,Logistic Regression,Gradient Boosting,1,0.1111111111111111,0.0
1577,Random Forest,Gradient Boosting,4,0.6666666666666666,1.0
1581,Logistic Regression,Random Forest,3,0.42857142857142855,0.6666666666666666
1581,Logistic Regression,Gradient Boosting,3,0.42857142857142855,0.6666666666666666
1581,Random Forest,Gradient Boosting,5,1.0,1.0
1587,Logistic Regression,Random Forest,1,0.1111111111111111,1.0
1587,Logistic Regression,Gradient Boosting,1,0.1111111111111111,1.0
1587,Random Forest,Gradient Boosting,3,0.42857142857142855,1.0
1593,Logistic Regression,Random Forest,3,0.42857142857142855,1.0
1593,Logistic Regression,Gradient Boosting,3,0.42857142857142855,1.0
1593,Random Forest,Gradient Boosting,2,0.25,1.0
1594,Logistic Regression,Random Forest,2,0.25,0.5
1594,Logistic Regression,Gradient Boosting,3,0.42857142857142855,0.6666666666666666
1594,Random Forest,Gradient Boosting,4,0.6666666666666666,1.0
1595,Logistic Regression,Random Forest,1,0.1111111111111111,0.0
1595,Logistic Regression,Gradient Boosting,3,0.42857142857142855,0.6666666666666666
1595,Random Forest,Gradient Boosting,3,0.42857142857142855,1.0
1603,Logistic Regression,Random Forest,2,0.25,1.0
1603,Logistic Regression,Gradient Boosting,3,0.42857142857142855,1.0
1603,Random Forest,Gradient Boosting,4,0.6666666666666666,1.0
1607,Logistic Regression,Random Forest,2,0.25,1.0
1607,Logistic Regression,Gradient Boosting,3,0.42857142857142855,1.0
1607,Random Forest,Gradient Boosting,4,0.6666666666666666,1.0
1608,Logistic Regression,Random Forest,2,0.25,1.0
1608,Logistic Regression,Gradient Boosting,2,0.25,1.0
1608,Random Forest,Gradient Boosting,4,0.6666666666666666,1.0
1609,Logistic Regression,Random Forest,2,0.25,1.0
1609,Logistic Regression,Gradient Boosting,3,0.42857142857142855,1.0
1609,Random Forest,Gradient Boosting,3,0.42857142857142855,1.0
1620,Logistic Regression,Random Forest,3,0.42857142857142855,1.0
1620,Logistic Regression,Gradient Boosting,3,0.42857142857142855,1.0
1620,Random Forest,Gradient Boosting,4,0.6666666666666666,1.0
1621,Logistic Regression,Random Forest,2,0.25,1.0
1621,Logistic Regression,Gradient Boosting,3,0.42857142857142855,1.0
1621,Random Forest,Gradient Boosting,4,0.6666666666666666,1.0
1625,Logistic Regression,Random Forest,4,0.6666666666666666,1.0
1625,Logistic Regression,Gradient Boosting,5,1.0,1.0
1625,Random Forest,Gradient Boosting,4,0.6666666666666666,1.0
1629,Logistic Regression,Random Forest,3,0.42857142857142855,1.0
1629,Logistic Regression,Gradient Boosting,4,0.6666666666666666,1.0
1629,Random Forest,Gradient Boosting,3,0.42857142857142855,1.0
1630,Logistic Regression,Random Forest,2,0.25,1.0
1630,Logistic Regression,Gradient Boosting,3,0.42857142857142855,1.0
1630,Random Forest,Gradient Boosting,3,0.42857142857142855,1.0
1633,Logistic Regression,Random Forest,3,0.42857142857142855,1.0
1633,Logistic Regression,Gradient Boosting,4,0.6666666666666666,1.0
1633,Random Forest,Gradient Boosting,3,0.42857142857142855,1.0
1634,Logistic Regression,Random Forest,2,0.25,1.0
1634,Logistic Regression,Gradient Boosting,2,0.25,1.0
1634,Random Forest,Gradient Boosting,5,1.0,1.0
1635,Logistic Regression,Random Forest,3,0.42857142857142855,1.0
1635,Logistic Regression,Gradient Boosting,3,0.42857142857142855,1.0
1635,Random Forest,Gradient Boosting,5,1.0,1.0
1636,Logistic Regression,Random Forest,2,0.25,1.0
1636,Logistic Regression,Gradient Boosting,3,0.42857142857142855,1.0
1636,Random Forest,Gradient Boosting,4,0.6666666666666666,1.0
1637,Logistic Regression,Random Forest,3,0.42857142857142855,1.0
1637,Logistic Regression,Gradient Boosting,3,0.42857142857142855,1.0
1637,Random Forest,Gradient Boosting,4,0.6666666666666666,1.0
1638,Logistic Regression,Random Forest,4,0.6666666666666666,1.0
1638,Logistic Regression,Gradient Boosting,4,0.6666666666666666,1.0
1638,Random Forest,Gradient Boosting,4,0.6666666666666666,1.0
1640,Logistic Regression,Random Forest,3,0.42857142857142855,1.0
1640,Logistic Regression,Gradient Boosting,3,0.42857142857142855,1.0
1640,Random Forest,Gradient Boosting,5,1.0,1.0
1646,Logistic Regression,Random Forest,2,0.25,1.0
1646,Logistic Regression,Gradient Boosting,3,0.42857142857142855,1.0
1646,Random Forest,Gradient Boosting,3,0.42857142857142855,1.0
1648,Logistic Regression,Random Forest,2,0.25,1.0
1648,Logistic Regression,Gradient Boosting,2,0.25,1.0
1648,Random Forest,Gradient Boosting,4,0.6666666666666666,1.0
1651,Logistic Regression,Random Forest,3,0.42857142857142855,1.0
1651,Logistic Regression,Gradient Boosting,3,0.42857142857142855,1.0
1651,Random Forest,Gradient Boosting,4,0.6666666666666666,1.0
1652,Logistic Regression,Random Forest,1,0.1111111111111111,1.0
1652,Logistic Regression,Gradient Boosting,1,0.1111111111111111,1.0
1652,Random Forest,Gradient Boosting,4,0.6666666666666666,1.0
1666,Logistic Regression,Random Forest,4,0.6666666666666666,1.0
1666,Logistic Regression,Gradient Boosting,4,0.6666666666666666,1.0
1666,Random Forest,Gradient Boosting,3,0.42857142857142855,1.0
1670,Logistic Regression,Random Forest,2,0.25,0.5
1670,Logistic Regression,Gradient Boosting,3,0.42857142857142855,0.6666666666666666
1670,Random Forest,Gradient Boosting,3,0.42857142857142855,1.0
1671,Logistic Regression,Random Forest,3,0.42857142857142855,1.0
1671,Logistic Regression,Gradient Boosting,3,0.42857142857142855,1.0
1671,Random Forest,Gradient Boosting,4,0.6666666666666666,1.0
1684,Logistic Regression,Random Forest,2,0.25,1.0
1684,Logistic Regression,Gradient Boosting,2,0.25,1.0
1684,Random Forest,Gradient Boosting,4,0.6666666666666666,1.0
1687,Logistic Regression,Random Forest,4,0.6666666666666666,1.0
1687,Logistic Regression,Gradient Boosting,4,0.6666666666666666,1.0
1687,Random Forest,Gradient Boosting,5,1.0,1.0
1695,Logistic Regression,Random Forest,3,0.42857142857142855,1.0
1695,Logistic Regression,Gradient Boosting,3,0.42857142857142855,1.0
1695,Random Forest,Gradient Boosting,4,0.6666666666666666,1.0
1699,Logistic Regression,Random Forest,3,0.42857142857142855,1.0
1699,Logistic Regression,Gradient Boosting,3,0.42857142857142855,1.0
1699,Random Forest,Gradient Boosting,4,0.6666666666666666,1.0
1709,Logistic Regression,Random Forest,2,0.25,1.0
1709,Logistic Regression,Gradient Boosting,2,0.25,1.0
1709,Random Forest,Gradient Boosting,4,0.6666666666666666,1.0
1712,Logistic Regression,Random Forest,3,0.42857142857142855,1.0
1712,Logistic Regression,Gradient Boosting,4,0.6666666666666666,0.75
1712,Random Forest,Gradient Boosting,4,0.6666666666666666,1.0
1714,Logistic Regression,Random Forest,3,0.42857142857142855,1.0
1714,Logistic Regression,Gradient Boosting,4,0.6666666666666666,1.0
1714,Random Forest,Gradient Boosting,3,0.42857142857142855,1.0
1717,Logistic Regression,Random Forest,3,0.42857142857142855,1.0
1717,Logistic Regression,Gradient Boosting,4,0.6666666666666666,1.0
1717,Random Forest,Gradient Boosting,3,0.42857142857142855,1.0
1721,Logistic Regression,Random Forest,3,0.42857142857142855,1.0
1721,Logistic Regression,Gradient Boosting,3,0.42857142857142855,1.0
1721,Random Forest,Gradient Boosting,5,1.0,1.0
1722,Logistic Regression,Random Forest,2,0.25,1.0
1722,Logistic Regression,Gradient Boosting,3,0.42857142857142855,1.0
1722,Random Forest,Gradient Boosting,3,0.42857142857142855,1.0
1724,Logistic Regression,Random Forest,2,0.25,1.0
1724,Logistic Regression,Gradient Boosting,4,0.6666666666666666,1.0
1724,Random Forest,Gradient Boosting,2,0.25,1.0
1726,Logistic Regression,Random Forest,2,0.25,1.0
1726,Logistic Regression,Gradient Boosting,3,0.42857142857142855,1.0
1726,Random Forest,Gradient Boosting,4,0.6666666666666666,1.0
1727,Logistic Regression,Random Forest,2,0.25,1.0
1727,Logistic Regression,Gradient Boosting,2,0.25,1.0
1727,Random Forest,Gradient Boosting,4,0.6666666666666666,1.0
1740,Logistic Regression,Random Forest,2,0.25,1.0
1740,Logistic Regression,Gradient Boosting,3,0.42857142857142855,1.0
1740,Random Forest,Gradient Boosting,3,0.42857142857142855,1.0
1741,Logistic Regression,Random Forest,1,0.1111111111111111,1.0
1741,Logistic Regression,Gradient Boosting,1,0.1111111111111111,1.0
1741,Random Forest,Gradient Boosting,5,1.0,1.0
1747,Logistic Regression,Random Forest,4,0.6666666666666666,1.0
1747,Logistic Regression,Gradient Boosting,4,0.6666666666666666,1.0
1747,Random Forest,Gradient Boosting,4,0.6666666666666666,1.0
1763,Logistic Regression,Random Forest,2,0.25,1.0
1763,Logistic Regression,Gradient Boosting,3,0.42857142857142855,1.0
1763,Random Forest,Gradient Boosting,4,0.6666666666666666,1.0
1766,Logistic Regression,Random Forest,4,0.6666666666666666,1.0
1766,Logistic Regression,Gradient Boosting,4,0.6666666666666666,1.0
1766,Random Forest,Gradient Boosting,4,0.6666666666666666,1.0
1771,Logistic Regression,Random Forest,3,0.42857142857142855,0.6666666666666666
1771,Logistic Regression,Gradient Boosting,3,0.42857142857142855,0.6666666666666666
1771,Random Forest,Gradient Boosting,3,0.42857142857142855,1.0
1786,Logistic Regression,Random Forest,3,0.42857142857142855,1.0
1786,Logistic Regression,Gradient Boosting,4,0.6666666666666666,1.0
1786,Random Forest,Gradient Boosting,3,0.42857142857142855,1.0
1794,Logistic Regression,Random Forest,3,0.42857142857142855,1.0
1794,Logistic Regression,Gradient Boosting,3,0.42857142857142855,1.0
1794,Random Forest,Gradient Boosting,4,0.6666666666666666,1.0
1799,Logistic Regression,Random Forest,5,1.0,1.0
1799,Logistic Regression,Gradient Boosting,4,0.6666666666666666,1.0
1799,Random Forest,Gradient Boosting,4,0.6666666666666666,1.0
1803,Logistic Regression,Random Forest,3,0.42857142857142855,0.6666666666666666
1803,Logistic Regression,Gradient Boosting,2,0.25,0.5
1803,Random Forest,Gradient Boosting,3,0.42857142857142855,1.0
1813,Logistic Regression,Random Forest,1,0.1111111111111111,1.0
1813,Logistic Regression,Gradient Boosting,2,0.25,1.0
1813,Random Forest,Gradient Boosting,3,0.42857142857142855,1.0
1823,Logistic Regression,Random Forest,3,0.42857142857142855,1.0
1823,Logistic Regression,Gradient Boosting,2,0.25,1.0
1823,Random Forest,Gradient Boosting,3,0.42857142857142855,1.0
1825,Logistic Regression,Random Forest,3,0.42857142857142855,1.0
1825,Logistic Regression,Gradient Boosting,3,0.42857142857142855,1.0
1825,Random Forest,Gradient Boosting,3,0.42857142857142855,1.0
1833,Logistic Regression,Random Forest,4,0.6666666666666666,1.0
1833,Logistic Regression,Gradient Boosting,4,0.6666666666666666,1.0
1833,Random Forest,Gradient Boosting,4,0.6666666666666666,1.0
1835,Logistic Regression,Random Forest,4,0.6666666666666666,1.0
1835,Logistic Regression,Gradient Boosting,5,1.0,1.0
1835,Random Forest,Gradient Boosting,4,0.6666666666666666,1.0
1841,Logistic Regression,Random Forest,4,0.6666666666666666,1.0
1841,Logistic Regression,Gradient Boosting,4,0.6666666666666666,1.0
1841,Random Forest,Gradient Boosting,5,1.0,1.0
1846,Logistic Regression,Random Forest,1,0.1111111111111111,1.0
1846,Logistic Regression,Gradient Boosting,2,0.25,0.5
1846,Random Forest,Gradient Boosting,4,0.6666666666666666,1.0
1847,Logistic Regression,Random Forest,3,0.42857142857142855,1.0
1847,Logistic Regression,Gradient Boosting,3,0.42857142857142855,1.0
1847,Random Forest,Gradient Boosting,3,0.42857142857142855,1.0
1849,Logistic Regression,Random Forest,3,0.42857142857142855,0.6666666666666666
1849,Logistic Regression,Gradient Boosting,3,0.42857142857142855,0.6666666666666666
1849,Random Forest,Gradient Boosting,5,1.0,1.0
1850,Logistic Regression,Random Forest,4,0.6666666666666666,1.0
1850,Logistic Regression,Gradient Boosting,5,1.0,1.0
1850,Random Forest,Gradient Boosting,4,0.6666666666666666,1.0
1851,Logistic Regression,Random Forest,2,0.25,1.0
1851,Logistic Regression,Gradient Boosting,3,0.42857142857142855,1.0
1851,Random Forest,Gradient Boosting,2,0.25,1.0
1856,Logistic Regression,Random Forest,4,0.6666666666666666,1.0
1856,Logistic Regression,Gradient Boosting,5,1.0,1.0
1856,Random Forest,Gradient Boosting,4,0.6666666666666666,1.0
1858,Logistic Regression,Random Forest,2,0.25,1.0
1858,Logistic Regression,Gradient Boosting,2,0.25,1.0
1858,Random Forest,Gradient Boosting,4,0.6666666666666666,1.0
1859,Logistic Regression,Random Forest,2,0.25,1.0
1859,Logistic Regression,Gradient Boosting,2,0.25,1.0
1859,Random Forest,Gradient Boosting,4,0.6666666666666666,1.0
1860,Logistic Regression,Random Forest,3,0.42857142857142855,1.0
1860,Logistic Regression,Gradient Boosting,4,0.6666666666666666,1.0
1860,Random Forest,Gradient Boosting,4,0.6666666666666666,1.0
1865,Logistic Regression,Random Forest,1,0.1111111111111111,1.0
1865,Logistic Regression,Gradient Boosting,1,0.1111111111111111,1.0
1865,Random Forest,Gradient Boosting,4,0.6666666666666666,1.0
1878,Logistic Regression,Random Forest,2,0.25,1.0
1878,Logistic Regression,Gradient Boosting,3,0.42857142857142855,1.0
1878,Random Forest,Gradient Boosting,3,0.42857142857142855,1.0
1879,Logistic Regression,Random Forest,2,0.25,1.0
1879,Logistic Regression,Gradient Boosting,2,0.25,1.0
1879,Random Forest,Gradient Boosting,4,0.6666666666666666,1.0
1881,Logistic Regression,Random Forest,4,0.6666666666666666,1.0
1881,Logistic Regression,Gradient Boosting,3,0.42857142857142855,1.0
1881,Random Forest,Gradient Boosting,4,0.6666666666666666,1.0
1886,Logistic Regression,Random Forest,2,0.25,1.0
1886,Logistic Regression,Gradient Boosting,2,0.25,1.0
1886,Random Forest,Gradient Boosting,4,0.6666666666666666,1.0
1889,Logistic Regression,Random Forest,4,0.6666666666666666,1.0
1889,Logistic Regression,Gradient Boosting,4,0.6666666666666666,1.0
1889,Random Forest,Gradient Boosting,3,0.42857142857142855,1.0
1897,Logistic Regression,Random Forest,2,0.25,1.0
1897,Logistic Regression,Gradient Boosting,2,0.25,1.0
1897,Random Forest,Gradient Boosting,3,0.42857142857142855,1.0
1903,Logistic Regression,Random Forest,2,0.25,1.0
1903,Logistic Regression,Gradient Boosting,2,0.25,1.0
1903,Random Forest,Gradient Boosting,4,0.6666666666666666,1.0
1906,Logistic Regression,Random Forest,2,0.25,1.0
1906,Logistic Regression,Gradient Boosting,3,0.42857142857142855,1.0
1906,Random Forest,Gradient Boosting,3,0.42857142857142855,1.0
1927,Logistic Regression,Random Forest,3,0.42857142857142855,1.0
1927,Logistic Regression,Gradient Boosting,3,0.42857142857142855,1.0
1927,Random Forest,Gradient Boosting,4,0.6666666666666666,1.0
1929,Logistic Regression,Random Forest,3,0.42857142857142855,1.0
1929,Logistic Regression,Gradient Boosting,3,0.42857142857142855,1.0
1929,Random Forest,Gradient Boosting,4,0.6666666666666666,1.0
1935,Logistic Regression,Random Forest,2,0.25,1.0
1935,Logistic Regression,Gradient Boosting,2,0.25,1.0
1935,Random Forest,Gradient Boosting,4,0.6666666666666666,1.0
1946,Logistic Regression,Random Forest,2,0.25,1.0
1946,Logistic Regression,Gradient Boosting,2,0.25,1.0
1946,Random Forest,Gradient Boosting,4,0.6666666666666666,1.0
1948,Logistic Regression,Random Forest,2,0.25,1.0
1948,Logistic Regression,Gradient Boosting,3,0.42857142857142855,1.0
1948,Random Forest,Gradient Boosting,4,0.6666666666666666,1.0
1950,Logistic Regression,Random Forest,4,0.6666666666666666,0.75
1950,Logistic Regression,Gradient Boosting,3,0.42857142857142855,1.0
1950,Random Forest,Gradient Boosting,3,0.42857142857142855,1.0
1953,Logistic Regression,Random Forest,3,0.42857142857142855,1.0
1953,Logistic Regression,Gradient Boosting,4,0.6666666666666666,1.0
1953,Random Forest,Gradient Boosting,4,0.6666666666666666,1.0
1955,Logistic Regression,Random Forest,3,0.42857142857142855,1.0
1955,Logistic Regression,Gradient Boosting,3,0.42857142857142855,1.0
1955,Random Forest,Gradient Boosting,5,1.0,1.0
1971,Logistic Regression,Random Forest,3,0.42857142857142855,1.0
1971,Logistic Regression,Gradient Boosting,3,0.42857142857142855,1.0
1971,Random Forest,Gradient Boosting,4,0.6666666666666666,1.0
1977,Logistic Regression,Random Forest,2,0.25,1.0
1977,Logistic Regression,Gradient Boosting,3,0.42857142857142855,1.0
1977,Random Forest,Gradient Boosting,2,0.25,1.0
1979,Logistic Regression,Random Forest,3,0.42857142857142855,1.0
1979,Logistic Regression,Gradient Boosting,3,0.42857142857142855,1.0
1979,Random Forest,Gradient Boosting,3,0.42857142857142855,1.0
1989,Logistic Regression,Random Forest,2,0.25,1.0
1989,Logistic Regression,Gradient Boosting,3,0.42857142857142855,1.0
1989,Random Forest,Gradient Boosting,3,0.42857142857142855,1.0
2001,Logistic Regression,Random Forest,4,0.6666666666666666,1.0
2001,Logistic Regression,Gradient Boosting,4,0.6666666666666666,1.0
2001,Random Forest,Gradient Boosting,4,0.6666666666666666,1.0
2002,Logistic Regression,Random Forest,2,0.25,1.0
2002,Logistic Regression,Gradient Boosting,2,0.25,1.0
2002,Random Forest,Gradient Boosting,4,0.6666666666666666,1.0
2004,Logistic Regression,Random Forest,3,0.42857142857142855,1.0
2004,Logistic Regression,Gradient Boosting,4,0.6666666666666666,1.0
2004,Random Forest,Gradient Boosting,2,0.25,1.0
2005,Logistic Regression,Random Forest,1,0.1111111111111111,1.0
2005,Logistic Regression,Gradient Boosting,3,0.42857142857142855,1.0
2005,Random Forest,Gradient Boosting,2,0.25,1.0
2015,Logistic Regression,Random Forest,2,0.25,1.0
2015,Logistic Regression,Gradient Boosting,4,0.6666666666666666,1.0
2015,Random Forest,Gradient Boosting,2,0.25,1.0
2016,Logistic Regression,Random Forest,2,0.25,1.0
2016,Logistic Regression,Gradient Boosting,2,0.25,1.0
2016,Random Forest,Gradient Boosting,3,0.42857142857142855,1.0
2021,Logistic Regression,Random Forest,4,0.6666666666666666,1.0
2021,Logistic Regression,Gradient Boosting,5,1.0,1.0
2021,Random Forest,Gradient Boosting,4,0.6666666666666666,1.0
2033,Logistic Regression,Random Forest,4,0.6666666666666666,1.0
2033,Logistic Regression,Gradient Boosting,4,0.6666666666666666,1.0
2033,Random Forest,Gradient Boosting,4,0.6666666666666666,1.0
2042,Logistic Regression,Random Forest,2,0.25,1.0
2042,Logistic Regression,Gradient Boosting,2,0.25,1.0
2042,Random Forest,Gradient Boosting,3,0.42857142857142855,1.0
2048,Logistic Regression,Random Forest,3,0.42857142857142855,1.0
2048,Logistic Regression,Gradient Boosting,3,0.42857142857142855,1.0
2048,Random Forest,Gradient Boosting,3,0.42857142857142855,1.0
2049,Logistic Regression,Random Forest,2,0.25,1.0
2049,Logistic Regression,Gradient Boosting,2,0.25,1.0
2049,Random Forest,Gradient Boosting,4,0.6666666666666666,1.0
2050,Logistic Regression,Random Forest,2,0.25,1.0
2050,Logistic Regression,Gradient Boosting,3,0.42857142857142855,1.0
2050,Random Forest,Gradient Boosting,4,0.6666666666666666,1.0
2052,Logistic Regression,Random Forest,3,0.42857142857142855,1.0
2052,Logistic Regression,Gradient Boosting,3,0.42857142857142855,1.0
2052,Random Forest,Gradient Boosting,3,0.42857142857142855,1.0
2054,Logistic Regression,Random Forest,3,0.42857142857142855,1.0
2054,Logistic Regression,Gradient Boosting,3,0.42857142857142855,1.0
2054,Random Forest,Gradient Boosting,5,1.0,1.0
2056,Logistic Regression,Random Forest,2,0.25,1.0
2056,Logistic Regression,Gradient Boosting,3,0.42857142857142855,1.0
2056,Random Forest,Gradient Boosting,4,0.6666666666666666,1.0
2059,Logistic Regression,Random Forest,3,0.42857142857142855,1.0
2059,Logistic Regression,Gradient Boosting,3,0.42857142857142855,1.0
2059,Random Forest,Gradient Boosting,4,0.6666666666666666,1.0
2083,Logistic Regression,Random Forest,4,0.6666666666666666,1.0
2083,Logistic Regression,Gradient Boosting,4,0.6666666666666666,1.0
2083,Random Forest,Gradient Boosting,3,0.42857142857142855,1.0
2085,Logistic Regression,Random Forest,4,0.6666666666666666,1.0
2085,Logistic Regression,Gradient Boosting,4,0.6666666666666666,1.0
2085,Random Forest,Gradient Boosting,4,0.6666666666666666,1.0
2094,Logistic Regression,Random Forest,4,0.6666666666666666,1.0
2094,Logistic Regression,Gradient Boosting,4,0.6666666666666666,1.0
2094,Random Forest,Gradient Boosting,4,0.6666666666666666,1.0
2097,Logistic Regression,Random Forest,3,0.42857142857142855,1.0
2097,Logistic Regression,Gradient Boosting,3,0.42857142857142855,1.0
2097,Random Forest,Gradient Boosting,3,0.42857142857142855,1.0
2098,Logistic Regression,Random Forest,3,0.42857142857142855,1.0
2098,Logistic Regression,Gradient Boosting,3,0.42857142857142855,1.0
2098,Random Forest,Gradient Boosting,4,0.6666666666666666,1.0
2102,Logistic Regression,Random Forest,3,0.42857142857142855,1.0
2102,Logistic Regression,Gradient Boosting,3,0.42857142857142855,1.0
2102,Random Forest,Gradient Boosting,4,0.6666666666666666,1.0
2105,Logistic Regression,Random Forest,2,0.25,1.0
2105,Logistic Regression,Gradient Boosting,2,0.25,1.0
2105,Random Forest,Gradient Boosting,4,0.6666666666666666,1.0
2106,Logistic Regression,Random Forest,3,0.42857142857142855,0.6666666666666666
2106,Logistic Regression,Gradient Boosting,4,0.6666666666666666,0.75
2106,Random Forest,Gradient Boosting,4,0.6666666666666666,1.0
2113,Logistic Regression,Random Forest,4,0.6666666666666666,1.0
2113,Logistic Regression,Gradient Boosting,5,1.0,1.0
2113,Random Forest,Gradient Boosting,4,0.6666666666666666,1.0
2119,Logistic Regression,Random Forest,4,0.6666666666666666,1.0
2119,Logistic Regression,Gradient Boosting,4,0.6666666666666666,1.0
2119,Random Forest,Gradient Boosting,3,0.42857142857142855,1.0
2121,Logistic Regression,Random Forest,2,0.25,0.5
2121,Logistic Regression,Gradient Boosting,3,0.42857142857142855,0.6666666666666666
2121,Random Forest,Gradient Boosting,3,0.42857142857142855,1.0
2127,Logistic Regression,Random Forest,3,0.42857142857142855,1.0
2127,Logistic Regression,Gradient Boosting,3,0.42857142857142855,1.0
2127,Random Forest,Gradient Boosting,5,1.0,1.0
2130,Logistic Regression,Random Forest,2,0.25,1.0
2130,Logistic Regression,Gradient Boosting,3,0.42857142857142855,0.6666666666666666
2130,Random Forest,Gradient Boosting,4,0.6666666666666666,1.0
2134,Logistic Regression,Random Forest,2,0.25,1.0
2134,Logistic Regression,Gradient Boosting,2,0.25,1.0
2134,Random Forest,Gradient Boosting,3,0.42857142857142855,1.0
2147,Logistic Regression,Random Forest,1,0.1111111111111111,1.0
2147,Logistic Regression,Gradient Boosting,2,0.25,0.5
2147,Random Forest,Gradient Boosting,4,0.6666666666666666,1.0
2148,Logistic Regression,Random Forest,2,0.25,1.0
2148,Logistic Regression,Gradient Boosting,3,0.42857142857142855,1.0
2148,Random Forest,Gradient Boosting,3,0.42857142857142855,1.0
2151,Logistic Regression,Random Forest,3,0.42857142857142855,1.0
2151,Logistic Regression,Gradient Boosting,3,0.42857142857142855,1.0
2151,Random Forest,Gradient Boosting,5,1.0,1.0
2152,Logistic Regression,Random Forest,2,0.25,1.0
2152,Logistic Regression,Gradient Boosting,2,0.25,1.0
2152,Random Forest,Gradient Boosting,4,0.6666666666666666,1.0
2154,Logistic Regression,Random Forest,3,0.42857142857142855,1.0
2154,Logistic Regression,Gradient Boosting,3,0.42857142857142855,1.0
2154,Random Forest,Gradient Boosting,3,0.42857142857142855,1.0
2159,Logistic Regression,Random Forest,4,0.6666666666666666,1.0
2159,Logistic Regression,Gradient Boosting,2,0.25,1.0
2159,Random Forest,Gradient Boosting,3,0.42857142857142855,1.0
2160,Logistic Regression,Random Forest,2,0.25,1.0
2160,Logistic Regression,Gradient Boosting,3,0.42857142857142855,1.0
2160,Random Forest,Gradient Boosting,3,0.42857142857142855,1.0
2163,Logistic Regression,Random Forest,2,0.25,1.0
2163,Logistic Regression,Gradient Boosting,2,0.25,1.0
2163,Random Forest,Gradient Boosting,4,0.6666666666666666,1.0
2164,Logistic Regression,Random Forest,3,0.42857142857142855,1.0
2164,Logistic Regression,Gradient Boosting,4,0.6666666666666666,1.0
2164,Random Forest,Gradient Boosting,3,0.42857142857142855,1.0
2166,Logistic Regression,Random Forest,3,0.42857142857142855,1.0
2166,Logistic Regression,Gradient Boosting,3,0.42857142857142855,1.0
2166,Random Forest,Gradient Boosting,4,0.6666666666666666,1.0
2169,Logistic Regression,Random Forest,3,0.42857142857142855,1.0
2169,Logistic Regression,Gradient Boosting,3,0.42857142857142855,0.6666666666666666
2169,Random Forest,Gradient Boosting,4,0.6666666666666666,0.75
2176,Logistic Regression,Random Forest,3,0.42857142857142855,1.0
2176,Logistic Regression,Gradient Boosting,3,0.42857142857142855,1.0
2176,Random Forest,Gradient Boosting,4,0.6666666666666666,1.0
2179,Logistic Regression,Random Forest,2,0.25,1.0
2179,Logistic Regression,Gradient Boosting,2,0.25,1.0
2179,Random Forest,Gradient Boosting,4,0.6666666666666666,1.0
2180,Logistic Regression,Random Forest,5,1.0,1.0
2180,Logistic Regression,Gradient Boosting,4,0.6666666666666666,1.0
2180,Random Forest,Gradient Boosting,4,0.6666666666666666,1.0
2183,Logistic Regression,Random Forest,3,0.42857142857142855,1.0
2183,Logistic Regression,Gradient Boosting,3,0.42857142857142855,1.0
2183,Random Forest,Gradient Boosting,4,0.6666666666666666,1.0
2187,Logistic Regression,Random Forest,3,0.42857142857142855,1.0
2187,Logistic Regression,Gradient Boosting,3,0.42857142857142855,1.0
2187,Random Forest,Gradient Boosting,4,0.6666666666666666,1.0
2203,Logistic Regression,Random Forest,4,0.6666666666666666,1.0
2203,Logistic Regression,Gradient Boosting,3,0.42857142857142855,1.0
2203,Random Forest,Gradient Boosting,3,0.42857142857142855,1.0
2218,Logistic Regression,Random Forest,3,0.42857142857142855,1.0
2218,Logistic Regression,Gradient Boosting,2,0.25,1.0
2218,Random Forest,Gradient Boosting,4,0.6666666666666666,1.0
2220,Logistic Regression,Random Forest,2,0.25,1.0
2220,Logistic Regression,Gradient Boosting,2,0.25,1.0
2220,Random Forest,Gradient Boosting,4,0.6666666666666666,1.0
2221,Logistic Regression,Random Forest,2,0.25,1.0
2221,Logistic Regression,Gradient Boosting,3,0.42857142857142855,1.0
2221,Random Forest,Gradient Boosting,2,0.25,1.0
2227,Logistic Regression,Random Forest,4,0.6666666666666666,1.0
2227,Logistic Regression,Gradient Boosting,5,1.0,1.0
2227,Random Forest,Gradient Boosting,4,0.6666666666666666,1.0
2231,Logistic Regression,Random Forest,5,1.0,1.0
2231,Logistic Regression,Gradient Boosting,4,0.6666666666666666,1.0
2231,Random Forest,Gradient Boosting,4,0.6666666666666666,1.0
2236,Logistic Regression,Random Forest,2,0.25,1.0
2236,Logistic Regression,Gradient Boosting,2,0.25,1.0
2236,Random Forest,Gradient Boosting,3,0.42857142857142855,1.0
2243,Logistic Regression,Random Forest,3,0.42857142857142855,1.0
2243,Logistic Regression,Gradient Boosting,3,0.42857142857142855,1.0
2243,Random Forest,Gradient Boosting,4,0.6666666666666666,1.0
2244,Logistic Regression,Random Forest,2,0.25,1.0
2244,Logistic Regression,Gradient Boosting,3,0.42857142857142855,1.0
2244,Random Forest,Gradient Boosting,3,0.42857142857142855,1.0
2249,Logistic Regression,Random Forest,2,0.25,0.5
2249,Logistic Regression,Gradient Boosting,2,0.25,0.5
2249,Random Forest,Gradient Boosting,3,0.42857142857142855,1.0
2250,Logistic Regression,Random Forest,2,0.25,1.0
2250,Logistic Regression,Gradient Boosting,2,0.25,1.0
2250,Random Forest,Gradient Boosting,4,0.6666666666666666,1.0
2251,Logistic Regression,Random Forest,2,0.25,1.0
2251,Logistic Regression,Gradient Boosting,3,0.42857142857142855,1.0
2251,Random Forest,Gradient Boosting,3,0.42857142857142855,1.0
2256,Logistic Regression,Random Forest,2,0.25,1.0
2256,Logistic Regression,Gradient Boosting,3,0.42857142857142855,1.0
2256,Random Forest,Gradient Boosting,3,0.42857142857142855,1.0
2266,Logistic Regression,Random Forest,3,0.42857142857142855,1.0
2266,Logistic Regression,Gradient Boosting,3,0.42857142857142855,1.0
2266,Random Forest,Gradient Boosting,3,0.42857142857142855,1.0
2267,Logistic Regression,Random Forest,4,0.6666666666666666,0.75
2267,Logistic Regression,Gradient Boosting,3,0.42857142857142855,1.0
2267,Random Forest,Gradient Boosting,3,0.42857142857142855,1.0
2268,Logistic Regression,Random Forest,2,0.25,1.0
2268,Logistic Regression,Gradient Boosting,2,0.25,1.0
2268,Random Forest,Gradient Boosting,5,1.0,1.0
2270,Logistic Regression,Random Forest,3,0.42857142857142855,1.0
2270,Logistic Regression,Gradient Boosting,3,0.42857142857142855,1.0
2270,Random Forest,Gradient Boosting,4,0.6666666666666666,1.0
2271,Logistic Regression,Random Forest,3,0.42857142857142855,1.0
2271,Logistic Regression,Gradient Boosting,3,0.42857142857142855,1.0
2271,Random Forest,Gradient Boosting,3,0.42857142857142855,1.0
2274,Logistic Regression,Random Forest,3,0.42857142857142855,1.0
2274,Logistic Regression,Gradient Boosting,2,0.25,1.0
2274,Random Forest,Gradient Boosting,3,0.42857142857142855,1.0
2277,Logistic Regression,Random Forest,2,0.25,1.0
2277,Logistic Regression,Gradient Boosting,3,0.42857142857142855,0.6666666666666666
2277,Random Forest,Gradient Boosting,3,0.42857142857142855,1.0
2286,Logistic Regression,Random Forest,2,0.25,1.0
2286,Logistic Regression,Gradient Boosting,2,0.25,1.0
2286,Random Forest,Gradient Boosting,4,0.6666666666666666,1.0
2315,Logistic Regression,Random Forest,2,0.25,1.0
2315,Logistic Regression,Gradient Boosting,3,0.42857142857142855,1.0
2315,Random Forest,Gradient Boosting,2,0.25,1.0
2325,Logistic Regression,Random Forest,4,0.6666666666666666,1.0
2325,Logistic Regression,Gradient Boosting,4,0.6666666666666666,1.0
2325,Random Forest,Gradient Boosting,4,0.6666666666666666,1.0
2326,Logistic Regression,Random Forest,3,0.42857142857142855,0.6666666666666666
2326,Logistic Regression,Gradient Boosting,2,0.25,1.0
2326,Random Forest,Gradient Boosting,4,0.6666666666666666,1.0
2327,Logistic Regression,Random Forest,4,0.6666666666666666,1.0
2327,Logistic Regression,Gradient Boosting,5,1.0,1.0
2327,Random Forest,Gradient Boosting,4,0.6666666666666666,1.0
2330,Logistic Regression,Random Forest,2,0.25,1.0
2330,Logistic Regression,Gradient Boosting,4,0.6666666666666666,1.0
2330,Random Forest,Gradient Boosting,3,0.42857142857142855,1.0
2339,Logistic Regression,Random Forest,1,0.1111111111111111,1.0
2339,Logistic Regression,Gradient Boosting,1,0.1111111111111111,1.0
2339,Random Forest,Gradient Boosting,3,0.42857142857142855,1.0
2341,Logistic Regression,Random Forest,2,0.25,1.0
2341,Logistic Regression,Gradient Boosting,3,0.42857142857142855,1.0
2341,Random Forest,Gradient Boosting,4,0.6666666666666666,1.0
2344,Logistic Regression,Random Forest,2,0.25,1.0
2344,Logistic Regression,Gradient Boosting,2,0.25,1.0
2344,Random Forest,Gradient Boosting,5,1.0,1.0
2345,Logistic Regression,Random Forest,2,0.25,1.0
2345,Logistic Regression,Gradient Boosting,3,0.42857142857142855,1.0
2345,Random Forest,Gradient Boosting,4,0.6666666666666666,1.0
2346,Logistic Regression,Random Forest,3,0.42857142857142855,0.6666666666666666
2346,Logistic Regression,Gradient Boosting,3,0.42857142857142855,0.6666666666666666
2346,Random Forest,Gradient Boosting,5,1.0,1.0
2349,Logistic Regression,Random Forest,3,0.42857142857142855,1.0
2349,Logistic Regression,Gradient Boosting,3,0.42857142857142855,1.0
2349,Random Forest,Gradient Boosting,4,0.6666666666666666,1.0
2355,Logistic Regression,Random Forest,3,0.42857142857142855,1.0
2355,Logistic Regression,Gradient Boosting,3,0.42857142857142855,1.0
2355,Random Forest,Gradient Boosting,4,0.6666666666666666,1.0
2357,Logistic Regression,Random Forest,2,0.25,0.5
2357,Logistic Regression,Gradient Boosting,2,0.25,0.5
2357,Random Forest,Gradient Boosting,4,0.6666666666666666,1.0
2363,Logistic Regression,Random Forest,3,0.42857142857142855,0.6666666666666666
2363,Logistic Regression,Gradient Boosting,2,0.25,1.0
2363,Random Forest,Gradient Boosting,3,0.42857142857142855,1.0
2364,Logistic Regression,Random Forest,3,0.42857142857142855,0.6666666666666666
2364,Logistic Regression,Gradient Boosting,2,0.25,0.5
2364,Random Forest,Gradient Boosting,4,0.6666666666666666,1.0
2380,Logistic Regression,Random Forest,2,0.25,1.0
2380,Logistic Regression,Gradient Boosting,2,0.25,1.0
2380,Random Forest,Gradient Boosting,4,0.6666666666666666,1.0
2383,Logistic Regression,Random Forest,2,0.25,1.0
2383,Logistic Regression,Gradient Boosting,3,0.42857142857142855,1.0
2383,Random Forest,Gradient Boosting,4,0.6666666666666666,1.0
2384,Logistic Regression,Random Forest,2,0.25,1.0
2384,Logistic Regression,Gradient Boosting,3,0.42857142857142855,1.0
2384,Random Forest,Gradient Boosting,4,0.6666666666666666,1.0
2400,Logistic Regression,Random Forest,0,0.0,
2400,Logistic Regression,Gradient Boosting,1,0.1111111111111111,1.0
2400,Random Forest,Gradient Boosting,3,0.42857142857142855,1.0
2402,Logistic Regression,Random Forest,3,0.42857142857142855,1.0
2402,Logistic Regression,Gradient Boosting,3,0.42857142857142855,1.0
2402,Random Forest,Gradient Boosting,3,0.42857142857142855,1.0
2405,Logistic Regression,Random Forest,3,0.42857142857142855,1.0
2405,Logistic Regression,Gradient Boosting,4,0.6666666666666666,1.0
2405,Random Forest,Gradient Boosting,4,0.6666666666666666,1.0
2407,Logistic Regression,Random Forest,3,0.42857142857142855,1.0
2407,Logistic Regression,Gradient Boosting,4,0.6666666666666666,1.0
2407,Random Forest,Gradient Boosting,4,0.6666666666666666,1.0
2412,Logistic Regression,Random Forest,2,0.25,1.0
2412,Logistic Regression,Gradient Boosting,3,0.42857142857142855,1.0
2412,Random Forest,Gradient Boosting,3,0.42857142857142855,1.0
2413,Logistic Regression,Random Forest,4,0.6666666666666666,1.0
2413,Logistic Regression,Gradient Boosting,3,0.42857142857142855,1.0
2413,Random Forest,Gradient Boosting,2,0.25,1.0
2414,Logistic Regression,Random Forest,3,0.42857142857142855,1.0
2414,Logistic Regression,Gradient Boosting,4,0.6666666666666666,1.0
2414,Random Forest,Gradient Boosting,4,0.6666666666666666,1.0
2418,Logistic Regression,Random Forest,3,0.42857142857142855,1.0
2418,Logistic Regression,Gradient Boosting,3,0.42857142857142855,1.0
2418,Random Forest,Gradient Boosting,3,0.42857142857142855,1.0
2419,Logistic Regression,Random Forest,2,0.25,1.0
2419,Logistic Regression,Gradient Boosting,1,0.1111111111111111,1.0
2419,Random Forest,Gradient Boosting,3,0.42857142857142855,1.0
2427,Logistic Regression,Random Forest,3,0.42857142857142855,1.0
2427,Logistic Regression,Gradient Boosting,3,0.42857142857142855,1.0
2427,Random Forest,Gradient Boosting,3,0.42857142857142855,1.0
2430,Logistic Regression,Random Forest,3,0.42857142857142855,1.0
2430,Logistic Regression,Gradient Boosting,3,0.42857142857142855,1.0
2430,Random Forest,Gradient Boosting,4,0.6666666666666666,1.0
2431,Logistic Regression,Random Forest,2,0.25,1.0
2431,Logistic Regression,Gradient Boosting,3,0.42857142857142855,1.0
2431,Random Forest,Gradient Boosting,2,0.25,1.0
2440,Logistic Regression,Random Forest,4,0.6666666666666666,1.0
2440,Logistic Regression,Gradient Boosting,4,0.6666666666666666,1.0
2440,Random Forest,Gradient Boosting,4,0.6666666666666666,1.0
2443,Logistic Regression,Random Forest,2,0.25,1.0
2443,Logistic Regression,Gradient Boosting,3,0.42857142857142855,0.6666666666666666
2443,Random Forest,Gradient Boosting,4,0.6666666666666666,0.75
2447,Logistic Regression,Random Forest,3,0.42857142857142855,1.0
2447,Logistic Regression,Gradient Boosting,3,0.42857142857142855,1.0
2447,Random Forest,Gradient Boosting,3,0.42857142857142855,1.0
2448,Logistic Regression,Random Forest,4,0.6666666666666666,1.0
2448,Logistic Regression,Gradient Boosting,4,0.6666666666666666,1.0
2448,Random Forest,Gradient Boosting,4,0.6666666666666666,1.0
2450,Logistic Regression,Random Forest,3,0.42857142857142855,1.0
2450,Logistic Regression,Gradient Boosting,3,0.42857142857142855,1.0
2450,Random Forest,Gradient Boosting,3,0.42857142857142855,1.0
2453,Logistic Regression,Random Forest,2,0.25,1.0
2453,Logistic Regression,Gradient Boosting,3,0.42857142857142855,1.0
2453,Random Forest,Gradient Boosting,3,0.42857142857142855,1.0
2465,Logistic Regression,Random Forest,4,0.6666666666666666,1.0
2465,Logistic Regression,Gradient Boosting,5,1.0,1.0
2465,Random Forest,Gradient Boosting,4,0.6666666666666666,1.0
2467,Logistic Regression,Random Forest,2,0.25,1.0
2467,Logistic Regression,Gradient Boosting,2,0.25,1.0
2467,Random Forest,Gradient Boosting,3,0.42857142857142855,1.0
2470,Logistic Regression,Random Forest,2,0.25,1.0
2470,Logistic Regression,Gradient Boosting,2,0.25,1.0
2470,Random Forest,Gradient Boosting,4,0.6666666666666666,1.0
2476,Logistic Regression,Random Forest,2,0.25,1.0
2476,Logistic Regression,Gradient Boosting,3,0.42857142857142855,1.0
2476,Random Forest,Gradient Boosting,3,0.42857142857142855,1.0
2485,Logistic Regression,Random Forest,3,0.42857142857142855,1.0
2485,Logistic Regression,Gradient Boosting,3,0.42857142857142855,1.0
2485,Random Forest,Gradient Boosting,5,1.0,1.0
2486,Logistic Regression,Random Forest,3,0.42857142857142855,1.0
2486,Logistic Regression,Gradient Boosting,4,0.6666666666666666,1.0
2486,Random Forest,Gradient Boosting,3,0.42857142857142855,1.0
2488,Logistic Regression,Random Forest,2,0.25,1.0
2488,Logistic Regression,Gradient Boosting,3,0.42857142857142855,1.0
2488,Random Forest,Gradient Boosting,3,0.42857142857142855,1.0
2496,Logistic Regression,Random Forest,4,0.6666666666666666,1.0
2496,Logistic Regression,Gradient Boosting,3,0.42857142857142855,1.0
2496,Random Forest,Gradient Boosting,4,0.6666666666666666,1.0
2511,Logistic Regression,Random Forest,2,0.25,1.0
2511,Logistic Regression,Gradient Boosting,2,0.25,1.0
2511,Random Forest,Gradient Boosting,4,0.6666666666666666,1.0
2512,Logistic Regression,Random Forest,2,0.25,1.0
2512,Logistic Regression,Gradient Boosting,2,0.25,1.0
2512,Random Forest,Gradient Boosting,4,0.6666666666666666,1.0
2514,Logistic Regression,Random Forest,3,0.42857142857142855,1.0
2514,Logistic Regression,Gradient Boosting,3,0.42857142857142855,1.0
2514,Random Forest,Gradient Boosting,4,0.6666666666666666,1.0
2523,Logistic Regression,Random Forest,4,0.6666666666666666,0.75
2523,Logistic Regression,Gradient Boosting,4,0.6666666666666666,1.0
2523,Random Forest,Gradient Boosting,3,0.42857142857142855,1.0
2533,Logistic Regression,Random Forest,4,0.6666666666666666,1.0
2533,Logistic Regression,Gradient Boosting,4,0.6666666666666666,1.0
2533,Random Forest,Gradient Boosting,4,0.6666666666666666,1.0
2539,Logistic Regression,Random Forest,2,0.25,1.0
2539,Logistic Regression,Gradient Boosting,3,0.42857142857142855,1.0
2539,Random Forest,Gradient Boosting,4,0.6666666666666666,1.0
2542,Logistic Regression,Random Forest,3,0.42857142857142855,1.0
2542,Logistic Regression,Gradient Boosting,3,0.42857142857142855,1.0
2542,Random Forest,Gradient Boosting,4,0.6666666666666666,1.0
2544,Logistic Regression,Random Forest,2,0.25,0.5
2544,Logistic Regression,Gradient Boosting,2,0.25,0.5
2544,Random Forest,Gradient Boosting,5,1.0,1.0
2549,Logistic Regression,Random Forest,3,0.42857142857142855,1.0
2549,Logistic Regression,Gradient Boosting,4,0.6666666666666666,1.0
2549,Random Forest,Gradient Boosting,4,0.6666666666666666,1.0
2553,Logistic Regression,Random Forest,3,0.42857142857142855,1.0
2553,Logistic Regression,Gradient Boosting,3,0.42857142857142855,1.0
2553,Random Forest,Gradient Boosting,4,0.6666666666666666,1.0
2555,Logistic Regression,Random Forest,1,0.1111111111111111,1.0
2555,Logistic Regression,Gradient Boosting,3,0.42857142857142855,1.0
2555,Random Forest,Gradient Boosting,3,0.42857142857142855,1.0
2561,Logistic Regression,Random Forest,2,0.25,1.0
2561,Logistic Regression,Gradient Boosting,2,0.25,1.0
2561,Random Forest,Gradient Boosting,4,0.6666666666666666,1.0
2570,Logistic Regression,Random Forest,3,0.42857142857142855,1.0
2570,Logistic Regression,Gradient Boosting,3,0.42857142857142855,1.0
2570,Random Forest,Gradient Boosting,4,0.6666666666666666,1.0
2571,Logistic Regression,Random Forest,3,0.42857142857142855,1.0
2571,Logistic Regression,Gradient Boosting,3,0.42857142857142855,1.0
2571,Random Forest,Gradient Boosting,4,0.6666666666666666,1.0
2574,Logistic Regression,Random Forest,2,0.25,1.0
2574,Logistic Regression,Gradient Boosting,3,0.42857142857142855,1.0
2574,Random Forest,Gradient Boosting,4,0.6666666666666666,1.0
2578,Logistic Regression,Random Forest,2,0.25,1.0
2578,Logistic Regression,Gradient Boosting,2,0.25,1.0
2578,Random Forest,Gradient Boosting,4,0.6666666666666666,1.0
2586,Logistic Regression,Random Forest,2,0.25,1.0
2586,Logistic Regression,Gradient Boosting,2,0.25,1.0
2586,Random Forest,Gradient Boosting,4,0.6666666666666666,1.0
2589,Logistic Regression,Random Forest,2,0.25,1.0
2589,Logistic Regression,Gradient Boosting,2,0.25,1.0
2589,Random Forest,Gradient Boosting,3,0.42857142857142855,1.0
2594,Logistic Regression,Random Forest,2,0.25,1.0
2594,Logistic Regression,Gradient Boosting,3,0.42857142857142855,1.0
2594,Random Forest,Gradient Boosting,3,0.42857142857142855,1.0
2597,Logistic Regression,Random Forest,4,0.6666666666666666,1.0
2597,Logistic Regression,Gradient Boosting,3,0.42857142857142855,1.0
2597,Random Forest,Gradient Boosting,3,0.42857142857142855,1.0
2599,Logistic Regression,Random Forest,2,0.25,1.0
2599,Logistic Regression,Gradient Boosting,3,0.42857142857142855,1.0
2599,Random Forest,Gradient Boosting,3,0.42857142857142855,1.0
2606,Logistic Regression,Random Forest,1,0.1111111111111111,1.0
2606,Logistic Regression,Gradient Boosting,2,0.25,1.0
2606,Random Forest,Gradient Boosting,3,0.42857142857142855,1.0
2612,Logistic Regression,Random Forest,2,0.25,1.0
2612,Logistic Regression,Gradient Boosting,4,0.6666666666666666,1.0
2612,Random Forest,Gradient Boosting,2,0.25,1.0
2624,Logistic Regression,Random Forest,2,0.25,1.0
2624,Logistic Regression,Gradient Boosting,2,0.25,1.0
2624,Random Forest,Gradient Boosting,4,0.6666666666666666,1.0
2628,Logistic Regression,Random Forest,2,0.25,0.5
2628,Logistic Regression,Gradient Boosting,2,0.25,0.5
2628,Random Forest,Gradient Boosting,4,0.6666666666666666,1.0
2632,Logistic Regression,Random Forest,2,0.25,1.0
2632,Logistic Regression,Gradient Boosting,2,0.25,1.0
2632,Random Forest,Gradient Boosting,4,0.6666666666666666,1.0
2634,Logistic Regression,Random Forest,2,0.25,0.5
2634,Logistic Regression,Gradient Boosting,2,0.25,0.5
2634,Random Forest,Gradient Boosting,5,1.0,1.0
2641,Logistic Regression,Random Forest,2,0.25,1.0
2641,Logistic Regression,Gradient Boosting,3,0.42857142857142855,1.0
2641,Random Forest,Gradient Boosting,4,0.6666666666666666,1.0
2645,Logistic Regression,Random Forest,4,0.6666666666666666,1.0
2645,Logistic Regression,Gradient Boosting,4,0.6666666666666666,1.0
2645,Random Forest,Gradient Boosting,4,0.6666666666666666,1.0
2648,Logistic Regression,Random Forest,2,0.25,1.0
2648,Logistic Regression,Gradient Boosting,2,0.25,1.0
2648,Random Forest,Gradient Boosting,4,0.6666666666666666,1.0
2649,Logistic Regression,Random Forest,1,0.1111111111111111,1.0
2649,Logistic Regression,Gradient Boosting,1,0.1111111111111111,1.0
2649,Random Forest,Gradient Boosting,4,0.6666666666666666,1.0
2651,Logistic Regression,Random Forest,3,0.42857142857142855,1.0
2651,Logistic Regression,Gradient Boosting,3,0.42857142857142855,1.0
2651,Random Forest,Gradient Boosting,5,1.0,1.0
2671,Logistic Regression,Random Forest,2,0.25,1.0
2671,Logistic Regression,Gradient Boosting,2,0.25,1.0
2671,Random Forest,Gradient Boosting,4,0.6666666666666666,1.0
2674,Logistic Regression,Random Forest,3,0.42857142857142855,1.0
2674,Logistic Regression,Gradient Boosting,3,0.42857142857142855,1.0
2674,Random Forest,Gradient Boosting,4,0.6666666666666666,1.0
2681,Logistic Regression,Random Forest,4,0.6666666666666666,1.0
2681,Logistic Regression,Gradient Boosting,4,0.6666666666666666,1.0
2681,Random Forest,Gradient Boosting,4,0.6666666666666666,1.0
2689,Logistic Regression,Random Forest,4,0.6666666666666666,1.0
2689,Logistic Regression,Gradient Boosting,4,0.6666666666666666,1.0
2689,Random Forest,Gradient Boosting,4,0.6666666666666666,1.0
2691,Logistic Regression,Random Forest,1,0.1111111111111111,0.0
2691,Logistic Regression,Gradient Boosting,2,0.25,0.5
2691,Random Forest,Gradient Boosting,4,0.6666666666666666,1.0
2694,Logistic Regression,Random Forest,2,0.25,1.0
2694,Logistic Regression,Gradient Boosting,3,0.42857142857142855,1.0
2694,Random Forest,Gradient Boosting,4,0.6666666666666666,1.0
2698,Logistic Regression,Random Forest,1,0.1111111111111111,1.0
2698,Logistic Regression,Gradient Boosting,2,0.25,1.0
2698,Random Forest,Gradient Boosting,4,0.6666666666666666,1.0
2709,Logistic Regression,Random Forest,2,0.25,1.0
2709,Logistic Regression,Gradient Boosting,2,0.25,1.0
2709,Random Forest,Gradient Boosting,5,1.0,1.0
2711,Logistic Regression,Random Forest,3,0.42857142857142855,1.0
2711,Logistic Regression,Gradient Boosting,4,0.6666666666666666,1.0
2711,Random Forest,Gradient Boosting,4,0.6666666666666666,1.0
2723,Logistic Regression,Random Forest,3,0.42857142857142855,1.0
2723,Logistic Regression,Gradient Boosting,3,0.42857142857142855,1.0
2723,Random Forest,Gradient Boosting,3,0.42857142857142855,1.0
2731,Logistic Regression,Random Forest,4,0.6666666666666666,1.0
2731,Logistic Regression,Gradient Boosting,4,0.6666666666666666,1.0
2731,Random Forest,Gradient Boosting,4,0.6666666666666666,1.0
2734,Logistic Regression,Random Forest,3,0.42857142857142855,1.0
2734,Logistic Regression,Gradient Boosting,3,0.42857142857142855,1.0
2734,Random Forest,Gradient Boosting,3,0.42857142857142855,1.0
2741,Logistic Regression,Random Forest,4,0.6666666666666666,1.0
2741,Logistic Regression,Gradient Boosting,4,0.6666666666666666,1.0
2741,Random Forest,Gradient Boosting,4,0.6666666666666666,1.0
2743,Logistic Regression,Random Forest,4,0.6666666666666666,1.0
2743,Logistic Regression,Gradient Boosting,5,1.0,1.0
2743,Random Forest,Gradient Boosting,4,0.6666666666666666,1.0
2748,Logistic Regression,Random Forest,4,0.6666666666666666,1.0
2748,Logistic Regression,Gradient Boosting,5,1.0,1.0
2748,Random Forest,Gradient Boosting,4,0.6666666666666666,1.0
2750,Logistic Regression,Random Forest,4,0.6666666666666666,1.0
2750,Logistic Regression,Gradient Boosting,4,0.6666666666666666,1.0
2750,Random Forest,Gradient Boosting,4,0.6666666666666666,1.0
2751,Logistic Regression,Random Forest,3,0.42857142857142855,1.0
2751,Logistic Regression,Gradient Boosting,3,0.42857142857142855,1.0
2751,Random Forest,Gradient Boosting,4,0.6666666666666666,1.0
2756,Logistic Regression,Random Forest,3,0.42857142857142855,1.0
2756,Logistic Regression,Gradient Boosting,3,0.42857142857142855,1.0
2756,Random Forest,Gradient Boosting,4,0.6666666666666666,1.0
2759,Logistic Regression,Random Forest,2,0.25,0.5
2759,Logistic Regression,Gradient Boosting,3,0.42857142857142855,0.6666666666666666
2759,Random Forest,Gradient Boosting,4,0.6666666666666666,1.0
2764,Logistic Regression,Random Forest,2,0.25,1.0
2764,Logistic Regression,Gradient Boosting,3,0.42857142857142855,1.0
2764,Random Forest,Gradient Boosting,3,0.42857142857142855,1.0
2768,Logistic Regression,Random Forest,1,0.1111111111111111,1.0
2768,Logistic Regression,Gradient Boosting,2,0.25,1.0
2768,Random Forest,Gradient Boosting,4,0.6666666666666666,1.0
2783,Logistic Regression,Random Forest,2,0.25,1.0
2783,Logistic Regression,Gradient Boosting,3,0.42857142857142855,1.0
2783,Random Forest,Gradient Boosting,3,0.42857142857142855,1.0
2786,Logistic Regression,Random Forest,2,0.25,1.0
2786,Logistic Regression,Gradient Boosting,2,0.25,1.0
2786,Random Forest,Gradient Boosting,4,0.6666666666666666,1.0
2789,Logistic Regression,Random Forest,2,0.25,1.0
2789,Logistic Regression,Gradient Boosting,3,0.42857142857142855,1.0
2789,Random Forest,Gradient Boosting,3,0.42857142857142855,1.0
2791,Logistic Regression,Random Forest,3,0.42857142857142855,1.0
2791,Logistic Regression,Gradient Boosting,4,0.6666666666666666,1.0
2791,Random Forest,Gradient Boosting,3,0.42857142857142855,1.0
2800,Logistic Regression,Random Forest,3,0.42857142857142855,1.0
2800,Logistic Regression,Gradient Boosting,4,0.6666666666666666,1.0
2800,Random Forest,Gradient Boosting,3,0.42857142857142855,1.0
2802,Logistic Regression,Random Forest,4,0.6666666666666666,1.0
2802,Logistic Regression,Gradient Boosting,4,0.6666666666666666,1.0
2802,Random Forest,Gradient Boosting,4,0.6666666666666666,1.0
2830,Logistic Regression,Random Forest,1,0.1111111111111111,0.0
2830,Logistic Regression,Gradient Boosting,2,0.25,0.5
2830,Random Forest,Gradient Boosting,4,0.6666666666666666,1.0
2833,Logistic Regression,Random Forest,2,0.25,1.0
2833,Logistic Regression,Gradient Boosting,3,0.42857142857142855,1.0
2833,Random Forest,Gradient Boosting,3,0.42857142857142855,1.0
2834,Logistic Regression,Random Forest,2,0.25,1.0
2834,Logistic Regression,Gradient Boosting,3,0.42857142857142855,1.0
2834,Random Forest,Gradient Boosting,4,0.6666666666666666,1.0
2848,Logistic Regression,Random Forest,2,0.25,1.0
2848,Logistic Regression,Gradient Boosting,3,0.42857142857142855,1.0
2848,Random Forest,Gradient Boosting,3,0.42857142857142855,1.0
2851,Logistic Regression,Random Forest,3,0.42857142857142855,1.0
2851,Logistic Regression,Gradient Boosting,3,0.42857142857142855,1.0
2851,Random Forest,Gradient Boosting,4,0.6666666666666666,1.0
2859,Logistic Regression,Random Forest,4,0.6666666666666666,1.0
2859,Logistic Regression,Gradient Boosting,3,0.42857142857142855,1.0
2859,Random Forest,Gradient Boosting,3,0.42857142857142855,1.0
2868,Logistic Regression,Random Forest,2,0.25,1.0
2868,Logistic Regression,Gradient Boosting,3,0.42857142857142855,1.0
2868,Random Forest,Gradient Boosting,4,0.6666666666666666,1.0
2869,Logistic Regression,Random Forest,2,0.25,1.0
2869,Logistic Regression,Gradient Boosting,3,0.42857142857142855,1.0
2869,Random Forest,Gradient Boosting,3,0.42857142857142855,1.0
2875,Logistic Regression,Random Forest,2,0.25,1.0
2875,Logistic Regression,Gradient Boosting,3,0.42857142857142855,1.0
2875,Random Forest,Gradient Boosting,3,0.42857142857142855,1.0
2879,Logistic Regression,Random Forest,2,0.25,1.0
2879,Logistic Regression,Gradient Boosting,2,0.25,1.0
2879,Random Forest,Gradient Boosting,5,1.0,1.0
2889,Logistic Regression,Random Forest,2,0.25,1.0
2889,Logistic Regression,Gradient Boosting,4,0.6666666666666666,1.0
2889,Random Forest,Gradient Boosting,3,0.42857142857142855,1.0
2892,Logistic Regression,Random Forest,2,0.25,1.0
2892,Logistic Regression,Gradient Boosting,3,0.42857142857142855,1.0
2892,Random Forest,Gradient Boosting,4,0.6666666666666666,1.0
2902,Logistic Regression,Random Forest,3,0.42857142857142855,1.0
2902,Logistic Regression,Gradient Boosting,3,0.42857142857142855,1.0
2902,Random Forest,Gradient Boosting,3,0.42857142857142855,1.0
2910,Logistic Regression,Random Forest,4,0.6666666666666666,0.75
2910,Logistic Regression,Gradient Boosting,3,0.42857142857142855,1.0
2910,Random Forest,Gradient Boosting,3,0.42857142857142855,1.0
2930,Logistic Regression,Random Forest,3,0.42857142857142855,1.0
2930,Logistic Regression,Gradient Boosting,4,0.6666666666666666,1.0
2930,Random Forest,Gradient Boosting,3,0.42857142857142855,1.0
2934,Logistic Regression,Random Forest,3,0.42857142857142855,1.0
2934,Logistic Regression,Gradient Boosting,4,0.6666666666666666,1.0
2934,Random Forest,Gradient Boosting,4,0.6666666666666666,1.0
2935,Logistic Regression,Random Forest,3,0.42857142857142855,1.0
2935,Logistic Regression,Gradient Boosting,3,0.42857142857142855,1.0
2935,Random Forest,Gradient Boosting,3,0.42857142857142855,1.0
2939,Logistic Regression,Random Forest,3,0.42857142857142855,1.0
2939,Logistic Regression,Gradient Boosting,4,0.6666666666666666,1.0
2939,Random Forest,Gradient Boosting,3,0.42857142857142855,1.0
2941,Logistic Regression,Random Forest,2,0.25,1.0
2941,Logistic Regression,Gradient Boosting,2,0.25,1.0
2941,Random Forest,Gradient Boosting,5,1.0,1.0
2957,Logistic Regression,Random Forest,2,0.25,1.0
2957,Logistic Regression,Gradient Boosting,3,0.42857142857142855,1.0
2957,Random Forest,Gradient Boosting,3,0.42857142857142855,1.0
2961,Logistic Regression,Random Forest,2,0.25,1.0
2961,Logistic Regression,Gradient Boosting,2,0.25,1.0
2961,Random Forest,Gradient Boosting,4,0.6666666666666666,1.0
2962,Logistic Regression,Random Forest,3,0.42857142857142855,1.0
2962,Logistic Regression,Gradient Boosting,3,0.42857142857142855,1.0
2962,Random Forest,Gradient Boosting,5,1.0,1.0
2969,Logistic Regression,Random Forest,3,0.42857142857142855,1.0
2969,Logistic Regression,Gradient Boosting,3,0.42857142857142855,1.0
2969,Random Forest,Gradient Boosting,4,0.6666666666666666,1.0
2972,Logistic Regression,Random Forest,2,0.25,0.5
2972,Logistic Regression,Gradient Boosting,2,0.25,0.5
2972,Random Forest,Gradient Boosting,5,1.0,1.0
2979,Logistic Regression,Random Forest,3,0.42857142857142855,0.6666666666666666
2979,Logistic Regression,Gradient Boosting,3,0.42857142857142855,0.6666666666666666
2979,Random Forest,Gradient Boosting,3,0.42857142857142855,1.0
2982,Logistic Regression,Random Forest,3,0.42857142857142855,1.0
2982,Logistic Regression,Gradient Boosting,3,0.42857142857142855,1.0
2982,Random Forest,Gradient Boosting,4,0.6666666666666666,1.0
2987,Logistic Regression,Random Forest,3,0.42857142857142855,1.0
2987,Logistic Regression,Gradient Boosting,3,0.42857142857142855,1.0
2987,Random Forest,Gradient Boosting,4,0.6666666666666666,1.0
2988,Logistic Regression,Random Forest,3,0.42857142857142855,1.0
2988,Logistic Regression,Gradient Boosting,3,0.42857142857142855,1.0
2988,Random Forest,Gradient Boosting,3,0.42857142857142855,1.0
2991,Logistic Regression,Random Forest,3,0.42857142857142855,1.0
2991,Logistic Regression,Gradient Boosting,3,0.42857142857142855,1.0
2991,Random Forest,Gradient Boosting,5,1.0,1.0
2995,Logistic Regression,Random Forest,3,0.42857142857142855,1.0
2995,Logistic Regression,Gradient Boosting,3,0.42857142857142855,1.0
2995,Random Forest,Gradient Boosting,4,0.6666666666666666,1.0
2997,Logistic Regression,Random Forest,1,0.1111111111111111,0.0
2997,Logistic Regression,Gradient Boosting,2,0.25,0.5
2997,Random Forest,Gradient Boosting,4,0.6666666666666666,1.0
3003,Logistic Regression,Random Forest,3,0.42857142857142855,1.0
3003,Logistic Regression,Gradient Boosting,3,0.42857142857142855,1.0
3003,Random Forest,Gradient Boosting,5,1.0,1.0
3004,Logistic Regression,Random Forest,3,0.42857142857142855,1.0
3004,Logistic Regression,Gradient Boosting,3,0.42857142857142855,1.0
3004,Random Forest,Gradient Boosting,3,0.42857142857142855,1.0
3006,Logistic Regression,Random Forest,1,0.1111111111111111,0.0
3006,Logistic Regression,Gradient Boosting,2,0.25,0.5
3006,Random Forest,Gradient Boosting,4,0.6666666666666666,1.0
3014,Logistic Regression,Random Forest,3,0.42857142857142855,1.0
3014,Logistic Regression,Gradient Boosting,3,0.42857142857142855,1.0
3014,Random Forest,Gradient Boosting,3,0.42857142857142855,1.0
3015,Logistic Regression,Random Forest,2,0.25,1.0
3015,Logistic Regression,Gradient Boosting,3,0.42857142857142855,1.0
3015,Random Forest,Gradient Boosting,3,0.42857142857142855,1.0
3018,Logistic Regression,Random Forest,1,0.1111111111111111,1.0
3018,Logistic Regression,Gradient Boosting,3,0.42857142857142855,1.0
3018,Random Forest,Gradient Boosting,3,0.42857142857142855,1.0
3021,Logistic Regression,Random Forest,3,0.42857142857142855,1.0
3021,Logistic Regression,Gradient Boosting,4,0.6666666666666666,1.0
3021,Random Forest,Gradient Boosting,3,0.42857142857142855,1.0
3022,Logistic Regression,Random Forest,3,0.42857142857142855,0.6666666666666666
3022,Logistic Regression,Gradient Boosting,3,0.42857142857142855,0.6666666666666666
3022,Random Forest,Gradient Boosting,4,0.6666666666666666,1.0
3030,Logistic Regression,Random Forest,2,0.25,1.0
3030,Logistic Regression,Gradient Boosting,2,0.25,1.0
3030,Random Forest,Gradient Boosting,3,0.42857142857142855,1.0
3038,Logistic Regression,Random Forest,2,0.25,1.0
3038,Logistic Regression,Gradient Boosting,2,0.25,1.0
3038,Random Forest,Gradient Boosting,3,0.42857142857142855,1.0
3049,Logistic Regression,Random Forest,2,0.25,1.0
3049,Logistic Regression,Gradient Boosting,3,0.42857142857142855,1.0
3049,Random Forest,Gradient Boosting,3,0.42857142857142855,1.0
3055,Logistic Regression,Random Forest,3,0.42857142857142855,1.0
3055,Logistic Regression,Gradient Boosting,4,0.6666666666666666,1.0
3055,Random Forest,Gradient Boosting,4,0.6666666666666666,1.0
3065,Logistic Regression,Random Forest,3,0.42857142857142855,1.0
3065,Logistic Regression,Gradient Boosting,4,0.6666666666666666,1.0
3065,Random Forest,Gradient Boosting,3,0.42857142857142855,1.0
3074,Logistic Regression,Random Forest,3,0.42857142857142855,1.0
3074,Logistic Regression,Gradient Boosting,4,0.6666666666666666,1.0
3074,Random Forest,Gradient Boosting,4,0.6666666666666666,1.0
3090,Logistic Regression,Random Forest,1,0.1111111111111111,1.0
3090,Logistic Regression,Gradient Boosting,3,0.42857142857142855,1.0
3090,Random Forest,Gradient Boosting,2,0.25,1.0
3095,Logistic Regression,Random Forest,3,0.42857142857142855,1.0
3095,Logistic Regression,Gradient Boosting,4,0.6666666666666666,1.0
3095,Random Forest,Gradient Boosting,4,0.6666666666666666,1.0
3097,Logistic Regression,Random Forest,2,0.25,1.0
3097,Logistic Regression,Gradient Boosting,2,0.25,1.0
3097,Random Forest,Gradient Boosting,4,0.6666666666666666,1.0
3098,Logistic Regression,Random Forest,1,0.1111111111111111,1.0
3098,Logistic Regression,Gradient Boosting,2,0.25,1.0
3098,Random Forest,Gradient Boosting,3,0.42857142857142855,1.0
3101,Logistic Regression,Random Forest,1,0.1111111111111111,1.0
3101,Logistic Regression,Gradient Boosting,2,0.25,1.0
3101,Random Forest,Gradient Boosting,3,0.42857142857142855,1.0
3102,Logistic Regression,Random Forest,2,0.25,1.0
3102,Logistic Regression,Gradient Boosting,2,0.25,1.0
3102,Random Forest,Gradient Boosting,4,0.6666666666666666,1.0
3107,Logistic Regression,Random Forest,3,0.42857142857142855,1.0
3107,Logistic Regression,Gradient Boosting,4,0.6666666666666666,1.0
3107,Random Forest,Gradient Boosting,3,0.42857142857142855,1.0
3121,Logistic Regression,Random Forest,3,0.42857142857142855,1.0
3121,Logistic Regression,Gradient Boosting,3,0.42857142857142855,1.0
3121,Random Forest,Gradient Boosting,5,1.0,1.0
3125,Logistic Regression,Random Forest,2,0.25,1.0
3125,Logistic Regression,Gradient Boosting,3,0.42857142857142855,1.0
3125,Random Forest,Gradient Boosting,4,0.6666666666666666,1.0
3134,Logistic Regression,Random Forest,2,0.25,1.0
3134,Logistic Regression,Gradient Boosting,3,0.42857142857142855,1.0
3134,Random Forest,Gradient Boosting,4,0.6666666666666666,1.0
3148,Logistic Regression,Random Forest,1,0.1111111111111111,0.0
3148,Logistic Regression,Gradient Boosting,2,0.25,0.5
3148,Random Forest,Gradient Boosting,4,0.6666666666666666,1.0
3159,Logistic Regression,Random Forest,3,0.42857142857142855,1.0
3159,Logistic Regression,Gradient Boosting,3,0.42857142857142855,1.0
3159,Random Forest,Gradient Boosting,3,0.42857142857142855,1.0
3165,Logistic Regression,Random Forest,1,0.1111111111111111,0.0
3165,Logistic Regression,Gradient Boosting,2,0.25,0.5
3165,Random Forest,Gradient Boosting,3,0.42857142857142855,1.0
3169,Logistic Regression,Random Forest,2,0.25,1.0
3169,Logistic Regression,Gradient Boosting,2,0.25,1.0
3169,Random Forest,Gradient Boosting,3,0.42857142857142855,1.0
3170,Logistic Regression,Random Forest,2,0.25,1.0
3170,Logistic Regression,Gradient Boosting,3,0.42857142857142855,1.0
3170,Random Forest,Gradient Boosting,4,0.6666666666666666,1.0
3173,Logistic Regression,Random Forest,3,0.42857142857142855,1.0
3173,Logistic Regression,Gradient Boosting,3,0.42857142857142855,1.0
3173,Random Forest,Gradient Boosting,4,0.6666666666666666,1.0
3180,Logistic Regression,Random Forest,3,0.42857142857142855,1.0
3180,Logistic Regression,Gradient Boosting,3,0.42857142857142855,1.0
3180,Random Forest,Gradient Boosting,4,0.6666666666666666,1.0
3183,Logistic Regression,Random Forest,2,0.25,0.0
3183,Logistic Regression,Gradient Boosting,2,0.25,0.5
3183,Random Forest,Gradient Boosting,3,0.42857142857142855,1.0
3185,Logistic Regression,Random Forest,3,0.42857142857142855,1.0
3185,Logistic Regression,Gradient Boosting,3,0.42857142857142855,1.0
3185,Random Forest,Gradient Boosting,3,0.42857142857142855,1.0
3188,Logistic Regression,Random Forest,3,0.42857142857142855,1.0
3188,Logistic Regression,Gradient Boosting,4,0.6666666666666666,1.0
3188,Random Forest,Gradient Boosting,3,0.42857142857142855,1.0
3198,Logistic Regression,Random Forest,4,0.6666666666666666,1.0
3198,Logistic Regression,Gradient Boosting,4,0.6666666666666666,1.0
3198,Random Forest,Gradient Boosting,4,0.6666666666666666,1.0
3201,Logistic Regression,Random Forest,2,0.25,1.0
3201,Logistic Regression,Gradient Boosting,2,0.25,1.0
3201,Random Forest,Gradient Boosting,3,0.42857142857142855,1.0
3203,Logistic Regression,Random Forest,2,0.25,1.0
3203,Logistic Regression,Gradient Boosting,1,0.1111111111111111,1.0
3203,Random Forest,Gradient Boosting,3,0.42857142857142855,1.0
3205,Logistic Regression,Random Forest,4,0.6666666666666666,1.0
3205,Logistic Regression,Gradient Boosting,4,0.6666666666666666,1.0
3205,Random Forest,Gradient Boosting,4,0.6666666666666666,1.0
3209,Logistic Regression,Random Forest,2,0.25,0.5
3209,Logistic Regression,Gradient Boosting,2,0.25,0.5
3209,Random Forest,Gradient Boosting,5,1.0,1.0
3218,Logistic Regression,Random Forest,2,0.25,1.0
3218,Logistic Regression,Gradient Boosting,3,0.42857142857142855,1.0
3218,Random Forest,Gradient Boosting,3,0.42857142857142855,1.0
3223,Logistic Regression,Random Forest,4,0.6666666666666666,1.0
3223,Logistic Regression,Gradient Boosting,4,0.6666666666666666,1.0
3223,Random Forest,Gradient Boosting,4,0.6666666666666666,1.0
3235,Logistic Regression,Random Forest,3,0.42857142857142855,1.0
3235,Logistic Regression,Gradient Boosting,3,0.42857142857142855,1.0
3235,Random Forest,Gradient Boosting,4,0.6666666666666666,1.0
3237,Logistic Regression,Random Forest,2,0.25,0.5
3237,Logistic Regression,Gradient Boosting,3,0.42857142857142855,0.6666666666666666
3237,Random Forest,Gradient Boosting,4,0.6666666666666666,1.0
3239,Logistic Regression,Random Forest,2,0.25,1.0
3239,Logistic Regression,Gradient Boosting,4,0.6666666666666666,1.0
3239,Random Forest,Gradient Boosting,3,0.42857142857142855,1.0
3242,Logistic Regression,Random Forest,3,0.42857142857142855,1.0
3242,Logistic Regression,Gradient Boosting,3,0.42857142857142855,1.0
3242,Random Forest,Gradient Boosting,4,0.6666666666666666,1.0
3252,Logistic Regression,Random Forest,3,0.42857142857142855,1.0
3252,Logistic Regression,Gradient Boosting,4,0.6666666666666666,1.0
3252,Random Forest,Gradient Boosting,4,0.6666666666666666,1.0
3259,Logistic Regression,Random Forest,3,0.42857142857142855,1.0
3259,Logistic Regression,Gradient Boosting,3,0.42857142857142855,1.0
3259,Random Forest,Gradient Boosting,3,0.42857142857142855,1.0
3261,Logistic Regression,Random Forest,1,0.1111111111111111,1.0
3261,Logistic Regression,Gradient Boosting,3,0.42857142857142855,1.0
3261,Random Forest,Gradient Boosting,3,0.42857142857142855,1.0
3262,Logistic Regression,Random Forest,4,0.6666666666666666,1.0
3262,Logistic Regression,Gradient Boosting,4,0.6666666666666666,1.0
3262,Random Forest,Gradient Boosting,4,0.6666666666666666,1.0
3264,Logistic Regression,Random Forest,2,0.25,1.0
3264,Logistic Regression,Gradient Boosting,3,0.42857142857142855,1.0
3264,Random Forest,Gradient Boosting,4,0.6666666666666666,1.0
3274,Logistic Regression,Random Forest,4,0.6666666666666666,1.0
3274,Logistic Regression,Gradient Boosting,4,0.6666666666666666,1.0
3274,Random Forest,Gradient Boosting,4,0.6666666666666666,1.0
3276,Logistic Regression,Random Forest,1,0.1111111111111111,1.0
3276,Logistic Regression,Gradient Boosting,3,0.42857142857142855,1.0
3276,Random Forest,Gradient Boosting,3,0.42857142857142855,1.0
3277,Logistic Regression,Random Forest,2,0.25,1.0
3277,Logistic Regression,Gradient Boosting,4,0.6666666666666666,1.0
3277,Random Forest,Gradient Boosting,2,0.25,1.0
3279,Logistic Regression,Random Forest,3,0.42857142857142855,1.0
3279,Logistic Regression,Gradient Boosting,3,0.42857142857142855,1.0
3279,Random Forest,Gradient Boosting,3,0.42857142857142855,1.0
3282,Logistic Regression,Random Forest,2,0.25,1.0
3282,Logistic Regression,Gradient Boosting,3,0.42857142857142855,1.0
3282,Random Forest,Gradient Boosting,4,0.6666666666666666,1.0
3298,Logistic Regression,Random Forest,3,0.42857142857142855,1.0
3298,Logistic Regression,Gradient Boosting,4,0.6666666666666666,1.0
3298,Random Forest,Gradient Boosting,4,0.6666666666666666,1.0
3301,Logistic Regression,Random Forest,3,0.42857142857142855,1.0
3301,Logistic Regression,Gradient Boosting,3,0.42857142857142855,1.0
3301,Random Forest,Gradient Boosting,4,0.6666666666666666,1.0
3324,Logistic Regression,Random Forest,5,1.0,1.0
3324,Logistic Regression,Gradient Boosting,3,0.42857142857142855,1.0
3324,Random Forest,Gradient Boosting,3,0.42857142857142855,1.0
3326,Logistic Regression,Random Forest,2,0.25,1.0
3326,Logistic Regression,Gradient Boosting,3,0.42857142857142855,1.0
3326,Random Forest,Gradient Boosting,4,0.6666666666666666,1.0
3339,Logistic Regression,Random Forest,2,0.25,0.5
3339,Logistic Regression,Gradient Boosting,2,0.25,0.5
3339,Random Forest,Gradient Boosting,3,0.42857142857142855,1.0
3340,Logistic Regression,Random Forest,4,0.6666666666666666,1.0
3340,Logistic Regression,Gradient Boosting,5,1.0,1.0
3340,Random Forest,Gradient Boosting,4,0.6666666666666666,1.0
3341,Logistic Regression,Random Forest,2,0.25,1.0
3341,Logistic Regression,Gradient Boosting,2,0.25,1.0
3341,Random Forest,Gradient Boosting,4,0.6666666666666666,1.0
3350,Logistic Regression,Random Forest,2,0.25,1.0
3350,Logistic Regression,Gradient Boosting,3,0.42857142857142855,1.0
3350,Random Forest,Gradient Boosting,4,0.6666666666666666,1.0
3362,Logistic Regression,Random Forest,2,0.25,1.0
3362,Logistic Regression,Gradient Boosting,3,0.42857142857142855,1.0
3362,Random Forest,Gradient Boosting,4,0.6666666666666666,1.0
3365,Logistic Regression,Random Forest,4,0.6666666666666666,1.0
3365,Logistic Regression,Gradient Boosting,5,1.0,1.0
3365,Random Forest,Gradient Boosting,4,0.6666666666666666,1.0
3369,Logistic Regression,Random Forest,3,0.42857142857142855,1.0
3369,Logistic Regression,Gradient Boosting,3,0.42857142857142855,1.0
3369,Random Forest,Gradient Boosting,4,0.6666666666666666,1.0
3373,Logistic Regression,Random Forest,2,0.25,1.0
3373,Logistic Regression,Gradient Boosting,3,0.42857142857142855,1.0
3373,Random Forest,Gradient Boosting,4,0.6666666666666666,1.0
3382,Logistic Regression,Random Forest,3,0.42857142857142855,1.0
3382,Logistic Regression,Gradient Boosting,4,0.6666666666666666,1.0
3382,Random Forest,Gradient Boosting,4,0.6666666666666666,1.0
3383,Logistic Regression,Random Forest,3,0.42857142857142855,1.0
3383,Logistic Regression,Gradient Boosting,3,0.42857142857142855,1.0
3383,Random Forest,Gradient Boosting,4,0.6666666666666666,1.0
3385,Logistic Regression,Random Forest,2,0.25,1.0
3385,Logistic Regression,Gradient Boosting,3,0.42857142857142855,1.0
3385,Random Forest,Gradient Boosting,4,0.6666666666666666,1.0
3386,Logistic Regression,Random Forest,3,0.42857142857142855,1.0
3386,Logistic Regression,Gradient Boosting,4,0.6666666666666666,1.0
3386,Random Forest,Gradient Boosting,3,0.42857142857142855,1.0
3390,Logistic Regression,Random Forest,4,0.6666666666666666,1.0
3390,Logistic Regression,Gradient Boosting,4,0.6666666666666666,1.0
3390,Random Forest,Gradient Boosting,3,0.42857142857142855,1.0
3395,Logistic Regression,Random Forest,2,0.25,1.0
3395,Logistic Regression,Gradient Boosting,3,0.42857142857142855,1.0
3395,Random Forest,Gradient Boosting,4,0.6666666666666666,1.0
3402,Logistic Regression,Random Forest,2,0.25,1.0
3402,Logistic Regression,Gradient Boosting,2,0.25,1.0
3402,Random Forest,Gradient Boosting,3,0.42857142857142855,1.0
3412,Logistic Regression,Random Forest,3,0.42857142857142855,1.0
3412,Logistic Regression,Gradient Boosting,4,0.6666666666666666,1.0
3412,Random Forest,Gradient Boosting,4,0.6666666666666666,1.0
3423,Logistic Regression,Random Forest,2,0.25,1.0
3423,Logistic Regression,Gradient Boosting,2,0.25,1.0
3423,Random Forest,Gradient Boosting,3,0.42857142857142855,1.0
3430,Logistic Regression,Random Forest,4,0.6666666666666666,1.0
3430,Logistic Regression,Gradient Boosting,4,0.6666666666666666,1.0
3430,Random Forest,Gradient Boosting,4,0.6666666666666666,1.0
3432,Logistic Regression,Random Forest,4,0.6666666666666666,1.0
3432,Logistic Regression,Gradient Boosting,4,0.6666666666666666,1.0
3432,Random Forest,Gradient Boosting,4,0.6666666666666666,1.0
3440,Logistic Regression,Random Forest,2,0.25,1.0
3440,Logistic Regression,Gradient Boosting,2,0.25,1.0
3440,Random Forest,Gradient Boosting,5,1.0,1.0
3461,Logistic Regression,Random Forest,2,0.25,1.0
3461,Logistic Regression,Gradient Boosting,2,0.25,1.0
3461,Random Forest,Gradient Boosting,4,0.6666666666666666,1.0
3463,Logistic Regression,Random Forest,3,0.42857142857142855,1.0
3463,Logistic Regression,Gradient Boosting,3,0.42857142857142855,1.0
3463,Random Forest,Gradient Boosting,3,0.42857142857142855,1.0
3466,Logistic Regression,Random Forest,1,0.1111111111111111,1.0
3466,Logistic Regression,Gradient Boosting,2,0.25,1.0
3466,Random Forest,Gradient Boosting,3,0.42857142857142855,1.0
3469,Logistic Regression,Random Forest,3,0.42857142857142855,1.0
3469,Logistic Regression,Gradient Boosting,3,0.42857142857142855,1.0
3469,Random Forest,Gradient Boosting,4,0.6666666666666666,1.0
3471,Logistic Regression,Random Forest,3,0.42857142857142855,1.0
3471,Logistic Regression,Gradient Boosting,3,0.42857142857142855,1.0
3471,Random Forest,Gradient Boosting,4,0.6666666666666666,1.0
3476,Logistic Regression,Random Forest,2,0.25,1.0
3476,Logistic Regression,Gradient Boosting,3,0.42857142857142855,1.0
3476,Random Forest,Gradient Boosting,4,0.6666666666666666,1.0
3485,Logistic Regression,Random Forest,4,0.6666666666666666,1.0
3485,Logistic Regression,Gradient Boosting,3,0.42857142857142855,1.0
3485,Random Forest,Gradient Boosting,3,0.42857142857142855,1.0
3487,Logistic Regression,Random Forest,4,0.6666666666666666,1.0
3487,Logistic Regression,Gradient Boosting,5,1.0,1.0
3487,Random Forest,Gradient Boosting,4,0.6666666666666666,1.0
3490,Logistic Regression,Random Forest,4,0.6666666666666666,1.0
3490,Logistic Regression,Gradient Boosting,4,0.6666666666666666,1.0
3490,Random Forest,Gradient Boosting,3,0.42857142857142855,1.0
3496,Logistic Regression,Random Forest,4,0.6666666666666666,1.0
3496,Logistic Regression,Gradient Boosting,5,1.0,1.0
3496,Random Forest,Gradient Boosting,4,0.6666666666666666,1.0
3505,Logistic Regression,Random Forest,4,0.6666666666666666,0.75
3505,Logistic Regression,Gradient Boosting,3,0.42857142857142855,1.0
3505,Random Forest,Gradient Boosting,4,0.6666666666666666,1.0
3510,Logistic Regression,Random Forest,3,0.42857142857142855,1.0
3510,Logistic Regression,Gradient Boosting,3,0.42857142857142855,1.0
3510,Random Forest,Gradient Boosting,4,0.6666666666666666,1.0
3518,Logistic Regression,Random Forest,1,0.1111111111111111,1.0
3518,Logistic Regression,Gradient Boosting,2,0.25,1.0
3518,Random Forest,Gradient Boosting,3,0.42857142857142855,1.0
3526,Logistic Regression,Random Forest,4,0.6666666666666666,1.0
3526,Logistic Regression,Gradient Boosting,4,0.6666666666666666,1.0
3526,Random Forest,Gradient Boosting,4,0.6666666666666666,1.0
3533,Logistic Regression,Random Forest,3,0.42857142857142855,1.0
3533,Logistic Regression,Gradient Boosting,4,0.6666666666666666,1.0
3533,Random Forest,Gradient Boosting,4,0.6666666666666666,1.0
3545,Logistic Regression,Random Forest,3,0.42857142857142855,1.0
3545,Logistic Regression,Gradient Boosting,3,0.42857142857142855,1.0
3545,Random Forest,Gradient Boosting,4,0.6666666666666666,1.0
3555,Logistic Regression,Random Forest,2,0.25,1.0
3555,Logistic Regression,Gradient Boosting,2,0.25,1.0
3555,Random Forest,Gradient Boosting,4,0.6666666666666666,1.0
3556,Logistic Regression,Random Forest,2,0.25,1.0
3556,Logistic Regression,Gradient Boosting,2,0.25,0.5
3556,Random Forest,Gradient Boosting,4,0.6666666666666666,1.0
3559,Logistic Regression,Random Forest,2,0.25,0.5
3559,Logistic Regression,Gradient Boosting,2,0.25,0.5
3559,Random Forest,Gradient Boosting,3,0.42857142857142855,1.0
3574,Logistic Regression,Random Forest,2,0.25,1.0
3574,Logistic Regression,Gradient Boosting,3,0.42857142857142855,1.0
3574,Random Forest,Gradient Boosting,4,0.6666666666666666,1.0
3575,Logistic Regression,Random Forest,4,0.6666666666666666,1.0
3575,Logistic Regression,Gradient Boosting,5,1.0,1.0
3575,Random Forest,Gradient Boosting,4,0.6666666666666666,1.0
3577,Logistic Regression,Random Forest,3,0.42857142857142855,1.0
3577,Logistic Regression,Gradient Boosting,3,0.42857142857142855,1.0
3577,Random Forest,Gradient Boosting,3,0.42857142857142855,1.0
3581,Logistic Regression,Random Forest,3,0.42857142857142855,1.0
3581,Logistic Regression,Gradient Boosting,3,0.42857142857142855,1.0
3581,Random Forest,Gradient Boosting,4,0.6666666666666666,1.0
3582,Logistic Regression,Random Forest,3,0.42857142857142855,1.0
3582,Logistic Regression,Gradient Boosting,3,0.42857142857142855,1.0
3582,Random Forest,Gradient Boosting,3,0.42857142857142855,1.0
3583,Logistic Regression,Random Forest,3,0.42857142857142855,1.0
3583,Logistic Regression,Gradient Boosting,3,0.42857142857142855,1.0
3583,Random Forest,Gradient Boosting,4,0.6666666666666666,1.0
3590,Logistic Regression,Random Forest,3,0.42857142857142855,1.0
3590,Logistic Regression,Gradient Boosting,3,0.42857142857142855,1.0
3590,Random Forest,Gradient Boosting,3,0.42857142857142855,1.0
3591,Logistic Regression,Random Forest,2,0.25,1.0
3591,Logistic Regression,Gradient Boosting,2,0.25,1.0
3591,Random Forest,Gradient Boosting,3,0.42857142857142855,1.0
3592,Logistic Regression,Random Forest,2,0.25,1.0
3592,Logistic Regression,Gradient Boosting,3,0.42857142857142855,1.0
3592,Random Forest,Gradient Boosting,3,0.42857142857142855,1.0
3606,Logistic Regression,Random Forest,2,0.25,1.0
3606,Logistic Regression,Gradient Boosting,2,0.25,1.0
3606,Random Forest,Gradient Boosting,4,0.6666666666666666,1.0
3612,Logistic Regression,Random Forest,2,0.25,1.0
3612,Logistic Regression,Gradient Boosting,2,0.25,1.0
3612,Random Forest,Gradient Boosting,3,0.42857142857142855,1.0
3625,Logistic Regression,Random Forest,2,0.25,1.0
3625,Logistic Regression,Gradient Boosting,2,0.25,1.0
3625,Random Forest,Gradient Boosting,3,0.42857142857142855,1.0
3628,Logistic Regression,Random Forest,4,0.6666666666666666,1.0
3628,Logistic Regression,Gradient Boosting,4,0.6666666666666666,1.0
3628,Random Forest,Gradient Boosting,3,0.42857142857142855,1.0
3630,Logistic Regression,Random Forest,3,0.42857142857142855,1.0
3630,Logistic Regression,Gradient Boosting,3,0.42857142857142855,1.0
3630,Random Forest,Gradient Boosting,4,0.6666666666666666,1.0
3633,Logistic Regression,Random Forest,2,0.25,1.0
3633,Logistic Regression,Gradient Boosting,3,0.42857142857142855,1.0
3633,Random Forest,Gradient Boosting,3,0.42857142857142855,1.0
3637,Logistic Regression,Random Forest,4,0.6666666666666666,1.0
3637,Logistic Regression,Gradient Boosting,3,0.42857142857142855,1.0
3637,Random Forest,Gradient Boosting,2,0.25,1.0
3642,Logistic Regression,Random Forest,3,0.42857142857142855,1.0
3642,Logistic Regression,Gradient Boosting,3,0.42857142857142855,1.0
3642,Random Forest,Gradient Boosting,5,1.0,1.0
3644,Logistic Regression,Random Forest,3,0.42857142857142855,1.0
3644,Logistic Regression,Gradient Boosting,3,0.42857142857142855,1.0
3644,Random Forest,Gradient Boosting,4,0.6666666666666666,1.0
3657,Logistic Regression,Random Forest,3,0.42857142857142855,1.0
3657,Logistic Regression,Gradient Boosting,3,0.42857142857142855,1.0
3657,Random Forest,Gradient Boosting,4,0.6666666666666666,1.0
3670,Logistic Regression,Random Forest,2,0.25,1.0
3670,Logistic Regression,Gradient Boosting,3,0.42857142857142855,1.0
3670,Random Forest,Gradient Boosting,3,0.42857142857142855,1.0
3673,Logistic Regression,Random Forest,3,0.42857142857142855,1.0
3673,Logistic Regression,Gradient Boosting,2,0.25,1.0
3673,Random Forest,Gradient Boosting,3,0.42857142857142855,1.0
3677,Logistic Regression,Random Forest,3,0.42857142857142855,1.0
3677,Logistic Regression,Gradient Boosting,3,0.42857142857142855,1.0
3677,Random Forest,Gradient Boosting,3,0.42857142857142855,1.0
3678,Logistic Regression,Random Forest,3,0.42857142857142855,1.0
3678,Logistic Regression,Gradient Boosting,3,0.42857142857142855,1.0
3678,Random Forest,Gradient Boosting,4,0.6666666666666666,1.0
3681,Logistic Regression,Random Forest,2,0.25,1.0
3681,Logistic Regression,Gradient Boosting,1,0.1111111111111111,1.0
3681,Random Forest,Gradient Boosting,4,0.6666666666666666,1.0
3683,Logistic Regression,Random Forest,3,0.42857142857142855,1.0
3683,Logistic Regression,Gradient Boosting,2,0.25,1.0
3683,Random Forest,Gradient Boosting,3,0.42857142857142855,1.0
3690,Logistic Regression,Random Forest,1,0.1111111111111111,0.0
3690,Logistic Regression,Gradient Boosting,1,0.1111111111111111,0.0
3690,Random Forest,Gradient Boosting,5,1.0,1.0
3693,Logistic Regression,Random Forest,2,0.25,1.0
3693,Logistic Regression,Gradient Boosting,2,0.25,1.0
3693,Random Forest,Gradient Boosting,3,0.42857142857142855,1.0
3699,Logistic Regression,Random Forest,3,0.42857142857142855,1.0
3699,Logistic Regression,Gradient Boosting,3,0.42857142857142855,1.0
3699,Random Forest,Gradient Boosting,4,0.6666666666666666,1.0
3700,Logistic Regression,Random Forest,2,0.25,1.0
3700,Logistic Regression,Gradient Boosting,2,0.25,1.0
3700,Random Forest,Gradient Boosting,4,0.6666666666666666,1.0
3707,Logistic Regression,Random Forest,4,0.6666666666666666,1.0
3707,Logistic Regression,Gradient Boosting,4,0.6666666666666666,1.0
3707,Random Forest,Gradient Boosting,3,0.42857142857142855,1.0
3709,Logistic Regression,Random Forest,2,0.25,0.5
3709,Logistic Regression,Gradient Boosting,3,0.42857142857142855,0.6666666666666666
3709,Random Forest,Gradient Boosting,3,0.42857142857142855,1.0
3713,Logistic Regression,Random Forest,5,1.0,0.8
3713,Logistic Regression,Gradient Boosting,4,0.6666666666666666,1.0
3713,Random Forest,Gradient Boosting,4,0.6666666666666666,1.0
3722,Logistic Regression,Random Forest,4,0.6666666666666666,0.75
3722,Logistic Regression,Gradient Boosting,3,0.42857142857142855,1.0
3722,Random Forest,Gradient Boosting,4,0.6666666666666666,1.0
3727,Logistic Regression,Random Forest,2,0.25,1.0
3727,Logistic Regression,Gradient Boosting,2,0.25,1.0
3727,Random Forest,Gradient Boosting,4,0.6666666666666666,1.0
3731,Logistic Regression,Random Forest,1,0.1111111111111111,1.0
3731,Logistic Regression,Gradient Boosting,1,0.1111111111111111,1.0
3731,Random Forest,Gradient Boosting,4,0.6666666666666666,1.0
3733,Logistic Regression,Random Forest,3,0.42857142857142855,1.0
3733,Logistic Regression,Gradient Boosting,3,0.42857142857142855,1.0
3733,Random Forest,Gradient Boosting,4,0.6666666666666666,1.0
3737,Logistic Regression,Random Forest,1,0.1111111111111111,1.0
3737,Logistic Regression,Gradient Boosting,2,0.25,1.0
3737,Random Forest,Gradient Boosting,4,0.6666666666666666,1.0
3742,Logistic Regression,Random Forest,2,0.25,1.0
3742,Logistic Regression,Gradient Boosting,2,0.25,1.0
3742,Random Forest,Gradient Boosting,3,0.42857142857142855,1.0
3744,Logistic Regression,Random Forest,4,0.6666666666666666,1.0
3744,Logistic Regression,Gradient Boosting,4,0.6666666666666666,1.0
3744,Random Forest,Gradient Boosting,4,0.6666666666666666,1.0
3753,Logistic Regression,Random Forest,3,0.42857142857142855,1.0
3753,Logistic Regression,Gradient Boosting,3,0.42857142857142855,1.0
3753,Random Forest,Gradient Boosting,4,0.6666666666666666,1.0
3756,Logistic Regression,Random Forest,2,0.25,1.0
3756,Logistic Regression,Gradient Boosting,2,0.25,1.0
3756,Random Forest,Gradient Boosting,5,1.0,1.0
3757,Logistic Regression,Random Forest,2,0.25,1.0
3757,Logistic Regression,Gradient Boosting,3,0.42857142857142855,1.0
3757,Random Forest,Gradient Boosting,3,0.42857142857142855,1.0
3758,Logistic Regression,Random Forest,2,0.25,1.0
3758,Logistic Regression,Gradient Boosting,2,0.25,0.5
3758,Random Forest,Gradient Boosting,4,0.6666666666666666,1.0
3760,Logistic Regression,Random Forest,2,0.25,1.0
3760,Logistic Regression,Gradient Boosting,3,0.42857142857142855,1.0
3760,Random Forest,Gradient Boosting,3,0.42857142857142855,1.0
3766,Logistic Regression,Random Forest,3,0.42857142857142855,1.0
3766,Logistic Regression,Gradient Boosting,4,0.6666666666666666,1.0
3766,Random Forest,Gradient Boosting,4,0.6666666666666666,1.0
3772,Logistic Regression,Random Forest,3,0.42857142857142855,1.0
3772,Logistic Regression,Gradient Boosting,4,0.6666666666666666,1.0
3772,Random Forest,Gradient Boosting,4,0.6666666666666666,1.0
3778,Logistic Regression,Random Forest,2,0.25,1.0
3778,Logistic Regression,Gradient Boosting,3,0.42857142857142855,1.0
3778,Random Forest,Gradient Boosting,3,0.42857142857142855,1.0
3781,Logistic Regression,Random Forest,3,0.42857142857142855,1.0
3781,Logistic Regression,Gradient Boosting,4,0.6666666666666666,1.0
3781,Random Forest,Gradient Boosting,4,0.6666666666666666,1.0
3782,Logistic Regression,Random Forest,3,0.42857142857142855,1.0
3782,Logistic Regression,Gradient Boosting,3,0.42857142857142855,1.0
3782,Random Forest,Gradient Boosting,5,1.0,1.0
3788,Logistic Regression,Random Forest,1,0.1111111111111111,1.0
3788,Logistic Regression,Gradient Boosting,3,0.42857142857142855,1.0
3788,Random Forest,Gradient Boosting,3,0.42857142857142855,1.0
3794,Logistic Regression,Random Forest,2,0.25,1.0
3794,Logistic Regression,Gradient Boosting,2,0.25,1.0
3794,Random Forest,Gradient Boosting,5,1.0,1.0
3803,Logistic Regression,Random Forest,4,0.6666666666666666,1.0
3803,Logistic Regression,Gradient Boosting,4,0.6666666666666666,1.0
3803,Random Forest,Gradient Boosting,3,0.42857142857142855,1.0
3806,Logistic Regression,Random Forest,3,0.42857142857142855,1.0
3806,Logistic Regression,Gradient Boosting,4,0.6666666666666666,1.0
3806,Random Forest,Gradient Boosting,4,0.6666666666666666,1.0
3819,Logistic Regression,Random Forest,4,0.6666666666666666,1.0
3819,Logistic Regression,Gradient Boosting,4,0.6666666666666666,1.0
3819,Random Forest,Gradient Boosting,4,0.6666666666666666,1.0
3823,Logistic Regression,Random Forest,2,0.25,1.0
3823,Logistic Regression,Gradient Boosting,3,0.42857142857142855,1.0
3823,Random Forest,Gradient Boosting,3,0.42857142857142855,1.0
3827,Logistic Regression,Random Forest,2,0.25,1.0
3827,Logistic Regression,Gradient Boosting,3,0.42857142857142855,1.0
3827,Random Forest,Gradient Boosting,3,0.42857142857142855,1.0
3837,Logistic Regression,Random Forest,2,0.25,1.0
3837,Logistic Regression,Gradient Boosting,3,0.42857142857142855,1.0
3837,Random Forest,Gradient Boosting,3,0.42857142857142855,1.0
3841,Logistic Regression,Random Forest,1,0.1111111111111111,1.0
3841,Logistic Regression,Gradient Boosting,3,0.42857142857142855,1.0
3841,Random Forest,Gradient Boosting,3,0.42857142857142855,1.0
3853,Logistic Regression,Random Forest,2,0.25,1.0
3853,Logistic Regression,Gradient Boosting,3,0.42857142857142855,1.0
3853,Random Forest,Gradient Boosting,3,0.42857142857142855,1.0
3859,Logistic Regression,Random Forest,3,0.42857142857142855,1.0
3859,Logistic Regression,Gradient Boosting,3,0.42857142857142855,1.0
3859,Random Forest,Gradient Boosting,4,0.6666666666666666,1.0
3861,Logistic Regression,Random Forest,4,0.6666666666666666,1.0
3861,Logistic Regression,Gradient Boosting,4,0.6666666666666666,1.0
3861,Random Forest,Gradient Boosting,4,0.6666666666666666,1.0
3867,Logistic Regression,Random Forest,2,0.25,1.0
3867,Logistic Regression,Gradient Boosting,2,0.25,1.0
3867,Random Forest,Gradient Boosting,4,0.6666666666666666,1.0
3868,Logistic Regression,Random Forest,2,0.25,0.5
3868,Logistic Regression,Gradient Boosting,2,0.25,0.5
3868,Random Forest,Gradient Boosting,5,1.0,1.0
3873,Logistic Regression,Random Forest,4,0.6666666666666666,1.0
3873,Logistic Regression,Gradient Boosting,4,0.6666666666666666,1.0
3873,Random Forest,Gradient Boosting,5,1.0,1.0
3886,Logistic Regression,Random Forest,4,0.6666666666666666,1.0
3886,Logistic Regression,Gradient Boosting,4,0.6666666666666666,1.0
3886,Random Forest,Gradient Boosting,4,0.6666666666666666,1.0
3902,Logistic Regression,Random Forest,2,0.25,0.5
3902,Logistic Regression,Gradient Boosting,3,0.42857142857142855,0.6666666666666666
3902,Random Forest,Gradient Boosting,4,0.6666666666666666,1.0
3904,Logistic Regression,Random Forest,4,0.6666666666666666,1.0
3904,Logistic Regression,Gradient Boosting,4,0.6666666666666666,1.0
3904,Random Forest,Gradient Boosting,4,0.6666666666666666,1.0
3926,Logistic Regression,Random Forest,2,0.25,1.0
3926,Logistic Regression,Gradient Boosting,2,0.25,1.0
3926,Random Forest,Gradient Boosting,3,0.42857142857142855,1.0
3934,Logistic Regression,Random Forest,5,1.0,0.8
3934,Logistic Regression,Gradient Boosting,4,0.6666666666666666,1.0
3934,Random Forest,Gradient Boosting,4,0.6666666666666666,1.0
3948,Logistic Regression,Random Forest,3,0.42857142857142855,1.0
3948,Logistic Regression,Gradient Boosting,3,0.42857142857142855,1.0
3948,Random Forest,Gradient Boosting,4,0.6666666666666666,1.0
3949,Logistic Regression,Random Forest,2,0.25,1.0
3949,Logistic Regression,Gradient Boosting,3,0.42857142857142855,1.0
3949,Random Forest,Gradient Boosting,3,0.42857142857142855,1.0
3957,Logistic Regression,Random Forest,1,0.1111111111111111,0.0
3957,Logistic Regression,Gradient Boosting,2,0.25,0.5
3957,Random Forest,Gradient Boosting,4,0.6666666666666666,1.0
3959,Logistic Regression,Random Forest,3,0.42857142857142855,1.0
3959,Logistic Regression,Gradient Boosting,4,0.6666666666666666,1.0
3959,Random Forest,Gradient Boosting,4,0.6666666666666666,1.0
3964,Logistic Regression,Random Forest,4,0.6666666666666666,1.0
3964,Logistic Regression,Gradient Boosting,4,0.6666666666666666,1.0
3964,Random Forest,Gradient Boosting,4,0.6666666666666666,1.0
3970,Logistic Regression,Random Forest,4,0.6666666666666666,1.0
3970,Logistic Regression,Gradient Boosting,4,0.6666666666666666,1.0
3970,Random Forest,Gradient Boosting,4,0.6666666666666666,1.0
3973,Logistic Regression,Random Forest,4,0.6666666666666666,1.0
3973,Logistic Regression,Gradient Boosting,3,0.42857142857142855,1.0
3973,Random Forest,Gradient Boosting,4,0.6666666666666666,1.0
3974,Logistic Regression,Random Forest,1,0.1111111111111111,1.0
3974,Logistic Regression,Gradient Boosting,2,0.25,1.0
3974,Random Forest,Gradient Boosting,4,0.6666666666666666,1.0
3975,Logistic Regression,Random Forest,3,0.42857142857142855,1.0
3975,Logistic Regression,Gradient Boosting,3,0.42857142857142855,1.0
3975,Random Forest,Gradient Boosting,4,0.6666666666666666,1.0
3987,Logistic Regression,Random Forest,3,0.42857142857142855,1.0
3987,Logistic Regression,Gradient Boosting,3,0.42857142857142855,1.0
3987,Random Forest,Gradient Boosting,3,0.42857142857142855,1.0
3994,Logistic Regression,Random Forest,2,0.25,1.0
3994,Logistic Regression,Gradient Boosting,3,0.42857142857142855,1.0
3994,Random Forest,Gradient Boosting,4,0.6666666666666666,1.0
3996,Logistic Regression,Random Forest,3,0.42857142857142855,1.0
3996,Logistic Regression,Gradient Boosting,4,0.6666666666666666,1.0
3996,Random Forest,Gradient Boosting,4,0.6666666666666666,1.0
3999,Logistic Regression,Random Forest,4,0.6666666666666666,1.0
3999,Logistic Regression,Gradient Boosting,3,0.42857142857142855,1.0
3999,Random Forest,Gradient Boosting,3,0.42857142857142855,1.0
4003,Logistic Regression,Random Forest,3,0.42857142857142855,1.0
4003,Logistic Regression,Gradient Boosting,3,0.42857142857142855,1.0
4003,Random Forest,Gradient Boosting,4,0.6666666666666666,1.0
4008,Logistic Regression,Random Forest,4,0.6666666666666666,1.0
4008,Logistic Regression,Gradient Boosting,4,0.6666666666666666,1.0
4008,Random Forest,Gradient Boosting,5,1.0,1.0
4020,Logistic Regression,Random Forest,3,0.42857142857142855,1.0
4020,Logistic Regression,Gradient Boosting,4,0.6666666666666666,1.0
4020,Random Forest,Gradient Boosting,4,0.6666666666666666,1.0
4021,Logistic Regression,Random Forest,2,0.25,1.0
4021,Logistic Regression,Gradient Boosting,3,0.42857142857142855,1.0
4021,Random Forest,Gradient Boosting,3,0.42857142857142855,1.0
4023,Logistic Regression,Random Forest,2,0.25,1.0
4023,Logistic Regression,Gradient Boosting,2,0.25,1.0
4023,Random Forest,Gradient Boosting,5,1.0,1.0
4027,Logistic Regression,Random Forest,2,0.25,1.0
4027,Logistic Regression,Gradient Boosting,2,0.25,1.0
4027,Random Forest,Gradient Boosting,4,0.6666666666666666,1.0
4030,Logistic Regression,Random Forest,2,0.25,1.0
4030,Logistic Regression,Gradient Boosting,2,0.25,1.0
4030,Random Forest,Gradient Boosting,4,0.6666666666666666,1.0
4032,Logistic Regression,Random Forest,2,0.25,1.0
4032,Logistic Regression,Gradient Boosting,2,0.25,1.0
4032,Random Forest,Gradient Boosting,3,0.42857142857142855,1.0
4038,Logistic Regression,Random Forest,2,0.25,1.0
4038,Logistic Regression,Gradient Boosting,3,0.42857142857142855,1.0
4038,Random Forest,Gradient Boosting,3,0.42857142857142855,1.0
4041,Logistic Regression,Random Forest,2,0.25,1.0
4041,Logistic Regression,Gradient Boosting,3,0.42857142857142855,1.0
4041,Random Forest,Gradient Boosting,4,0.6666666666666666,1.0
4054,Logistic Regression,Random Forest,2,0.25,1.0
4054,Logistic Regression,Gradient Boosting,3,0.42857142857142855,1.0
4054,Random Forest,Gradient Boosting,3,0.42857142857142855,1.0
4061,Logistic Regression,Random Forest,2,0.25,1.0
4061,Logistic Regression,Gradient Boosting,3,0.42857142857142855,1.0
4061,Random Forest,Gradient Boosting,4,0.6666666666666666,1.0
4075,Logistic Regression,Random Forest,4,0.6666666666666666,0.75
4075,Logistic Regression,Gradient Boosting,3,0.42857142857142855,1.0
4075,Random Forest,Gradient Boosting,3,0.42857142857142855,1.0
4078,Logistic Regression,Random Forest,3,0.42857142857142855,1.0
4078,Logistic Regression,Gradient Boosting,3,0.42857142857142855,1.0
4078,Random Forest,Gradient Boosting,3,0.42857142857142855,1.0
4081,Logistic Regression,Random Forest,3,0.42857142857142855,0.6666666666666666
4081,Logistic Regression,Gradient Boosting,4,0.6666666666666666,0.75
4081,Random Forest,Gradient Boosting,4,0.6666666666666666,1.0
4089,Logistic Regression,Random Forest,2,0.25,1.0
4089,Logistic Regression,Gradient Boosting,4,0.6666666666666666,1.0
4089,Random Forest,Gradient Boosting,3,0.42857142857142855,1.0
4090,Logistic Regression,Random Forest,4,0.6666666666666666,1.0
4090,Logistic Regression,Gradient Boosting,4,0.6666666666666666,1.0
4090,Random Forest,Gradient Boosting,4,0.6666666666666666,1.0
4093,Logistic Regression,Random Forest,3,0.42857142857142855,1.0
4093,Logistic Regression,Gradient Boosting,3,0.42857142857142855,1.0
4093,Random Forest,Gradient Boosting,5,1.0,1.0
4096,Logistic Regression,Random Forest,3,0.42857142857142855,1.0
4096,Logistic Regression,Gradient Boosting,3,0.42857142857142855,1.0
4096,Random Forest,Gradient Boosting,4,0.6666666666666666,1.0
4101,Logistic Regression,Random Forest,2,0.25,1.0
4101,Logistic Regression,Gradient Boosting,2,0.25,1.0
4101,Random Forest,Gradient Boosting,4,0.6666666666666666,1.0
4105,Logistic Regression,Random Forest,1,0.1111111111111111,1.0
4105,Logistic Regression,Gradient Boosting,1,0.1111111111111111,1.0
4105,Random Forest,Gradient Boosting,4,0.6666666666666666,1.0
4110,Logistic Regression,Random Forest,4,0.6666666666666666,1.0
4110,Logistic Regression,Gradient Boosting,4,0.6666666666666666,1.0
4110,Random Forest,Gradient Boosting,4,0.6666666666666666,1.0
4112,Logistic Regression,Random Forest,2,0.25,1.0
4112,Logistic Regression,Gradient Boosting,2,0.25,1.0
4112,Random Forest,Gradient Boosting,4,0.6666666666666666,1.0
4119,Logistic Regression,Random Forest,2,0.25,1.0
4119,Logistic Regression,Gradient Boosting,3,0.42857142857142855,1.0
4119,Random Forest,Gradient Boosting,4,0.6666666666666666,1.0
4124,Logistic Regression,Random Forest,3,0.42857142857142855,1.0
4124,Logistic Regression,Gradient Boosting,4,0.6666666666666666,1.0
4124,Random Forest,Gradient Boosting,3,0.42857142857142855,1.0
4125,Logistic Regression,Random Forest,3,0.42857142857142855,1.0
4125,Logistic Regression,Gradient Boosting,3,0.42857142857142855,1.0
4125,Random Forest,Gradient Boosting,4,0.6666666666666666,1.0
4126,Logistic Regression,Random Forest,2,0.25,0.5
4126,Logistic Regression,Gradient Boosting,2,0.25,0.5
4126,Random Forest,Gradient Boosting,5,1.0,1.0
4128,Logistic Regression,Random Forest,2,0.25,1.0
4128,Logistic Regression,Gradient Boosting,2,0.25,1.0
4128,Random Forest,Gradient Boosting,3,0.42857142857142855,1.0
4130,Logistic Regression,Random Forest,3,0.42857142857142855,1.0
4130,Logistic Regression,Gradient Boosting,3,0.42857142857142855,1.0
4130,Random Forest,Gradient Boosting,4,0.6666666666666666,1.0
4133,Logistic Regression,Random Forest,2,0.25,1.0
4133,Logistic Regression,Gradient Boosting,2,0.25,1.0
4133,Random Forest,Gradient Boosting,4,0.6666666666666666,1.0
4137,Logistic Regression,Random Forest,3,0.42857142857142855,1.0
4137,Logistic Regression,Gradient Boosting,3,0.42857142857142855,1.0
4137,Random Forest,Gradient Boosting,5,1.0,1.0
4140,Logistic Regression,Random Forest,2,0.25,1.0
4140,Logistic Regression,Gradient Boosting,4,0.6666666666666666,1.0
4140,Random Forest,Gradient Boosting,3,0.42857142857142855,1.0
4146,Logistic Regression,Random Forest,3,0.42857142857142855,1.0
4146,Logistic Regression,Gradient Boosting,3,0.42857142857142855,0.6666666666666666
4146,Random Forest,Gradient Boosting,4,0.6666666666666666,1.0
4149,Logistic Regression,Random Forest,2,0.25,1.0
4149,Logistic Regression,Gradient Boosting,4,0.6666666666666666,1.0
4149,Random Forest,Gradient Boosting,3,0.42857142857142855,1.0
4152,Logistic Regression,Random Forest,2,0.25,0.5
4152,Logistic Regression,Gradient Boosting,2,0.25,0.5
4152,Random Forest,Gradient Boosting,2,0.25,1.0
4159,Logistic Regression,Random Forest,3,0.42857142857142855,1.0
4159,Logistic Regression,Gradient Boosting,3,0.42857142857142855,1.0
4159,Random Forest,Gradient Boosting,4,0.6666666666666666,1.0
4161,Logistic Regression,Random Forest,2,0.25,1.0
4161,Logistic Regression,Gradient Boosting,2,0.25,1.0
4161,Random Forest,Gradient Boosting,4,0.6666666666666666,1.0
4163,Logistic Regression,Random Forest,3,0.42857142857142855,1.0
4163,Logistic Regression,Gradient Boosting,3,0.42857142857142855,1.0
4163,Random Forest,Gradient Boosting,5,1.0,1.0
4175,Logistic Regression,Random Forest,2,0.25,1.0
4175,Logistic Regression,Gradient Boosting,2,0.25,1.0
4175,Random Forest,Gradient Boosting,4,0.6666666666666666,1.0
4177,Logistic Regression,Random Forest,3,0.42857142857142855,1.0
4177,Logistic Regression,Gradient Boosting,3,0.42857142857142855,1.0
4177,Random Forest,Gradient Boosting,4,0.6666666666666666,1.0
4179,Logistic Regression,Random Forest,3,0.42857142857142855,1.0
4179,Logistic Regression,Gradient Boosting,3,0.42857142857142855,1.0
4179,Random Forest,Gradient Boosting,4,0.6666666666666666,1.0
4188,Logistic Regression,Random Forest,1,0.1111111111111111,1.0
4188,Logistic Regression,Gradient Boosting,2,0.25,1.0
4188,Random Forest,Gradient Boosting,4,0.6666666666666666,1.0
4189,Logistic Regression,Random Forest,2,0.25,1.0
4189,Logistic Regression,Gradient Boosting,2,0.25,1.0
4189,Random Forest,Gradient Boosting,4,0.6666666666666666,1.0
4195,Logistic Regression,Random Forest,2,0.25,1.0
4195,Logistic Regression,Gradient Boosting,3,0.42857142857142855,0.6666666666666666
4195,Random Forest,Gradient Boosting,4,0.6666666666666666,1.0
4199,Logistic Regression,Random Forest,2,0.25,1.0
4199,Logistic Regression,Gradient Boosting,3,0.42857142857142855,1.0
4199,Random Forest,Gradient Boosting,4,0.6666666666666666,1.0
4206,Logistic Regression,Random Forest,2,0.25,1.0
4206,Logistic Regression,Gradient Boosting,2,0.25,1.0
4206,Random Forest,Gradient Boosting,4,0.6666666666666666,1.0
4208,Logistic Regression,Random Forest,3,0.42857142857142855,1.0
4208,Logistic Regression,Gradient Boosting,4,0.6666666666666666,1.0
4208,Random Forest,Gradient Boosting,2,0.25,1.0
4215,Logistic Regression,Random Forest,3,0.42857142857142855,1.0
4215,Logistic Regression,Gradient Boosting,4,0.6666666666666666,1.0
4215,Random Forest,Gradient Boosting,2,0.25,1.0
4219,Logistic Regression,Random Forest,1,0.1111111111111111,1.0
4219,Logistic Regression,Gradient Boosting,2,0.25,1.0
4219,Random Forest,Gradient Boosting,3,0.42857142857142855,1.0
4220,Logistic Regression,Random Forest,5,1.0,1.0
4220,Logistic Regression,Gradient Boosting,5,1.0,1.0
4220,Random Forest,Gradient Boosting,5,1.0,1.0
4221,Logistic Regression,Random Forest,3,0.42857142857142855,1.0
4221,Logistic Regression,Gradient Boosting,3,0.42857142857142855,1.0
4221,Random Forest,Gradient Boosting,4,0.6666666666666666,1.0
4222,Logistic Regression,Random Forest,2,0.25,1.0
4222,Logistic Regression,Gradient Boosting,3,0.42857142857142855,1.0
4222,Random Forest,Gradient Boosting,4,0.6666666666666666,1.0
4226,Logistic Regression,Random Forest,2,0.25,1.0
4226,Logistic Regression,Gradient Boosting,3,0.42857142857142855,1.0
4226,Random Forest,Gradient Boosting,4,0.6666666666666666,1.0
4227,Logistic Regression,Random Forest,3,0.42857142857142855,1.0
4227,Logistic Regression,Gradient Boosting,4,0.6666666666666666,1.0
4227,Random Forest,Gradient Boosting,4,0.6666666666666666,1.0
4233,Logistic Regression,Random Forest,3,0.42857142857142855,1.0
4233,Logistic Regression,Gradient Boosting,3,0.42857142857142855,1.0
4233,Random Forest,Gradient Boosting,4,0.6666666666666666,1.0
4235,Logistic Regression,Random Forest,2,0.25,1.0
4235,Logistic Regression,Gradient Boosting,2,0.25,1.0
4235,Random Forest,Gradient Boosting,2,0.25,1.0
4242,Logistic Regression,Random Forest,3,0.42857142857142855,1.0
4242,Logistic Regression,Gradient Boosting,4,0.6666666666666666,1.0
4242,Random Forest,Gradient Boosting,4,0.6666666666666666,1.0
4244,Logistic Regression,Random Forest,2,0.25,1.0
4244,Logistic Regression,Gradient Boosting,3,0.42857142857142855,1.0
4244,Random Forest,Gradient Boosting,3,0.42857142857142855,1.0
4246,Logistic Regression,Random Forest,3,0.42857142857142855,1.0
4246,Logistic Regression,Gradient Boosting,3,0.42857142857142855,1.0
4246,Random Forest,Gradient Boosting,4,0.6666666666666666,1.0
4257,Logistic Regression,Random Forest,2,0.25,0.5
4257,Logistic Regression,Gradient Boosting,3,0.42857142857142855,0.6666666666666666
4257,Random Forest,Gradient Boosting,4,0.6666666666666666,1.0
4261,Logistic Regression,Random Forest,3,0.42857142857142855,1.0
4261,Logistic Regression,Gradient Boosting,4,0.6666666666666666,1.0
4261,Random Forest,Gradient Boosting,4,0.6666666666666666,1.0
4263,Logistic Regression,Random Forest,2,0.25,1.0
4263,Logistic Regression,Gradient Boosting,3,0.42857142857142855,1.0
4263,Random Forest,Gradient Boosting,3,0.42857142857142855,1.0
4265,Logistic Regression,Random Forest,2,0.25,1.0
4265,Logistic Regression,Gradient Boosting,2,0.25,1.0
4265,Random Forest,Gradient Boosting,4,0.6666666666666666,1.0
4268,Logistic Regression,Random Forest,1,0.1111111111111111,0.0
4268,Logistic Regression,Gradient Boosting,2,0.25,0.5
4268,Random Forest,Gradient Boosting,4,0.6666666666666666,1.0
4276,Logistic Regression,Random Forest,4,0.6666666666666666,1.0
4276,Logistic Regression,Gradient Boosting,4,0.6666666666666666,1.0
4276,Random Forest,Gradient Boosting,5,1.0,1.0
4278,Logistic Regression,Random Forest,3,0.42857142857142855,1.0
4278,Logistic Regression,Gradient Boosting,4,0.6666666666666666,1.0
4278,Random Forest,Gradient Boosting,4,0.6666666666666666,1.0
4283,Logistic Regression,Random Forest,4,0.6666666666666666,1.0
4283,Logistic Regression,Gradient Boosting,4,0.6666666666666666,1.0
4283,Random Forest,Gradient Boosting,4,0.6666666666666666,1.0
4284,Logistic Regression,Random Forest,3,0.42857142857142855,1.0
4284,Logistic Regression,Gradient Boosting,3,0.42857142857142855,1.0
4284,Random Forest,Gradient Boosting,4,0.6666666666666666,1.0
4286,Logistic Regression,Random Forest,1,0.1111111111111111,0.0
4286,Logistic Regression,Gradient Boosting,1,0.1111111111111111,0.0
4286,Random Forest,Gradient Boosting,3,0.42857142857142855,1.0
4288,Logistic Regression,Random Forest,4,0.6666666666666666,1.0
4288,Logistic Regression,Gradient Boosting,4,0.6666666666666666,1.0
4288,Random Forest,Gradient Boosting,5,1.0,1.0
4289,Logistic Regression,Random Forest,3,0.42857142857142855,1.0
4289,Logistic Regression,Gradient Boosting,4,0.6666666666666666,1.0
4289,Random Forest,Gradient Boosting,3,0.42857142857142855,1.0
4290,Logistic Regression,Random Forest,2,0.25,1.0
4290,Logistic Regression,Gradient Boosting,4,0.6666666666666666,1.0
4290,Random Forest,Gradient Boosting,3,0.42857142857142855,1.0
4292,Logistic Regression,Random Forest,3,0.42857142857142855,1.0
4292,Logistic Regression,Gradient Boosting,4,0.6666666666666666,1.0
4292,Random Forest,Gradient Boosting,3,0.42857142857142855,1.0
4294,Logistic Regression,Random Forest,2,0.25,1.0
4294,Logistic Regression,Gradient Boosting,3,0.42857142857142855,1.0
4294,Random Forest,Gradient Boosting,4,0.6666666666666666,1.0
4297,Logistic Regression,Random Forest,2,0.25,1.0
4297,Logistic Regression,Gradient Boosting,3,0.42857142857142855,1.0
4297,Random Forest,Gradient Boosting,3,0.42857142857142855,1.0
4298,Logistic Regression,Random Forest,3,0.42857142857142855,1.0
4298,Logistic Regression,Gradient Boosting,3,0.42857142857142855,1.0
4298,Random Forest,Gradient Boosting,4,0.6666666666666666,1.0
4299,Logistic Regression,Random Forest,2,0.25,1.0
4299,Logistic Regression,Gradient Boosting,2,0.25,1.0
4299,Random Forest,Gradient Boosting,4,0.6666666666666666,1.0
4301,Logistic Regression,Random Forest,4,0.6666666666666666,1.0
4301,Logistic Regression,Gradient Boosting,3,0.42857142857142855,1.0
4301,Random Forest,Gradient Boosting,3,0.42857142857142855,1.0
4305,Logistic Regression,Random Forest,1,0.1111111111111111,1.0
4305,Logistic Regression,Gradient Boosting,2,0.25,1.0
4305,Random Forest,Gradient Boosting,4,0.6666666666666666,1.0
4308,Logistic Regression,Random Forest,3,0.42857142857142855,1.0
4308,Logistic Regression,Gradient Boosting,4,0.6666666666666666,1.0
4308,Random Forest,Gradient Boosting,4,0.6666666666666666,1.0
4311,Logistic Regression,Random Forest,2,0.25,1.0
4311,Logistic Regression,Gradient Boosting,2,0.25,1.0
4311,Random Forest,Gradient Boosting,4,0.6666666666666666,1.0
4317,Logistic Regression,Random Forest,3,0.42857142857142855,1.0
4317,Logistic Regression,Gradient Boosting,3,0.42857142857142855,1.0
4317,Random Forest,Gradient Boosting,5,1.0,1.0
4318,Logistic Regression,Random Forest,3,0.42857142857142855,1.0
4318,Logistic Regression,Gradient Boosting,2,0.25,1.0
4318,Random Forest,Gradient Boosting,3,0.42857142857142855,1.0
4319,Logistic Regression,Random Forest,2,0.25,1.0
4319,Logistic Regression,Gradient Boosting,2,0.25,1.0
4319,Random Forest,Gradient Boosting,4,0.6666666666666666,1.0
4324,Logistic Regression,Random Forest,3,0.42857142857142855,1.0
4324,Logistic Regression,Gradient Boosting,3,0.42857142857142855,1.0
4324,Random Forest,Gradient Boosting,4,0.6666666666666666,1.0
4326,Logistic Regression,Random Forest,3,0.42857142857142855,1.0
4326,Logistic Regression,Gradient Boosting,3,0.42857142857142855,1.0
4326,Random Forest,Gradient Boosting,5,1.0,1.0
4332,Logistic Regression,Random Forest,1,0.1111111111111111,1.0
4332,Logistic Regression,Gradient Boosting,3,0.42857142857142855,1.0
4332,Random Forest,Gradient Boosting,2,0.25,1.0
4336,Logistic Regression,Random Forest,3,0.42857142857142855,1.0
4336,Logistic Regression,Gradient Boosting,3,0.42857142857142855,0.6666666666666666
4336,Random Forest,Gradient Boosting,4,0.6666666666666666,0.75
4337,Logistic Regression,Random Forest,2,0.25,0.5
4337,Logistic Regression,Gradient Boosting,3,0.42857142857142855,0.6666666666666666
4337,Random Forest,Gradient Boosting,4,0.6666666666666666,1.0
4338,Logistic Regression,Random Forest,3,0.42857142857142855,0.6666666666666666
4338,Logistic Regression,Gradient Boosting,4,0.6666666666666666,0.75
4338,Random Forest,Gradient Boosting,4,0.6666666666666666,1.0
4354,Logistic Regression,Random Forest,1,0.1111111111111111,1.0
4354,Logistic Regression,Gradient Boosting,2,0.25,1.0
4354,Random Forest,Gradient Boosting,3,0.42857142857142855,1.0
4356,Logistic Regression,Random Forest,4,0.6666666666666666,1.0
4356,Logistic Regression,Gradient Boosting,4,0.6666666666666666,1.0
4356,Random Forest,Gradient Boosting,4,0.6666666666666666,1.0
4357,Logistic Regression,Random Forest,4,0.6666666666666666,1.0
4357,Logistic Regression,Gradient Boosting,3,0.42857142857142855,1.0
4357,Random Forest,Gradient Boosting,4,0.6666666666666666,1.0
4366,Logistic Regression,Random Forest,1,0.1111111111111111,1.0
4366,Logistic Regression,Gradient Boosting,2,0.25,0.5
4366,Random Forest,Gradient Boosting,3,0.42857142857142855,1.0
4367,Logistic Regression,Random Forest,2,0.25,1.0
4367,Logistic Regression,Gradient Boosting,2,0.25,1.0
4367,Random Forest,Gradient Boosting,4,0.6666666666666666,1.0
4369,Logistic Regression,Random Forest,2,0.25,1.0
4369,Logistic Regression,Gradient Boosting,2,0.25,1.0
4369,Random Forest,Gradient Boosting,4,0.6666666666666666,1.0
4372,Logistic Regression,Random Forest,4,0.6666666666666666,0.75
4372,Logistic Regression,Gradient Boosting,4,0.6666666666666666,1.0
4372,Random Forest,Gradient Boosting,3,0.42857142857142855,1.0
4375,Logistic Regression,Random Forest,3,0.42857142857142855,1.0
4375,Logistic Regression,Gradient Boosting,3,0.42857142857142855,1.0
4375,Random Forest,Gradient Boosting,4,0.6666666666666666,1.0
4376,Logistic Regression,Random Forest,2,0.25,1.0
4376,Logistic Regression,Gradient Boosting,2,0.25,1.0
4376,Random Forest,Gradient Boosting,4,0.6666666666666666,1.0
4377,Logistic Regression,Random Forest,2,0.25,1.0
4377,Logistic Regression,Gradient Boosting,3,0.42857142857142855,1.0
4377,Random Forest,Gradient Boosting,2,0.25,1.0
4387,Logistic Regression,Random Forest,2,0.25,1.0
4387,Logistic Regression,Gradient Boosting,2,0.25,1.0
4387,Random Forest,Gradient Boosting,4,0.6666666666666666,1.0
4389,Logistic Regression,Random Forest,3,0.42857142857142855,1.0
4389,Logistic Regression,Gradient Boosting,3,0.42857142857142855,1.0
4389,Random Forest,Gradient Boosting,3,0.42857142857142855,1.0
4391,Logistic Regression,Random Forest,3,0.42857142857142855,1.0
4391,Logistic Regression,Gradient Boosting,3,0.42857142857142855,1.0
4391,Random Forest,Gradient Boosting,4,0.6666666666666666,1.0
4392,Logistic Regression,Random Forest,1,0.1111111111111111,1.0
4392,Logistic Regression,Gradient Boosting,2,0.25,1.0
4392,Random Forest,Gradient Boosting,3,0.42857142857142855,1.0
4396,Logistic Regression,Random Forest,3,0.42857142857142855,1.0
4396,Logistic Regression,Gradient Boosting,3,0.42857142857142855,1.0
4396,Random Forest,Gradient Boosting,4,0.6666666666666666,1.0
4413,Logistic Regression,Random Forest,1,0.1111111111111111,1.0
4413,Logistic Regression,Gradient Boosting,2,0.25,1.0
4413,Random Forest,Gradient Boosting,4,0.6666666666666666,1.0
4415,Logistic Regression,Random Forest,5,1.0,1.0
4415,Logistic Regression,Gradient Boosting,3,0.42857142857142855,1.0
4415,Random Forest,Gradient Boosting,3,0.42857142857142855,1.0
